order_id,product_id,category,price,quantity,order_date
1,P104,Grocery,1919,2,2025-10-28
2,P114,Clothing,371,1,2024-05-22
3,P103,Home,1197,2,2024-07-12
4,P100,Clothing,1988,1,2024-06-25
5,P114,Clothing,1390,3,2024-08-30
6,P113,Electronics,1989,5,2024-09-11
7,P113,Electronics,1746,4,2025-08-14
8,P103,Home,1582,1,2024-08-14
9,P103,Home,1701,3,2025-05-24
10,P109,Grocery,1408,5,2025-06-11
11,P102,Home,1156,1,2025-08-07
12,P113,Electronics,556,3,2024-11-20
13,P107,Grocery,919,2,2025-06-03
14,P106,Electronics,1501,5,2026-01-26
15,P107,Grocery,1857,4,2025-06-03
16,P106,Electronics,157,2,2025-02-18
17,P107,Grocery,1245,4,2025-06-19
18,P109,Grocery,1876,1,2024-11-25
19,P113,Electronics,1988,5,2024-05-25
20,P109,Grocery,604,2,2024-12-15
21,P106,Electronics,1266,5,2025-06-19
22,P109,Grocery,1293,1,2024-07-22
23,P100,Clothing,313,3,2025-01-19
24,P110,Grocery,1943,2,2024-10-28
25,P112,Clothing,1719,5,2024-10-19
26,P114,Clothing,750,5,2024-11-11
27,P113,Electronics,645,2,2024-11-28
28,P105,Grocery,566,4,2025-02-28
29,P113,Electronics,359,3,2026-04-06
30,P109,Grocery,1403,5,2025-05-28
31,P100,Clothing,1540,1,2024-08-20
32,P104,Grocery,1823,5,2024-11-11
33,P107,Grocery,612,2,2025-03-23
34,P105,Grocery,254,4,2025-04-04
35,P111,Home,637,4,2024-11-25
36,P114,Clothing,1383,1,2024-06-11
37,P106,Electronics,1798,4,2025-04-28
38,P113,Electronics,1274,2,2025-12-05
39,P112,Clothing,1708,3,2024-12-11
40,P104,Grocery,589,4,2025-07-28
41,P110,Grocery,690,4,2026-03-05
42,P110,Grocery,1402,1,2025-05-11
43,P105,Grocery,1000,5,2026-01-15
44,P102,Home,1293,3,2024-11-08
45,P112,Clothing,708,5,2025-01-24
46,P110,Grocery,1755,3,2024-08-25
47,P102,Home,637,4,2024-11-21
48,P112,Clothing,1911,2,2025-11-21
49,P103,Home,137,4,2024-05-17
50,P103,Home,836,2,2025-03-20
51,P105,Grocery,1648,5,2025-01-23
52,P113,Electronics,832,4,2025-06-23
53,P106,Electronics,1727,2,2025-10-10
54,P112,Clothing,880,5,2024-09-25
55,P112,Clothing,1229,3,2025-03-15
56,P109,Grocery,997,4,2024-06-19
57,P112,Clothing,1495,1,2025-12-06
58,P114,Clothing,639,4,2026-02-22
59,P113,Electronics,233,3,2024-10-23
60,P111,Home,1122,4,2026-01-09
61,P100,Clothing,658,1,2024-09-09
62,P105,Grocery,1869,1,2026-02-05
63,P108,Sports,1961,1,2025-12-13
64,P111,Home,1816,2,2025-08-22
65,P101,Electronics,237,4,2024-08-16
66,P109,Grocery,1703,2,2024-11-15
67,P109,Grocery,1440,2,2024-06-16
68,P109,Grocery,1180,4,2025-11-22
69,P112,Clothing,1361,5,2025-12-26
70,P109,Grocery,1552,4,2025-05-04
71,P108,Sports,1947,2,2024-10-30
72,P108,Sports,803,3,2025-05-26
73,P104,Grocery,668,4,2025-06-28
74,P104,Grocery,1072,2,2024-12-29
75,P100,Clothing,102,5,2025-01-28
76,P111,Home,513,5,2025-07-22
77,P106,Electronics,385,1,2025-11-13
78,P104,Grocery,1326,2,2025-05-05
79,P111,Home,1344,2,2025-01-17
80,P113,Electronics,1646,5,2025-03-19
81,P104,Grocery,1926,4,2024-08-26
82,P104,Grocery,504,1,2024-06-20
83,P107,Grocery,958,5,2025-01-06
84,P110,Grocery,524,4,2025-02-25
85,P107,Grocery,1365,5,2024-10-15
86,P104,Grocery,492,5,2024-05-16
87,P109,Grocery,1504,3,2025-06-06
88,P108,Sports,194,4,2026-04-10
89,P102,Home,659,5,2024-04-27
90,P112,Clothing,588,3,2024-06-12
91,P110,Grocery,1329,1,2025-07-03
92,P109,Grocery,502,5,2026-01-14
93,P100,Clothing,410,1,2025-01-07
94,P110,Grocery,1679,2,2025-03-30
95,P104,Grocery,742,2,2025-09-24
96,P114,Clothing,713,5,2024-05-05
97,P108,Sports,1575,3,2025-11-24
98,P114,Clothing,275,3,2026-03-24
99,P106,Electronics,1764,4,2024-05-11
100,P104,Grocery,235,4,2026-03-22
101,P101,Electronics,1755,5,2025-03-23
102,P107,Grocery,1714,4,2024-04-26
103,P108,Sports,974,3,2024-07-24
104,P108,Sports,579,3,2026-03-25
105,P109,Grocery,1618,4,2026-02-04
106,P107,Grocery,734,3,2025-06-19
107,P101,Electronics,1450,5,2026-01-15
108,P108,Sports,452,4,2026-04-07
109,P112,Clothing,525,2,2024-08-24
110,P113,Electronics,1383,1,2024-07-13
111,P114,Clothing,382,2,2025-05-14
112,P103,Home,501,4,2024-09-16
113,P110,Grocery,365,4,2025-08-03
114,P109,Grocery,724,5,2025-05-01
115,P107,Grocery,1340,1,2024-12-03
116,P105,Grocery,434,1,2025-12-05
117,P108,Sports,1037,5,2025-06-01
118,P106,Electronics,807,4,2025-07-27
119,P110,Grocery,1629,5,2024-05-30
120,P110,Grocery,1887,4,2025-08-21
121,P100,Clothing,367,4,2024-10-10
122,P108,Sports,618,1,2025-11-15
123,P112,Clothing,219,1,2024-09-27
124,P113,Electronics,1069,1,2026-03-31
125,P111,Home,1891,3,2025-09-06
126,P100,Clothing,1627,1,2025-05-29
127,P114,Clothing,544,3,2026-03-23
128,P113,Electronics,315,5,2025-04-18
129,P106,Electronics,420,1,2025-06-08
130,P114,Clothing,159,1,2025-06-08
131,P100,Clothing,1111,4,2026-01-23
132,P110,Grocery,1898,1,2025-12-01
133,P103,Home,434,5,2024-04-21
134,P107,Grocery,1855,1,2025-06-06
135,P103,Home,582,5,2024-09-01
136,P114,Clothing,803,4,2024-08-16
137,P102,Home,734,5,2024-07-12
138,P104,Grocery,1298,1,2025-04-04
139,P114,Clothing,1026,4,2026-02-18
140,P110,Grocery,860,1,2024-04-30
141,P106,Electronics,1235,4,2024-07-10
142,P107,Grocery,1323,4,2026-03-18
143,P103,Home,1428,4,2025-07-08
144,P103,Home,1459,3,2025-04-27
145,P108,Sports,1364,4,2025-04-07
146,P105,Grocery,431,1,2024-09-08
147,P103,Home,1833,3,2025-01-12
148,P111,Home,1190,2,2024-09-24
149,P108,Sports,122,3,2026-02-23
150,P105,Grocery,675,3,2024-08-26
151,P100,Clothing,545,5,2025-06-03
152,P101,Electronics,517,3,2025-11-29
153,P108,Sports,1829,3,2024-08-13
154,P102,Home,735,1,2025-11-07
155,P105,Grocery,928,3,2024-11-23
156,P106,Electronics,1488,4,2025-05-04
157,P104,Grocery,1224,5,2025-07-08
158,P108,Sports,173,4,2025-08-16
159,P101,Electronics,567,3,2025-08-31
160,P109,Grocery,1546,1,2024-11-19
161,P100,Clothing,1117,2,2026-02-01
162,P106,Electronics,104,3,2024-09-18
163,P105,Grocery,1052,3,2025-06-20
164,P112,Clothing,1708,2,2025-04-12
165,P102,Home,1546,2,2024-07-29
166,P104,Grocery,1830,4,2024-06-02
167,P112,Clothing,1460,3,2025-01-10
168,P102,Home,1658,5,2025-08-29
169,P104,Grocery,1285,3,2024-10-05
170,P114,Clothing,401,1,2026-02-17
171,P114,Clothing,337,1,2025-03-18
172,P111,Home,816,2,2025-05-08
173,P114,Clothing,1968,3,2026-02-13
174,P103,Home,1412,5,2024-06-20
175,P108,Sports,1218,2,2024-10-28
176,P109,Grocery,120,1,2026-03-07
177,P106,Electronics,1624,2,2025-02-10
178,P103,Home,879,3,2025-07-16
179,P103,Home,944,5,2025-08-18
180,P109,Grocery,1275,5,2024-10-24
181,P102,Home,1151,5,2026-04-15
182,P101,Electronics,1840,2,2024-12-18
183,P110,Grocery,840,5,2025-09-26
184,P101,Electronics,1124,2,2025-10-25
185,P108,Sports,574,1,2025-11-12
186,P109,Grocery,552,2,2026-04-17
187,P102,Home,1587,4,2025-08-10
188,P102,Home,1557,2,2025-01-27
189,P108,Sports,1208,2,2024-05-29
190,P110,Grocery,1498,2,2025-05-31
191,P106,Electronics,1428,5,2025-06-06
192,P111,Home,920,5,2024-11-01
193,P105,Grocery,986,1,2024-07-07
194,P109,Grocery,553,4,2024-12-13
195,P101,Electronics,507,4,2024-07-12
196,P102,Home,1456,3,2025-07-18
197,P111,Home,1805,1,2026-04-13
198,P107,Grocery,362,5,2025-05-16
199,P103,Home,531,4,2024-11-09
200,P108,Sports,1694,4,2024-06-11
201,P111,Home,1016,5,2026-02-23
202,P101,Electronics,1255,2,2024-09-20
203,P111,Home,1627,1,2026-03-19
204,P103,Home,226,4,2025-01-18
205,P112,Clothing,120,2,2026-01-13
206,P101,Electronics,527,4,2024-04-22
207,P109,Grocery,115,4,2026-03-11
208,P104,Grocery,743,4,2024-06-23
209,P112,Clothing,1169,5,2026-03-25
210,P107,Grocery,1743,2,2024-09-26
211,P105,Grocery,1348,5,2025-07-08
212,P100,Clothing,746,4,2025-09-24
213,P102,Home,1759,1,2025-01-28
214,P114,Clothing,1830,4,2025-09-12
215,P107,Grocery,278,1,2024-09-29
216,P103,Home,1568,3,2026-01-02
217,P108,Sports,1578,2,2025-06-09
218,P108,Sports,1262,3,2025-01-16
219,P113,Electronics,1643,1,2025-12-19
220,P100,Clothing,1599,4,2024-06-05
221,P111,Home,1103,2,2024-09-15
222,P100,Clothing,1879,5,2025-02-19
223,P109,Grocery,1481,2,2025-07-04
224,P102,Home,498,5,2025-07-14
225,P111,Home,561,2,2025-04-30
226,P104,Grocery,866,3,2025-05-01
227,P110,Grocery,1118,3,2025-04-20
228,P101,Electronics,953,5,2026-03-14
229,P105,Grocery,670,1,2025-10-03
230,P113,Electronics,1211,2,2025-08-05
231,P110,Grocery,1478,4,2025-05-05
232,P113,Electronics,143,4,2025-07-02
233,P107,Grocery,258,4,2024-11-16
234,P106,Electronics,1575,4,2024-11-23
235,P104,Grocery,222,4,2024-09-01
236,P100,Clothing,1592,3,2024-09-24
237,P110,Grocery,367,5,2024-11-18
238,P114,Clothing,1788,4,2025-11-10
239,P105,Grocery,1052,2,2025-05-23
240,P104,Grocery,854,2,2024-12-15
241,P110,Grocery,426,2,2024-07-10
242,P107,Grocery,1062,5,2025-01-17
243,P103,Home,1579,5,2025-05-27
244,P105,Grocery,499,1,2026-01-05
245,P103,Home,886,4,2024-04-30
246,P101,Electronics,416,3,2025-04-02
247,P106,Electronics,226,2,2024-10-16
248,P107,Grocery,1732,1,2025-05-21
249,P114,Clothing,1574,2,2025-04-16
250,P110,Grocery,324,1,2026-03-14
251,P108,Sports,1597,1,2025-09-08
252,P102,Home,310,2,2024-11-25
253,P103,Home,1257,4,2024-12-18
254,P102,Home,248,1,2026-01-24
255,P112,Clothing,560,5,2025-11-21
256,P108,Sports,696,2,2026-03-04
257,P113,Electronics,457,4,2025-03-16
258,P100,Clothing,1059,3,2025-08-10
259,P105,Grocery,910,5,2024-06-24
260,P108,Sports,201,3,2025-10-22
261,P104,Grocery,1402,3,2024-11-18
262,P109,Grocery,1364,3,2025-11-11
263,P112,Clothing,1370,2,2024-07-24
264,P109,Grocery,398,1,2024-10-22
265,P104,Grocery,1493,5,2025-02-24
266,P111,Home,964,1,2025-11-27
267,P110,Grocery,781,5,2024-10-23
268,P104,Grocery,1633,2,2024-05-02
269,P101,Electronics,1986,5,2025-04-18
270,P112,Clothing,255,4,2024-07-25
271,P101,Electronics,1293,1,2024-10-24
272,P106,Electronics,1795,4,2024-06-09
273,P104,Grocery,173,5,2024-06-02
274,P114,Clothing,1838,2,2024-12-17
275,P101,Electronics,1561,5,2024-11-03
276,P104,Grocery,1120,4,2025-07-12
277,P104,Grocery,1063,1,2025-06-12
278,P104,Grocery,717,5,2026-01-24
279,P108,Sports,1893,5,2025-03-12
280,P111,Home,761,2,2024-09-01
281,P105,Grocery,1109,5,2024-11-08
282,P103,Home,680,1,2025-01-23
283,P103,Home,963,1,2025-07-23
284,P107,Grocery,1729,5,2026-02-13
285,P105,Grocery,1953,2,2024-10-20
286,P108,Sports,453,3,2024-05-16
287,P100,Clothing,210,3,2024-08-12
288,P110,Grocery,1241,1,2024-10-30
289,P113,Electronics,1803,5,2025-10-07
290,P109,Grocery,785,5,2026-02-26
291,P108,Sports,1708,1,2024-10-03
292,P102,Home,334,1,2025-10-25
293,P114,Clothing,601,2,2025-11-26
294,P114,Clothing,447,2,2024-05-31
295,P107,Grocery,1515,5,2024-09-27
296,P106,Electronics,465,5,2024-07-05
297,P114,Clothing,571,3,2025-07-30
298,P113,Electronics,1977,2,2025-07-21
299,P108,Sports,828,5,2025-02-15
300,P114,Clothing,1514,4,2025-02-24
301,P113,Electronics,1987,4,2025-03-02
302,P113,Electronics,1014,3,2024-06-21
303,P110,Grocery,1036,3,2024-09-23
304,P102,Home,509,5,2026-03-09
305,P102,Home,622,2,2026-03-02
306,P101,Electronics,1985,3,2025-05-09
307,P102,Home,1167,5,2025-01-21
308,P102,Home,1289,3,2025-11-29
309,P109,Grocery,1364,2,2024-09-20
310,P107,Grocery,1111,1,2024-11-03
311,P111,Home,524,5,2025-06-18
312,P113,Electronics,418,2,2025-10-27
313,P113,Electronics,352,2,2024-09-19
314,P108,Sports,1811,1,2024-04-23
315,P113,Electronics,406,2,2024-11-04
316,P108,Sports,1888,1,2025-12-11
317,P109,Grocery,997,4,2024-07-12
318,P113,Electronics,676,2,2024-08-12
319,P105,Grocery,1212,5,2025-01-06
320,P103,Home,399,2,2025-11-24
321,P107,Grocery,1423,3,2025-01-21
322,P102,Home,1971,4,2026-02-04
323,P104,Grocery,1406,5,2024-10-03
324,P106,Electronics,1689,4,2024-09-11
325,P109,Grocery,1698,5,2025-09-13
326,P104,Grocery,1215,4,2024-10-18
327,P105,Grocery,380,1,2025-07-25
328,P114,Clothing,701,1,2025-12-25
329,P110,Grocery,1546,2,2025-05-07
330,P112,Clothing,445,3,2024-08-23
331,P102,Home,1414,4,2025-05-08
332,P110,Grocery,993,1,2024-12-31
333,P107,Grocery,881,5,2024-06-06
334,P100,Clothing,1813,2,2025-10-28
335,P102,Home,1112,3,2025-07-13
336,P110,Grocery,912,1,2024-04-29
337,P110,Grocery,1616,5,2025-05-23
338,P114,Clothing,1447,3,2026-04-04
339,P101,Electronics,1828,4,2025-03-31
340,P105,Grocery,102,1,2024-06-13
341,P109,Grocery,218,2,2025-02-26
342,P112,Clothing,1578,3,2024-08-26
343,P110,Grocery,983,1,2024-08-09
344,P100,Clothing,985,2,2024-12-17
345,P109,Grocery,431,5,2025-04-16
346,P101,Electronics,1472,4,2025-11-30
347,P105,Grocery,322,4,2025-10-09
348,P102,Home,581,4,2024-12-03
349,P106,Electronics,650,5,2024-06-12
350,P114,Clothing,1791,3,2024-12-10
351,P114,Clothing,972,1,2024-06-19
352,P114,Clothing,1487,2,2026-03-03
353,P106,Electronics,1630,4,2024-05-28
354,P111,Home,1409,4,2024-08-17
355,P114,Clothing,1728,1,2025-04-05
356,P103,Home,1660,5,2025-02-21
357,P113,Electronics,1972,1,2026-02-10
358,P106,Electronics,1276,3,2026-03-12
359,P112,Clothing,617,1,2025-05-16
360,P108,Sports,1737,5,2025-01-06
361,P105,Grocery,1965,3,2025-09-16
362,P110,Grocery,763,1,2025-12-23
363,P112,Clothing,1202,1,2026-02-07
364,P114,Clothing,919,4,2024-10-11
365,P101,Electronics,1838,1,2025-04-13
366,P102,Home,669,2,2026-02-22
367,P105,Grocery,1749,3,2024-05-05
368,P111,Home,1836,5,2024-08-30
369,P103,Home,628,4,2025-10-28
370,P102,Home,1018,2,2024-11-14
371,P108,Sports,667,3,2025-09-11
372,P102,Home,1080,1,2025-06-28
373,P112,Clothing,1826,5,2025-03-24
374,P104,Grocery,1113,3,2025-08-24
375,P113,Electronics,1340,3,2024-09-11
376,P110,Grocery,187,5,2024-11-07
377,P114,Clothing,741,5,2024-12-11
378,P104,Grocery,615,5,2026-02-25
379,P104,Grocery,273,4,2025-12-16
380,P110,Grocery,928,4,2025-01-13
381,P102,Home,255,2,2024-09-03
382,P104,Grocery,1314,3,2024-05-29
383,P113,Electronics,600,4,2024-08-30
384,P101,Electronics,1528,5,2025-06-07
385,P113,Electronics,962,1,2024-12-25
386,P112,Clothing,991,2,2024-11-12
387,P102,Home,1508,5,2024-05-05
388,P111,Home,1547,5,2025-03-30
389,P108,Sports,817,4,2024-12-10
390,P102,Home,1282,4,2024-06-17
391,P101,Electronics,573,1,2025-03-06
392,P100,Clothing,1959,2,2024-12-08
393,P104,Grocery,1793,5,2024-11-20
394,P107,Grocery,1282,1,2026-01-31
395,P106,Electronics,957,3,2025-01-13
396,P109,Grocery,1296,5,2025-09-13
397,P111,Home,1706,1,2025-03-14
398,P107,Grocery,1447,5,2025-12-07
399,P101,Electronics,1339,3,2025-03-17
400,P112,Clothing,1966,5,2025-06-11
401,P113,Electronics,570,5,2025-11-02
402,P105,Grocery,469,3,2025-04-03
403,P106,Electronics,1097,2,2025-11-29
404,P112,Clothing,332,5,2024-05-09
405,P102,Home,1261,5,2025-07-13
406,P111,Home,188,5,2024-08-20
407,P109,Grocery,251,2,2025-04-06
408,P114,Clothing,1624,1,2024-09-23
409,P110,Grocery,521,5,2024-04-29
410,P104,Grocery,1810,3,2025-08-18
411,P101,Electronics,1201,1,2025-01-30
412,P110,Grocery,929,1,2026-02-22
413,P101,Electronics,1805,4,2024-11-11
414,P106,Electronics,1157,2,2025-03-01
415,P109,Grocery,262,5,2024-09-13
416,P110,Grocery,1371,4,2025-09-12
417,P107,Grocery,1914,3,2025-07-30
418,P106,Electronics,1933,1,2024-08-07
419,P103,Home,1626,5,2025-03-26
420,P112,Clothing,267,3,2026-01-10
421,P109,Grocery,1878,1,2025-07-19
422,P107,Grocery,608,2,2025-03-10
423,P101,Electronics,1623,2,2024-10-14
424,P102,Home,560,2,2024-08-21
425,P102,Home,564,2,2025-10-02
426,P103,Home,573,5,2025-12-11
427,P106,Electronics,1181,3,2024-07-06
428,P109,Grocery,1738,3,2025-01-07
429,P104,Grocery,177,3,2024-08-17
430,P100,Clothing,1662,1,2025-12-31
431,P108,Sports,1713,2,2025-01-13
432,P112,Clothing,112,2,2024-10-06
433,P113,Electronics,116,2,2024-09-20
434,P102,Home,1947,3,2026-04-02
435,P103,Home,1134,2,2024-04-21
436,P111,Home,1902,5,2025-04-28
437,P106,Electronics,1686,2,2024-11-08
438,P111,Home,711,4,2024-05-31
439,P111,Home,811,5,2025-09-06
440,P103,Home,1351,4,2024-09-09
441,P102,Home,1336,5,2025-06-25
442,P114,Clothing,744,2,2025-07-04
443,P105,Grocery,1469,1,2025-04-23
444,P103,Home,854,2,2025-10-17
445,P102,Home,1746,2,2026-01-24
446,P101,Electronics,801,5,2025-03-05
447,P114,Clothing,965,5,2024-06-18
448,P103,Home,1909,1,2024-09-24
449,P101,Electronics,682,2,2026-02-03
450,P106,Electronics,1853,2,2025-07-26
451,P103,Home,496,2,2026-03-12
452,P106,Electronics,881,5,2025-09-28
453,P112,Clothing,1330,5,2024-05-19
454,P107,Grocery,1786,5,2024-10-31
455,P100,Clothing,1765,5,2024-09-25
456,P108,Sports,1035,1,2026-03-15
457,P101,Electronics,125,1,2025-01-09
458,P106,Electronics,729,2,2025-03-27
459,P104,Grocery,1335,3,2025-08-14
460,P108,Sports,1227,4,2025-07-03
461,P105,Grocery,1337,5,2025-08-08
462,P100,Clothing,442,2,2025-02-09
463,P106,Electronics,193,1,2024-12-24
464,P103,Home,761,4,2026-04-13
465,P108,Sports,1258,2,2025-04-12
466,P101,Electronics,285,3,2024-07-10
467,P109,Grocery,355,2,2024-12-30
468,P114,Clothing,612,3,2025-03-17
469,P109,Grocery,1594,2,2025-05-14
470,P113,Electronics,329,2,2025-07-01
471,P102,Home,1633,5,2024-05-25
472,P114,Clothing,919,2,2025-04-25
473,P112,Clothing,1044,2,2025-09-15
474,P102,Home,983,4,2024-09-30
475,P106,Electronics,838,5,2024-08-31
476,P108,Sports,435,2,2025-05-06
477,P105,Grocery,611,3,2025-01-03
478,P108,Sports,124,5,2025-09-30
479,P113,Electronics,484,3,2025-07-15
480,P111,Home,1800,3,2024-06-02
481,P114,Clothing,1898,2,2024-11-14
482,P109,Grocery,959,2,2024-12-01
483,P112,Clothing,1118,3,2025-03-19
484,P110,Grocery,779,3,2025-07-21
485,P111,Home,933,5,2024-10-17
486,P110,Grocery,473,5,2024-08-08
487,P108,Sports,1874,1,2024-10-17
488,P102,Home,106,3,2026-02-24
489,P108,Sports,1386,4,2025-06-08
490,P105,Grocery,646,4,2025-04-19
491,P112,Clothing,377,1,2024-06-23
492,P103,Home,115,1,2024-08-28
493,P114,Clothing,1910,5,2024-06-30
494,P110,Grocery,1846,4,2026-03-25
495,P109,Grocery,514,2,2025-12-11
496,P100,Clothing,1064,4,2025-08-21
497,P113,Electronics,1377,3,2024-06-26
498,P108,Sports,836,4,2026-03-27
499,P111,Home,405,4,2024-05-27
500,P113,Electronics,1002,4,2025-11-15
501,P105,Grocery,537,5,2025-12-24
502,P103,Home,1777,3,2025-03-22
503,P108,Sports,971,5,2025-12-21
504,P105,Grocery,371,2,2025-12-06
505,P104,Grocery,1433,2,2025-05-24
506,P110,Grocery,1774,2,2024-04-28
507,P113,Electronics,936,3,2025-06-05
508,P109,Grocery,319,1,2024-10-17
509,P106,Electronics,1607,2,2025-09-25
510,P103,Home,1153,5,2025-12-08
511,P111,Home,1311,3,2024-11-16
512,P104,Grocery,1413,2,2024-09-17
513,P104,Grocery,208,4,2026-03-05
514,P101,Electronics,1068,5,2025-05-11
515,P101,Electronics,1762,4,2024-12-07
516,P108,Sports,1865,5,2024-11-16
517,P105,Grocery,1094,2,2025-11-01
518,P102,Home,301,3,2025-11-22
519,P102,Home,875,1,2026-03-14
520,P111,Home,417,5,2024-10-10
521,P107,Grocery,252,4,2026-01-11
522,P110,Grocery,1616,1,2026-01-28
523,P108,Sports,710,2,2025-12-08
524,P107,Grocery,1445,2,2025-02-28
525,P109,Grocery,478,3,2025-06-24
526,P110,Grocery,1141,1,2025-08-01
527,P104,Grocery,604,3,2024-07-09
528,P100,Clothing,1823,1,2025-06-03
529,P105,Grocery,740,2,2025-11-08
530,P103,Home,565,3,2025-01-14
531,P101,Electronics,1335,4,2024-08-18
532,P111,Home,661,4,2025-07-11
533,P109,Grocery,110,3,2025-01-28
534,P103,Home,872,5,2025-07-31
535,P111,Home,1274,2,2025-04-22
536,P101,Electronics,684,2,2025-03-30
537,P103,Home,648,5,2024-07-10
538,P113,Electronics,1697,1,2025-08-22
539,P109,Grocery,1435,1,2024-08-13
540,P113,Electronics,1458,5,2024-05-18
541,P101,Electronics,972,2,2026-01-07
542,P108,Sports,327,5,2026-03-14
543,P101,Electronics,1589,1,2025-02-14
544,P109,Grocery,156,1,2025-10-17
545,P106,Electronics,122,4,2025-03-20
546,P101,Electronics,304,4,2025-01-12
547,P102,Home,519,2,2024-05-29
548,P104,Grocery,439,1,2024-11-08
549,P106,Electronics,380,1,2024-06-22
550,P106,Electronics,1411,4,2025-08-04
551,P110,Grocery,706,2,2024-06-30
552,P109,Grocery,1780,4,2024-10-14
553,P105,Grocery,157,4,2024-12-21
554,P107,Grocery,468,4,2025-11-18
555,P107,Grocery,1531,4,2025-12-16
556,P113,Electronics,108,4,2024-08-08
557,P104,Grocery,438,4,2025-06-04
558,P106,Electronics,1631,1,2025-09-21
559,P107,Grocery,110,2,2024-12-16
560,P109,Grocery,1000,4,2024-08-27
561,P108,Sports,896,2,2026-03-08
562,P101,Electronics,1597,3,2025-10-12
563,P110,Grocery,1872,4,2024-05-07
564,P102,Home,1481,1,2024-05-06
565,P114,Clothing,373,5,2024-10-04
566,P108,Sports,773,3,2025-11-11
567,P100,Clothing,1139,1,2024-08-21
568,P105,Grocery,1108,3,2024-11-17
569,P110,Grocery,1455,2,2025-05-23
570,P103,Home,1142,1,2025-07-27
571,P105,Grocery,880,2,2024-07-19
572,P114,Clothing,605,4,2024-11-06
573,P105,Grocery,1524,3,2024-11-18
574,P105,Grocery,607,1,2024-08-20
575,P104,Grocery,1964,5,2024-12-12
576,P101,Electronics,1140,4,2025-11-09
577,P103,Home,1990,3,2024-08-20
578,P111,Home,1553,1,2024-08-06
579,P112,Clothing,1253,1,2025-01-07
580,P102,Home,1371,2,2025-11-17
581,P104,Grocery,650,3,2025-06-19
582,P104,Grocery,1219,1,2025-08-27
583,P106,Electronics,444,2,2024-12-20
584,P113,Electronics,711,4,2024-06-23
585,P102,Home,1920,2,2024-12-22
586,P112,Clothing,1802,4,2024-06-15
587,P106,Electronics,1968,3,2024-06-13
588,P114,Clothing,1106,2,2025-04-06
589,P112,Clothing,1202,3,2025-05-10
590,P107,Grocery,851,5,2025-01-03
591,P100,Clothing,646,5,2024-05-14
592,P102,Home,1470,4,2025-02-09
593,P106,Electronics,1856,5,2024-12-14
594,P109,Grocery,305,5,2025-11-26
595,P100,Clothing,1595,1,2025-05-19
596,P103,Home,1911,2,2025-10-12
597,P106,Electronics,1683,2,2025-04-28
598,P110,Grocery,1114,2,2026-03-10
599,P114,Clothing,1184,1,2025-07-22
600,P102,Home,1659,4,2026-02-09
601,P114,Clothing,455,3,2025-02-25
602,P110,Grocery,1989,2,2026-01-13
603,P113,Electronics,744,3,2025-08-10
604,P110,Grocery,1990,2,2025-03-13
605,P104,Grocery,796,5,2024-08-11
606,P107,Grocery,1133,5,2025-05-12
607,P112,Clothing,1964,2,2024-10-17
608,P106,Electronics,1270,1,2025-11-19
609,P104,Grocery,1915,4,2025-04-24
610,P104,Grocery,451,3,2025-09-29
611,P107,Grocery,1384,2,2024-05-26
612,P102,Home,885,3,2025-01-14
613,P107,Grocery,1315,3,2025-08-29
614,P108,Sports,998,5,2026-03-19
615,P109,Grocery,985,1,2025-09-16
616,P107,Grocery,968,4,2024-09-11
617,P100,Clothing,652,4,2025-09-02
618,P106,Electronics,941,3,2026-01-23
619,P103,Home,1309,4,2025-10-06
620,P104,Grocery,398,4,2026-02-07
621,P103,Home,1837,1,2024-08-03
622,P108,Sports,1603,4,2025-01-05
623,P111,Home,788,5,2025-10-11
624,P114,Clothing,1618,2,2024-07-22
625,P110,Grocery,1904,2,2025-05-11
626,P109,Grocery,1617,5,2025-07-21
627,P106,Electronics,1543,5,2024-10-09
628,P114,Clothing,268,2,2024-09-28
629,P104,Grocery,1446,1,2026-01-17
630,P101,Electronics,163,1,2025-07-27
631,P103,Home,580,3,2025-09-26
632,P108,Sports,739,2,2025-12-24
633,P103,Home,856,5,2024-05-21
634,P101,Electronics,901,3,2025-06-23
635,P110,Grocery,1657,4,2025-10-22
636,P105,Grocery,788,2,2025-04-01
637,P105,Grocery,624,1,2024-05-08
638,P103,Home,1546,1,2024-06-27
639,P112,Clothing,1843,1,2024-11-09
640,P107,Grocery,1943,4,2024-11-02
641,P112,Clothing,208,2,2025-05-09
642,P106,Electronics,1284,1,2026-04-04
643,P110,Grocery,435,5,2025-12-29
644,P109,Grocery,973,5,2026-01-22
645,P109,Grocery,1030,2,2025-08-01
646,P101,Electronics,292,1,2024-05-14
647,P112,Clothing,475,4,2025-01-07
648,P112,Clothing,1153,5,2026-01-18
649,P112,Clothing,560,5,2025-02-20
650,P109,Grocery,1534,1,2025-02-22
651,P109,Grocery,220,2,2026-04-04
652,P109,Grocery,149,3,2024-06-04
653,P110,Grocery,1192,4,2025-09-10
654,P104,Grocery,1472,4,2025-04-13
655,P110,Grocery,1537,4,2025-08-04
656,P114,Clothing,337,5,2024-09-09
657,P109,Grocery,1118,2,2025-02-25
658,P103,Home,1827,5,2024-11-16
659,P105,Grocery,1271,4,2025-08-23
660,P104,Grocery,1562,4,2025-10-20
661,P101,Electronics,1671,4,2024-09-01
662,P114,Clothing,1226,5,2025-12-11
663,P106,Electronics,1670,1,2024-05-27
664,P107,Grocery,1327,4,2024-05-09
665,P102,Home,1515,5,2026-01-25
666,P102,Home,339,2,2026-01-02
667,P107,Grocery,539,2,2025-03-20
668,P102,Home,241,4,2026-03-25
669,P105,Grocery,874,3,2025-03-16
670,P110,Grocery,1025,2,2024-09-20
671,P100,Clothing,918,5,2025-07-30
672,P112,Clothing,1519,2,2024-05-14
673,P104,Grocery,774,3,2025-03-12
674,P111,Home,1467,4,2025-05-17
675,P101,Electronics,1876,3,2024-11-23
676,P107,Grocery,728,3,2025-04-25
677,P107,Grocery,1148,5,2024-04-24
678,P104,Grocery,509,3,2025-04-27
679,P109,Grocery,719,3,2024-09-17
680,P100,Clothing,812,4,2025-02-28
681,P102,Home,722,2,2025-12-11
682,P109,Grocery,953,5,2024-08-23
683,P110,Grocery,1261,1,2025-04-21
684,P101,Electronics,714,1,2024-10-24
685,P114,Clothing,411,2,2025-12-24
686,P100,Clothing,671,3,2025-02-11
687,P111,Home,419,2,2024-11-28
688,P109,Grocery,345,3,2024-05-30
689,P113,Electronics,1123,5,2025-03-08
690,P105,Grocery,283,2,2024-12-30
691,P100,Clothing,373,2,2024-10-14
692,P114,Clothing,1141,1,2025-12-13
693,P104,Grocery,1505,5,2025-10-29
694,P106,Electronics,1330,5,2024-06-18
695,P114,Clothing,108,2,2025-11-30
696,P110,Grocery,514,1,2026-02-16
697,P103,Home,1390,1,2025-07-05
698,P109,Grocery,262,3,2024-06-29
699,P106,Electronics,149,2,2025-06-03
700,P100,Clothing,434,2,2025-04-07
701,P112,Clothing,1022,1,2024-05-25
702,P102,Home,1830,1,2026-01-15
703,P108,Sports,250,4,2026-02-02
704,P103,Home,1570,2,2024-10-21
705,P101,Electronics,1759,3,2024-12-26
706,P102,Home,659,5,2024-05-23
707,P113,Electronics,1233,4,2025-01-06
708,P105,Grocery,209,3,2025-12-05
709,P111,Home,134,4,2025-05-07
710,P108,Sports,899,5,2026-02-04
711,P114,Clothing,641,3,2025-12-01
712,P110,Grocery,1171,1,2024-06-05
713,P108,Sports,956,3,2025-09-19
714,P114,Clothing,1331,5,2025-07-19
715,P113,Electronics,445,3,2025-12-06
716,P102,Home,1670,5,2025-05-01
717,P105,Grocery,715,4,2025-01-12
718,P111,Home,1513,1,2026-03-31
719,P106,Electronics,885,4,2025-10-14
720,P109,Grocery,293,5,2024-06-10
721,P109,Grocery,1486,5,2026-03-21
722,P112,Clothing,1197,3,2024-06-22
723,P112,Clothing,1948,2,2024-04-19
724,P102,Home,518,1,2026-04-17
725,P102,Home,708,4,2024-11-25
726,P106,Electronics,436,5,2024-04-29
727,P110,Grocery,1360,4,2025-09-09
728,P109,Grocery,522,3,2025-11-20
729,P108,Sports,1033,2,2024-11-19
730,P112,Clothing,1410,4,2025-05-05
731,P110,Grocery,1082,4,2025-11-03
732,P109,Grocery,1027,3,2025-09-10
733,P112,Clothing,1106,1,2024-05-26
734,P101,Electronics,1091,4,2026-02-03
735,P107,Grocery,1694,3,2024-06-18
736,P104,Grocery,325,5,2025-06-25
737,P105,Grocery,1069,2,2026-04-11
738,P109,Grocery,692,4,2025-11-20
739,P103,Home,1318,3,2024-09-11
740,P102,Home,747,1,2025-09-29
741,P107,Grocery,508,4,2025-10-19
742,P104,Grocery,1712,2,2026-01-23
743,P109,Grocery,1067,1,2024-10-14
744,P104,Grocery,570,2,2024-09-30
745,P107,Grocery,1287,3,2024-07-23
746,P110,Grocery,633,2,2025-10-06
747,P102,Home,105,5,2025-12-02
748,P103,Home,1978,5,2025-03-17
749,P102,Home,711,2,2026-01-02
750,P109,Grocery,531,3,2025-06-27
751,P110,Grocery,1804,1,2025-08-08
752,P101,Electronics,657,3,2024-07-07
753,P106,Electronics,1582,2,2025-02-11
754,P102,Home,1528,1,2024-09-09
755,P109,Grocery,778,4,2025-06-28
756,P104,Grocery,1701,1,2026-02-03
757,P101,Electronics,1667,4,2024-10-06
758,P112,Clothing,1411,1,2025-10-27
759,P104,Grocery,733,1,2024-12-08
760,P109,Grocery,1361,3,2024-08-19
761,P105,Grocery,1044,2,2026-02-13
762,P113,Electronics,1745,4,2025-03-17
763,P103,Home,1918,2,2025-01-04
764,P108,Sports,1175,4,2026-01-04
765,P107,Grocery,1527,3,2026-01-05
766,P103,Home,1874,2,2026-01-02
767,P100,Clothing,1911,2,2025-02-06
768,P111,Home,208,3,2025-01-23
769,P114,Clothing,1873,4,2024-09-23
770,P104,Grocery,904,4,2024-08-23
771,P106,Electronics,315,3,2025-05-10
772,P100,Clothing,1000,3,2025-07-12
773,P106,Electronics,1598,1,2025-09-11
774,P109,Grocery,1270,2,2025-02-12
775,P108,Sports,1107,4,2025-09-10
776,P108,Sports,338,3,2025-08-30
777,P113,Electronics,497,1,2025-10-07
778,P114,Clothing,160,1,2026-02-15
779,P114,Clothing,1885,1,2025-09-12
780,P100,Clothing,1518,5,2024-05-05
781,P103,Home,728,2,2024-05-04
782,P112,Clothing,1528,3,2025-03-10
783,P114,Clothing,104,3,2026-02-15
784,P110,Grocery,873,2,2024-12-20
785,P109,Grocery,1700,5,2024-08-03
786,P102,Home,666,1,2025-03-23
787,P113,Electronics,1023,1,2024-11-25
788,P102,Home,386,2,2024-11-20
789,P102,Home,227,2,2026-03-31
790,P106,Electronics,425,2,2025-01-12
791,P106,Electronics,781,1,2026-03-01
792,P101,Electronics,885,5,2025-12-02
793,P114,Clothing,1674,1,2024-11-11
794,P113,Electronics,1586,1,2025-04-03
795,P102,Home,1876,2,2026-01-13
796,P110,Grocery,1912,2,2025-11-08
797,P105,Grocery,1013,1,2026-04-07
798,P100,Clothing,1976,5,2024-12-01
799,P104,Grocery,1236,1,2025-10-26
800,P113,Electronics,348,2,2024-05-12
801,P108,Sports,1858,5,2025-07-26
802,P100,Clothing,1957,3,2024-12-20
803,P110,Grocery,778,1,2024-05-17
804,P101,Electronics,1748,5,2024-10-02
805,P105,Grocery,1479,4,2026-03-01
806,P105,Grocery,279,3,2025-07-13
807,P114,Clothing,423,3,2024-12-12
808,P101,Electronics,1537,4,2025-11-06
809,P101,Electronics,636,2,2024-11-26
810,P112,Clothing,1193,2,2024-10-20
811,P110,Grocery,625,3,2024-06-30
812,P107,Grocery,126,1,2025-07-01
813,P112,Clothing,320,3,2025-04-28
814,P112,Clothing,1245,4,2025-02-17
815,P107,Grocery,192,4,2025-08-12
816,P105,Grocery,1927,4,2025-08-05
817,P101,Electronics,238,3,2025-11-05
818,P106,Electronics,575,3,2025-09-05
819,P112,Clothing,1830,1,2025-12-01
820,P100,Clothing,706,4,2026-01-15
821,P107,Grocery,1633,1,2024-07-14
822,P100,Clothing,646,1,2024-05-01
823,P107,Grocery,563,2,2024-09-23
824,P109,Grocery,1457,5,2024-08-25
825,P113,Electronics,101,4,2026-01-15
826,P112,Clothing,1279,5,2025-02-09
827,P107,Grocery,1694,3,2024-06-20
828,P114,Clothing,1010,5,2025-08-23
829,P110,Grocery,1641,4,2024-12-17
830,P100,Clothing,1202,1,2026-04-16
831,P107,Grocery,553,4,2025-08-08
832,P104,Grocery,1949,1,2025-01-06
833,P104,Grocery,1380,1,2025-12-27
834,P109,Grocery,550,5,2025-08-03
835,P113,Electronics,795,5,2025-07-30
836,P109,Grocery,738,3,2025-11-14
837,P111,Home,1595,1,2025-03-22
838,P100,Clothing,556,1,2024-05-15
839,P112,Clothing,658,2,2025-10-23
840,P111,Home,496,4,2026-02-12
841,P114,Clothing,1073,3,2025-04-23
842,P114,Clothing,126,1,2026-04-15
843,P100,Clothing,935,5,2025-11-10
844,P100,Clothing,1164,4,2026-03-03
845,P105,Grocery,1007,3,2024-06-13
846,P100,Clothing,213,3,2026-04-11
847,P108,Sports,1561,1,2024-05-15
848,P114,Clothing,520,1,2024-08-19
849,P101,Electronics,1204,2,2025-08-25
850,P108,Sports,1974,3,2026-02-10
851,P102,Home,1696,4,2025-01-05
852,P104,Grocery,1366,4,2025-09-13
853,P106,Electronics,1552,1,2026-04-07
854,P112,Clothing,1107,3,2025-11-02
855,P102,Home,1221,3,2026-03-29
856,P103,Home,1939,5,2025-01-13
857,P113,Electronics,1618,3,2025-07-27
858,P108,Sports,1443,2,2024-08-20
859,P111,Home,702,3,2025-10-31
860,P113,Electronics,218,4,2025-10-13
861,P110,Grocery,210,3,2025-07-30
862,P110,Grocery,491,1,2025-05-24
863,P103,Home,1457,5,2026-04-08
864,P108,Sports,200,5,2024-04-30
865,P102,Home,1314,1,2024-05-31
866,P102,Home,547,3,2024-11-22
867,P104,Grocery,914,2,2026-01-10
868,P114,Clothing,326,1,2024-05-29
869,P107,Grocery,1378,1,2026-03-22
870,P101,Electronics,1561,2,2025-04-03
871,P106,Electronics,1659,5,2025-01-12
872,P113,Electronics,1027,1,2025-12-03
873,P107,Grocery,535,3,2024-09-22
874,P100,Clothing,1981,2,2025-06-02
875,P112,Clothing,1822,5,2024-08-30
876,P103,Home,1657,5,2025-06-30
877,P102,Home,1842,2,2025-10-09
878,P110,Grocery,1683,4,2025-03-16
879,P101,Electronics,1150,4,2024-09-01
880,P112,Clothing,1760,3,2024-12-19
881,P105,Grocery,138,5,2026-02-11
882,P104,Grocery,262,1,2025-03-15
883,P110,Grocery,1118,3,2024-06-12
884,P108,Sports,1487,5,2025-07-04
885,P101,Electronics,1329,4,2025-01-06
886,P107,Grocery,642,4,2024-07-24
887,P107,Grocery,525,2,2026-01-29
888,P102,Home,1909,3,2025-08-15
889,P108,Sports,381,3,2025-03-03
890,P105,Grocery,853,1,2024-08-01
891,P101,Electronics,1817,3,2024-06-07
892,P113,Electronics,983,1,2024-06-24
893,P110,Grocery,1797,3,2025-06-26
894,P103,Home,1123,1,2024-10-14
895,P111,Home,673,1,2025-12-10
896,P110,Grocery,1192,3,2025-06-11
897,P110,Grocery,1918,1,2025-01-09
898,P111,Home,630,3,2026-02-03
899,P110,Grocery,1743,1,2025-02-06
900,P110,Grocery,779,5,2025-08-29
901,P110,Grocery,1132,5,2025-09-21
902,P106,Electronics,1070,2,2025-10-26
903,P102,Home,898,2,2025-05-24
904,P102,Home,1064,1,2025-10-04
905,P108,Sports,1909,3,2026-01-26
906,P105,Grocery,873,3,2025-06-03
907,P111,Home,338,4,2025-08-13
908,P103,Home,1574,4,2024-09-12
909,P109,Grocery,1661,5,2025-04-11
910,P101,Electronics,256,2,2024-05-13
911,P107,Grocery,1916,5,2025-08-15
912,P114,Clothing,753,3,2024-05-28
913,P113,Electronics,105,1,2025-11-30
914,P102,Home,1524,2,2024-07-27
915,P107,Grocery,178,5,2024-05-08
916,P106,Electronics,1977,3,2026-02-01
917,P100,Clothing,1448,2,2025-03-30
918,P111,Home,1912,2,2026-01-11
919,P102,Home,1940,1,2024-11-09
920,P104,Grocery,845,1,2025-03-30
921,P111,Home,1922,2,2025-03-28
922,P104,Grocery,1690,5,2024-05-22
923,P107,Grocery,129,1,2026-03-01
924,P113,Electronics,1741,5,2026-04-09
925,P100,Clothing,1104,4,2025-12-12
926,P107,Grocery,1493,3,2025-01-26
927,P111,Home,240,2,2025-02-05
928,P108,Sports,1382,4,2025-04-07
929,P111,Home,1911,1,2026-02-16
930,P101,Electronics,989,3,2024-07-22
931,P114,Clothing,1297,5,2024-09-19
932,P106,Electronics,719,3,2025-03-14
933,P107,Grocery,420,1,2025-09-14
934,P109,Grocery,1208,2,2025-03-26
935,P111,Home,1150,1,2025-12-15
936,P101,Electronics,1310,3,2024-11-28
937,P107,Grocery,1456,5,2024-06-15
938,P106,Electronics,950,4,2025-12-05
939,P105,Grocery,1701,5,2025-09-04
940,P114,Clothing,1569,2,2025-06-29
941,P108,Sports,1807,4,2025-01-20
942,P109,Grocery,408,2,2026-02-09
943,P105,Grocery,1089,3,2024-08-14
944,P106,Electronics,1969,2,2024-09-23
945,P108,Sports,706,4,2025-07-02
946,P108,Sports,195,3,2025-03-31
947,P101,Electronics,982,2,2025-01-14
948,P112,Clothing,647,3,2024-10-03
949,P111,Home,1935,4,2025-05-30
950,P102,Home,1058,5,2026-04-10
951,P108,Sports,1024,5,2026-03-18
952,P100,Clothing,1849,1,2024-07-03
953,P104,Grocery,1760,5,2025-10-01
954,P113,Electronics,719,3,2026-03-29
955,P114,Clothing,182,1,2024-11-17
956,P110,Grocery,172,2,2025-05-21
957,P109,Grocery,689,3,2025-01-05
958,P104,Grocery,1479,4,2024-08-20
959,P108,Sports,1396,2,2026-01-02
960,P107,Grocery,1425,5,2025-02-20
961,P112,Clothing,1386,2,2026-01-04
962,P108,Sports,1286,4,2025-11-12
963,P110,Grocery,206,4,2026-01-12
964,P109,Grocery,1951,2,2026-01-17
965,P110,Grocery,783,4,2025-03-29
966,P101,Electronics,1858,5,2024-08-02
967,P114,Clothing,371,1,2024-06-02
968,P111,Home,1622,3,2025-01-09
969,P110,Grocery,1198,2,2024-11-06
970,P106,Electronics,1161,3,2024-12-12
971,P114,Clothing,1318,4,2024-10-31
972,P103,Home,1859,3,2024-07-07
973,P112,Clothing,201,2,2025-03-13
974,P102,Home,563,3,2025-08-18
975,P102,Home,466,5,2025-01-28
976,P102,Home,1005,2,2024-07-14
977,P101,Electronics,1623,5,2025-08-19
978,P107,Grocery,1188,5,2024-11-19
979,P101,Electronics,523,2,2025-07-10
980,P106,Electronics,1868,3,2024-12-15
981,P101,Electronics,1110,5,2025-03-28
982,P103,Home,221,1,2024-07-03
983,P103,Home,126,3,2024-11-27
984,P112,Clothing,132,1,2024-06-28
985,P114,Clothing,781,4,2024-11-23
986,P105,Grocery,1383,1,2026-03-15
987,P103,Home,1850,5,2024-12-15
988,P100,Clothing,326,2,2025-02-13
989,P104,Grocery,986,2,2025-11-27
990,P103,Home,1528,4,2025-11-08
991,P102,Home,761,5,2024-08-13
992,P107,Grocery,752,2,2025-10-10
993,P109,Grocery,205,4,2024-09-29
994,P112,Clothing,1627,4,2025-06-14
995,P101,Electronics,824,2,2024-12-07
996,P110,Grocery,423,4,2024-07-29
997,P103,Home,611,1,2025-08-25
998,P109,Grocery,1593,2,2025-11-10
999,P114,Clothing,236,4,2024-11-17
1000,P105,Grocery,864,3,2025-10-02
1001,P111,Home,544,3,2024-12-16
1002,P101,Electronics,147,4,2024-10-04
1003,P111,Home,1054,2,2025-04-17
1004,P104,Grocery,381,5,2024-09-03
1005,P105,Grocery,1035,5,2025-07-11
1006,P105,Grocery,339,2,2025-05-16
1007,P112,Clothing,1218,1,2026-03-22
1008,P106,Electronics,490,4,2025-12-03
1009,P111,Home,1886,4,2024-07-23
1010,P113,Electronics,1828,3,2026-03-20
1011,P106,Electronics,1375,4,2024-06-23
1012,P105,Grocery,221,4,2025-01-25
1013,P103,Home,137,5,2025-11-18
1014,P110,Grocery,1275,2,2025-01-10
1015,P104,Grocery,562,1,2025-12-02
1016,P111,Home,1504,2,2024-09-17
1017,P112,Clothing,173,3,2025-08-11
1018,P107,Grocery,620,4,2024-07-23
1019,P105,Grocery,1177,4,2026-01-02
1020,P105,Grocery,809,4,2025-10-13
1021,P103,Home,1972,2,2024-09-24
1022,P106,Electronics,1661,4,2026-02-14
1023,P111,Home,1827,2,2025-08-16
1024,P114,Clothing,948,2,2025-11-01
1025,P100,Clothing,496,2,2024-07-13
1026,P105,Grocery,1175,1,2025-12-22
1027,P111,Home,580,5,2025-04-10
1028,P110,Grocery,1511,5,2024-05-12
1029,P106,Electronics,1965,1,2024-12-18
1030,P104,Grocery,302,4,2024-11-16
1031,P101,Electronics,1255,2,2024-06-08
1032,P109,Grocery,569,3,2026-01-14
1033,P113,Electronics,365,2,2025-09-19
1034,P104,Grocery,1628,1,2026-03-28
1035,P110,Grocery,253,1,2026-02-03
1036,P113,Electronics,515,5,2024-11-22
1037,P104,Grocery,1225,5,2026-03-27
1038,P109,Grocery,741,1,2025-06-12
1039,P103,Home,1838,4,2024-04-25
1040,P101,Electronics,1980,2,2025-12-02
1041,P112,Clothing,1033,2,2024-05-25
1042,P100,Clothing,1034,2,2024-07-22
1043,P106,Electronics,125,1,2025-01-11
1044,P107,Grocery,196,4,2026-03-03
1045,P110,Grocery,424,3,2024-09-19
1046,P110,Grocery,940,1,2024-04-19
1047,P106,Electronics,1011,4,2025-12-10
1048,P100,Clothing,505,2,2024-11-04
1049,P107,Grocery,1702,4,2025-12-04
1050,P111,Home,251,1,2025-10-13
1051,P100,Clothing,1557,2,2025-04-05
1052,P111,Home,165,2,2025-10-03
1053,P102,Home,533,2,2024-05-18
1054,P107,Grocery,1949,5,2025-06-26
1055,P111,Home,665,3,2025-01-12
1056,P102,Home,422,3,2024-10-30
1057,P109,Grocery,912,2,2025-10-01
1058,P104,Grocery,827,3,2026-04-14
1059,P109,Grocery,921,5,2025-08-26
1060,P109,Grocery,1346,2,2025-06-18
1061,P102,Home,678,5,2024-07-13
1062,P107,Grocery,1854,5,2025-02-22
1063,P100,Clothing,1205,2,2024-12-15
1064,P106,Electronics,371,4,2025-07-20
1065,P112,Clothing,1105,1,2025-08-29
1066,P105,Grocery,1488,1,2024-05-08
1067,P101,Electronics,1655,2,2025-11-23
1068,P113,Electronics,1415,1,2025-06-19
1069,P112,Clothing,1208,1,2026-03-12
1070,P105,Grocery,484,3,2025-05-17
1071,P114,Clothing,682,4,2026-02-20
1072,P111,Home,1481,1,2025-05-06
1073,P107,Grocery,1961,4,2026-04-07
1074,P110,Grocery,503,3,2026-04-13
1075,P103,Home,344,4,2025-12-30
1076,P114,Clothing,1197,2,2025-04-20
1077,P114,Clothing,240,4,2025-06-29
1078,P112,Clothing,1178,4,2024-07-22
1079,P110,Grocery,1456,3,2025-08-28
1080,P111,Home,268,1,2025-08-08
1081,P106,Electronics,237,4,2025-09-06
1082,P105,Grocery,1565,1,2025-07-01
1083,P108,Sports,1935,1,2024-09-10
1084,P100,Clothing,1722,1,2024-12-09
1085,P110,Grocery,1246,4,2025-05-10
1086,P107,Grocery,1486,5,2024-07-03
1087,P108,Sports,1292,2,2025-01-20
1088,P100,Clothing,982,3,2024-07-22
1089,P105,Grocery,808,1,2024-09-13
1090,P107,Grocery,1750,2,2025-07-20
1091,P110,Grocery,233,3,2024-06-04
1092,P105,Grocery,1267,2,2025-10-13
1093,P112,Clothing,1569,3,2024-09-17
1094,P111,Home,162,2,2024-11-12
1095,P114,Clothing,1527,1,2025-11-14
1096,P111,Home,373,3,2026-03-29
1097,P100,Clothing,1797,1,2025-09-18
1098,P103,Home,1692,4,2026-03-14
1099,P114,Clothing,1778,3,2025-07-31
1100,P101,Electronics,1760,4,2026-02-23
1101,P100,Clothing,490,1,2025-01-28
1102,P103,Home,1405,2,2025-05-19
1103,P104,Grocery,509,4,2026-04-01
1104,P111,Home,389,5,2025-01-11
1105,P106,Electronics,1433,4,2025-04-27
1106,P103,Home,617,3,2024-05-25
1107,P104,Grocery,384,5,2025-10-08
1108,P101,Electronics,1447,5,2025-08-06
1109,P105,Grocery,118,1,2025-02-08
1110,P106,Electronics,316,1,2025-02-09
1111,P100,Clothing,490,5,2024-11-28
1112,P105,Grocery,1435,1,2024-10-18
1113,P103,Home,839,1,2025-03-22
1114,P104,Grocery,1398,3,2025-11-16
1115,P108,Sports,118,3,2025-03-18
1116,P112,Clothing,461,5,2025-11-02
1117,P102,Home,626,5,2024-08-14
1118,P103,Home,1209,5,2026-01-24
1119,P107,Grocery,212,5,2025-07-24
1120,P100,Clothing,1580,2,2025-02-01
1121,P100,Clothing,315,1,2025-09-29
1122,P106,Electronics,386,1,2026-01-25
1123,P104,Grocery,1949,4,2024-08-29
1124,P111,Home,1397,1,2025-11-14
1125,P106,Electronics,1949,2,2026-04-12
1126,P109,Grocery,616,3,2025-02-04
1127,P105,Grocery,1349,4,2024-08-31
1128,P107,Grocery,1680,2,2024-11-07
1129,P105,Grocery,808,1,2024-10-23
1130,P112,Clothing,1967,5,2026-03-27
1131,P105,Grocery,1800,2,2024-06-04
1132,P100,Clothing,239,3,2025-08-02
1133,P113,Electronics,1631,2,2025-11-12
1134,P102,Home,290,2,2025-11-03
1135,P108,Sports,1890,2,2025-12-05
1136,P112,Clothing,828,2,2026-02-27
1137,P110,Grocery,1123,5,2024-12-06
1138,P113,Electronics,1787,3,2025-02-12
1139,P101,Electronics,1888,4,2025-08-29
1140,P109,Grocery,713,1,2024-05-22
1141,P107,Grocery,555,4,2024-11-09
1142,P110,Grocery,1879,4,2025-10-14
1143,P114,Clothing,430,3,2024-12-18
1144,P111,Home,1943,2,2024-08-24
1145,P109,Grocery,1776,3,2024-06-29
1146,P111,Home,102,1,2024-06-29
1147,P104,Grocery,794,2,2026-03-30
1148,P113,Electronics,423,5,2024-07-04
1149,P114,Clothing,1634,2,2024-10-29
1150,P104,Grocery,621,2,2026-03-08
1151,P105,Grocery,705,5,2024-09-15
1152,P111,Home,563,1,2025-04-06
1153,P108,Sports,515,3,2024-08-22
1154,P102,Home,543,3,2025-11-12
1155,P110,Grocery,258,2,2024-08-05
1156,P109,Grocery,605,4,2025-07-25
1157,P106,Electronics,917,1,2025-04-12
1158,P104,Grocery,583,3,2025-01-30
1159,P108,Sports,1288,5,2025-02-02
1160,P106,Electronics,1833,2,2026-03-18
1161,P112,Clothing,1893,1,2025-06-07
1162,P103,Home,1104,1,2025-03-16
1163,P102,Home,234,4,2024-12-28
1164,P105,Grocery,1645,3,2025-03-26
1165,P109,Grocery,280,3,2026-01-08
1166,P106,Electronics,1918,3,2024-12-28
1167,P108,Sports,742,5,2026-04-10
1168,P106,Electronics,830,5,2025-12-29
1169,P113,Electronics,1371,1,2025-04-20
1170,P101,Electronics,825,5,2025-01-25
1171,P110,Grocery,1903,2,2024-06-14
1172,P102,Home,1636,5,2025-08-22
1173,P108,Sports,627,4,2025-11-14
1174,P100,Clothing,1804,2,2024-10-14
1175,P111,Home,866,5,2024-06-06
1176,P108,Sports,951,2,2025-02-27
1177,P110,Grocery,450,3,2024-09-10
1178,P111,Home,794,4,2024-05-04
1179,P104,Grocery,1815,1,2024-08-03
1180,P103,Home,1700,1,2025-04-06
1181,P107,Grocery,932,2,2025-04-05
1182,P113,Electronics,452,1,2025-07-23
1183,P103,Home,1936,4,2026-01-05
1184,P109,Grocery,1499,5,2024-07-23
1185,P106,Electronics,830,3,2025-06-13
1186,P105,Grocery,1019,3,2025-08-07
1187,P101,Electronics,664,2,2024-08-22
1188,P101,Electronics,1255,2,2025-05-25
1189,P114,Clothing,382,5,2025-07-04
1190,P103,Home,168,3,2024-12-22
1191,P108,Sports,1073,1,2024-08-15
1192,P114,Clothing,1021,3,2024-12-13
1193,P102,Home,1541,4,2025-04-22
1194,P111,Home,1971,2,2026-03-25
1195,P100,Clothing,1335,5,2025-01-09
1196,P102,Home,1601,4,2025-06-06
1197,P113,Electronics,1332,5,2025-12-12
1198,P107,Grocery,1958,1,2024-08-21
1199,P111,Home,1079,2,2025-12-12
1200,P101,Electronics,1245,5,2024-10-06
1201,P113,Electronics,1747,3,2024-10-26
1202,P111,Home,1823,2,2024-04-28
1203,P110,Grocery,1840,4,2024-06-28
1204,P106,Electronics,1817,2,2024-09-18
1205,P112,Clothing,358,5,2024-10-28
1206,P113,Electronics,1464,4,2025-11-18
1207,P107,Grocery,1897,1,2025-07-14
1208,P106,Electronics,950,3,2024-08-24
1209,P103,Home,1362,2,2024-10-02
1210,P114,Clothing,1438,4,2025-03-16
1211,P102,Home,242,5,2025-04-09
1212,P108,Sports,923,5,2024-06-18
1213,P102,Home,759,2,2025-11-30
1214,P101,Electronics,1714,1,2026-03-28
1215,P105,Grocery,1869,4,2024-05-19
1216,P107,Grocery,910,1,2025-02-04
1217,P114,Clothing,154,4,2025-07-27
1218,P109,Grocery,738,5,2024-10-28
1219,P104,Grocery,1095,1,2024-07-23
1220,P101,Electronics,1070,1,2025-05-21
1221,P106,Electronics,611,5,2025-06-30
1222,P104,Grocery,429,3,2025-03-06
1223,P104,Grocery,1590,5,2025-11-01
1224,P102,Home,1522,5,2025-08-06
1225,P102,Home,1424,1,2026-03-27
1226,P111,Home,1004,2,2024-04-25
1227,P112,Clothing,982,3,2025-11-18
1228,P103,Home,644,5,2025-02-16
1229,P107,Grocery,1708,5,2024-07-22
1230,P107,Grocery,685,1,2024-07-14
1231,P104,Grocery,1663,5,2025-01-31
1232,P106,Electronics,101,3,2024-11-18
1233,P103,Home,989,1,2025-02-18
1234,P101,Electronics,196,5,2024-06-25
1235,P108,Sports,892,3,2024-12-15
1236,P106,Electronics,1749,5,2025-04-04
1237,P111,Home,105,2,2024-12-30
1238,P111,Home,1010,2,2026-01-15
1239,P100,Clothing,1064,2,2025-01-11
1240,P106,Electronics,114,1,2025-11-27
1241,P109,Grocery,1346,2,2025-03-03
1242,P105,Grocery,802,1,2025-05-17
1243,P104,Grocery,972,3,2025-05-09
1244,P109,Grocery,732,4,2024-08-04
1245,P100,Clothing,112,4,2025-06-02
1246,P109,Grocery,1229,2,2025-02-19
1247,P111,Home,1959,5,2024-05-05
1248,P104,Grocery,1193,2,2026-03-10
1249,P101,Electronics,1279,2,2025-07-19
1250,P106,Electronics,1086,5,2024-08-21
1251,P114,Clothing,631,4,2025-10-21
1252,P114,Clothing,270,4,2026-01-01
1253,P106,Electronics,1499,4,2026-04-04
1254,P114,Clothing,1462,1,2024-06-18
1255,P109,Grocery,733,3,2024-10-31
1256,P101,Electronics,181,4,2025-06-08
1257,P101,Electronics,1482,5,2026-01-11
1258,P113,Electronics,1486,5,2025-10-26
1259,P106,Electronics,626,5,2025-12-06
1260,P114,Clothing,223,1,2025-07-06
1261,P104,Grocery,1277,1,2025-02-12
1262,P101,Electronics,1588,1,2025-11-12
1263,P107,Grocery,190,5,2025-08-03
1264,P114,Clothing,1847,5,2025-11-23
1265,P110,Grocery,553,2,2026-01-20
1266,P103,Home,1019,2,2024-08-20
1267,P111,Home,761,2,2025-03-03
1268,P102,Home,438,2,2024-09-22
1269,P107,Grocery,260,5,2024-12-05
1270,P112,Clothing,1700,2,2026-03-18
1271,P101,Electronics,575,1,2024-08-25
1272,P108,Sports,323,4,2024-12-24
1273,P106,Electronics,966,3,2026-03-30
1274,P108,Sports,1118,3,2025-08-11
1275,P108,Sports,523,5,2025-08-08
1276,P100,Clothing,783,1,2025-09-28
1277,P106,Electronics,1743,2,2025-09-28
1278,P109,Grocery,1156,4,2024-11-25
1279,P112,Clothing,135,4,2024-12-07
1280,P112,Clothing,1758,1,2025-03-13
1281,P109,Grocery,1150,2,2024-10-28
1282,P103,Home,1317,1,2025-08-29
1283,P112,Clothing,168,1,2026-04-10
1284,P108,Sports,1278,4,2026-03-05
1285,P112,Clothing,1242,4,2024-06-23
1286,P107,Grocery,916,4,2025-09-11
1287,P109,Grocery,1616,3,2024-12-04
1288,P114,Clothing,1704,5,2025-12-27
1289,P109,Grocery,1118,1,2025-09-09
1290,P101,Electronics,1429,3,2025-12-01
1291,P107,Grocery,1725,5,2024-10-11
1292,P111,Home,1060,5,2024-07-08
1293,P106,Electronics,1380,2,2024-12-22
1294,P100,Clothing,1726,2,2024-12-22
1295,P107,Grocery,567,5,2025-09-04
1296,P101,Electronics,1620,3,2024-08-11
1297,P111,Home,204,4,2025-08-30
1298,P114,Clothing,600,2,2025-10-27
1299,P103,Home,1867,2,2024-08-20
1300,P107,Grocery,143,2,2024-11-03
1301,P107,Grocery,1106,2,2025-10-08
1302,P110,Grocery,187,4,2024-06-17
1303,P102,Home,1894,4,2024-11-21
1304,P111,Home,728,1,2024-08-02
1305,P108,Sports,889,2,2026-04-06
1306,P113,Electronics,385,3,2025-06-26
1307,P105,Grocery,387,2,2025-03-26
1308,P103,Home,435,2,2025-06-25
1309,P103,Home,445,4,2024-12-26
1310,P114,Clothing,277,5,2025-07-12
1311,P108,Sports,192,4,2026-03-05
1312,P110,Grocery,1148,4,2026-02-19
1313,P104,Grocery,1300,5,2025-04-04
1314,P110,Grocery,1320,4,2026-02-09
1315,P112,Clothing,1266,3,2026-02-02
1316,P104,Grocery,1926,4,2026-04-06
1317,P112,Clothing,1048,1,2025-09-02
1318,P101,Electronics,1727,3,2024-08-14
1319,P104,Grocery,1778,4,2025-11-04
1320,P108,Sports,1436,2,2026-03-31
1321,P108,Sports,578,2,2025-09-21
1322,P105,Grocery,197,3,2025-07-28
1323,P109,Grocery,390,4,2026-03-11
1324,P102,Home,1031,1,2024-10-27
1325,P113,Electronics,526,5,2025-02-01
1326,P104,Grocery,1501,1,2024-12-08
1327,P112,Clothing,1436,5,2026-04-10
1328,P101,Electronics,140,1,2026-03-16
1329,P109,Grocery,1653,4,2025-03-16
1330,P104,Grocery,518,3,2024-07-23
1331,P103,Home,1778,5,2024-12-17
1332,P111,Home,1151,5,2026-02-26
1333,P114,Clothing,1294,4,2026-02-20
1334,P104,Grocery,1150,1,2025-03-12
1335,P109,Grocery,1428,2,2025-04-03
1336,P101,Electronics,1163,4,2025-06-23
1337,P100,Clothing,1204,5,2025-09-21
1338,P108,Sports,1244,2,2025-08-09
1339,P113,Electronics,657,3,2025-01-03
1340,P111,Home,1882,3,2025-06-26
1341,P113,Electronics,1447,3,2024-04-18
1342,P110,Grocery,843,4,2024-06-18
1343,P102,Home,1590,4,2025-01-28
1344,P110,Grocery,441,4,2025-12-18
1345,P103,Home,473,1,2026-01-25
1346,P102,Home,1540,1,2025-04-17
1347,P109,Grocery,448,4,2024-05-12
1348,P103,Home,1604,5,2025-09-04
1349,P113,Electronics,1441,1,2025-10-04
1350,P113,Electronics,1647,2,2025-06-10
1351,P105,Grocery,941,3,2024-08-22
1352,P101,Electronics,485,4,2025-10-06
1353,P111,Home,1055,5,2025-04-11
1354,P103,Home,826,5,2025-05-24
1355,P107,Grocery,951,5,2025-04-30
1356,P104,Grocery,618,4,2026-02-15
1357,P112,Clothing,1721,5,2024-11-27
1358,P109,Grocery,1147,2,2025-01-18
1359,P109,Grocery,945,2,2025-07-04
1360,P112,Clothing,180,2,2024-06-02
1361,P110,Grocery,631,5,2025-03-02
1362,P110,Grocery,1859,1,2026-03-02
1363,P114,Clothing,1320,5,2025-07-24
1364,P107,Grocery,127,4,2025-08-24
1365,P101,Electronics,1688,2,2025-02-05
1366,P111,Home,1612,2,2024-11-13
1367,P106,Electronics,693,2,2025-09-18
1368,P113,Electronics,452,5,2024-12-28
1369,P105,Grocery,516,3,2024-07-30
1370,P106,Electronics,446,2,2025-08-19
1371,P101,Electronics,1627,5,2025-05-13
1372,P107,Grocery,1457,5,2024-11-01
1373,P107,Grocery,568,1,2024-08-18
1374,P111,Home,1815,2,2025-11-28
1375,P105,Grocery,1184,3,2025-06-19
1376,P100,Clothing,497,2,2026-02-28
1377,P105,Grocery,916,1,2025-08-10
1378,P112,Clothing,796,2,2025-10-08
1379,P109,Grocery,727,1,2025-04-30
1380,P114,Clothing,416,4,2025-04-21
1381,P114,Clothing,923,1,2024-09-20
1382,P103,Home,1627,2,2025-09-08
1383,P104,Grocery,425,4,2024-06-11
1384,P109,Grocery,1041,3,2025-05-29
1385,P110,Grocery,1821,5,2024-12-20
1386,P109,Grocery,561,5,2025-02-07
1387,P110,Grocery,1411,3,2025-06-23
1388,P110,Grocery,1490,5,2025-05-12
1389,P107,Grocery,1212,3,2024-04-23
1390,P110,Grocery,1034,5,2025-08-19
1391,P107,Grocery,1006,2,2026-04-10
1392,P110,Grocery,1684,3,2025-06-16
1393,P114,Clothing,383,1,2025-05-23
1394,P104,Grocery,747,2,2025-10-22
1395,P111,Home,1493,2,2024-06-15
1396,P107,Grocery,115,4,2024-10-30
1397,P114,Clothing,544,4,2025-02-16
1398,P107,Grocery,800,2,2024-10-01
1399,P108,Sports,972,3,2025-08-29
1400,P103,Home,1402,2,2024-06-30
1401,P107,Grocery,1613,5,2024-11-03
1402,P113,Electronics,1654,5,2026-01-15
1403,P108,Sports,1433,4,2025-06-23
1404,P103,Home,614,2,2025-11-10
1405,P104,Grocery,1680,1,2024-08-27
1406,P114,Clothing,1315,1,2025-01-07
1407,P112,Clothing,1367,4,2025-02-15
1408,P112,Clothing,250,5,2025-09-23
1409,P103,Home,957,5,2024-07-05
1410,P106,Electronics,704,5,2024-07-15
1411,P111,Home,1483,4,2025-04-07
1412,P106,Electronics,1782,1,2026-01-16
1413,P108,Sports,1805,3,2025-12-24
1414,P110,Grocery,197,3,2025-12-12
1415,P103,Home,782,4,2026-04-02
1416,P107,Grocery,496,5,2026-03-11
1417,P109,Grocery,1416,2,2024-06-19
1418,P106,Electronics,528,2,2026-03-01
1419,P101,Electronics,868,3,2025-12-10
1420,P103,Home,635,1,2025-02-09
1421,P111,Home,473,2,2025-01-12
1422,P113,Electronics,1203,4,2025-10-06
1423,P105,Grocery,167,3,2025-10-02
1424,P101,Electronics,608,4,2024-06-28
1425,P109,Grocery,1844,3,2025-07-28
1426,P104,Grocery,1800,2,2025-06-27
1427,P111,Home,1963,2,2026-02-22
1428,P109,Grocery,923,4,2024-11-03
1429,P114,Clothing,259,3,2024-04-18
1430,P101,Electronics,1857,5,2024-05-18
1431,P107,Grocery,1873,2,2024-07-25
1432,P104,Grocery,640,1,2025-12-15
1433,P102,Home,953,4,2025-08-13
1434,P103,Home,728,5,2025-09-16
1435,P103,Home,228,5,2026-03-23
1436,P110,Grocery,1585,2,2025-08-19
1437,P112,Clothing,278,3,2025-02-01
1438,P112,Clothing,1360,2,2024-07-06
1439,P106,Electronics,1059,3,2025-09-08
1440,P109,Grocery,142,1,2024-08-18
1441,P103,Home,1682,4,2024-08-26
1442,P114,Clothing,1255,4,2025-11-29
1443,P108,Sports,327,1,2025-10-26
1444,P100,Clothing,1210,3,2026-01-10
1445,P107,Grocery,640,3,2025-06-30
1446,P113,Electronics,1143,3,2025-02-14
1447,P105,Grocery,207,2,2026-01-11
1448,P102,Home,1299,2,2025-12-04
1449,P111,Home,1857,2,2024-12-14
1450,P102,Home,498,1,2025-12-18
1451,P106,Electronics,951,4,2024-07-31
1452,P112,Clothing,1382,3,2025-03-20
1453,P112,Clothing,295,1,2025-01-20
1454,P112,Clothing,984,1,2024-10-08
1455,P112,Clothing,364,4,2026-04-09
1456,P105,Grocery,1895,3,2025-03-16
1457,P106,Electronics,328,1,2025-08-07
1458,P114,Clothing,1344,1,2025-04-05
1459,P105,Grocery,1361,4,2025-06-12
1460,P106,Electronics,1634,2,2024-12-24
1461,P105,Grocery,1002,2,2025-10-04
1462,P106,Electronics,697,2,2025-03-07
1463,P105,Grocery,1307,1,2025-05-28
1464,P105,Grocery,1668,3,2025-07-23
1465,P104,Grocery,137,4,2024-07-24
1466,P113,Electronics,801,4,2026-01-01
1467,P104,Grocery,921,2,2025-04-10
1468,P106,Electronics,1202,2,2024-07-18
1469,P107,Grocery,1652,4,2025-07-30
1470,P101,Electronics,731,3,2024-08-25
1471,P111,Home,1894,1,2025-04-09
1472,P110,Grocery,1299,5,2025-12-18
1473,P100,Clothing,1695,4,2025-08-17
1474,P111,Home,1241,5,2024-10-01
1475,P101,Electronics,1046,1,2025-11-03
1476,P113,Electronics,149,4,2025-04-30
1477,P102,Home,1192,4,2025-12-27
1478,P100,Clothing,485,1,2024-08-11
1479,P114,Clothing,587,1,2025-11-21
1480,P101,Electronics,1189,2,2024-11-21
1481,P104,Grocery,1368,4,2025-02-17
1482,P105,Grocery,926,5,2024-05-03
1483,P100,Clothing,1377,2,2024-11-28
1484,P113,Electronics,316,3,2024-12-18
1485,P102,Home,1922,3,2025-03-06
1486,P110,Grocery,1817,5,2025-07-29
1487,P111,Home,1298,2,2025-11-23
1488,P104,Grocery,1761,1,2025-11-06
1489,P104,Grocery,1557,2,2025-07-02
1490,P111,Home,1862,4,2025-10-18
1491,P113,Electronics,1064,4,2025-05-20
1492,P100,Clothing,370,3,2026-04-16
1493,P103,Home,1624,5,2024-10-25
1494,P105,Grocery,1726,3,2026-02-13
1495,P114,Clothing,1265,3,2026-02-23
1496,P112,Clothing,1772,2,2025-10-06
1497,P111,Home,1711,5,2025-05-16
1498,P110,Grocery,105,2,2026-02-03
1499,P108,Sports,1623,4,2025-03-04
1500,P108,Sports,1446,3,2025-07-08
1501,P113,Electronics,611,1,2025-04-14
1502,P100,Clothing,351,2,2024-07-19
1503,P104,Grocery,930,4,2025-04-23
1504,P106,Electronics,951,4,2025-10-02
1505,P106,Electronics,845,4,2025-06-10
1506,P106,Electronics,1143,5,2024-08-24
1507,P107,Grocery,1973,5,2025-05-31
1508,P102,Home,264,4,2026-03-11
1509,P112,Clothing,1086,3,2026-04-03
1510,P106,Electronics,1460,1,2025-07-12
1511,P109,Grocery,532,2,2025-06-04
1512,P111,Home,1718,3,2026-04-08
1513,P107,Grocery,100,2,2025-02-25
1514,P114,Clothing,918,4,2025-09-14
1515,P112,Clothing,467,2,2024-12-14
1516,P106,Electronics,1253,2,2025-04-18
1517,P107,Grocery,1035,1,2024-12-17
1518,P110,Grocery,1057,3,2024-04-19
1519,P105,Grocery,1856,2,2024-11-18
1520,P108,Sports,1242,1,2025-01-27
1521,P103,Home,1073,5,2024-10-18
1522,P113,Electronics,1601,4,2025-05-09
1523,P111,Home,929,1,2025-04-08
1524,P114,Clothing,631,4,2025-01-25
1525,P114,Clothing,1231,3,2025-07-28
1526,P112,Clothing,1557,3,2025-02-24
1527,P100,Clothing,751,2,2025-09-30
1528,P111,Home,128,1,2025-08-13
1529,P104,Grocery,1003,2,2024-06-15
1530,P114,Clothing,1865,5,2026-01-18
1531,P106,Electronics,1043,5,2026-02-08
1532,P106,Electronics,838,4,2026-01-23
1533,P110,Grocery,415,3,2024-07-01
1534,P109,Grocery,1429,3,2025-09-13
1535,P110,Grocery,925,4,2026-02-19
1536,P112,Clothing,703,4,2025-09-10
1537,P104,Grocery,1005,5,2024-05-29
1538,P100,Clothing,1377,1,2025-09-30
1539,P113,Electronics,712,3,2025-12-02
1540,P110,Grocery,758,2,2025-08-01
1541,P101,Electronics,1965,2,2024-07-12
1542,P104,Grocery,1946,3,2025-02-22
1543,P114,Clothing,1118,1,2024-12-11
1544,P111,Home,1139,1,2024-10-16
1545,P108,Sports,1767,5,2026-01-09
1546,P101,Electronics,1432,4,2026-02-12
1547,P113,Electronics,775,5,2025-12-14
1548,P109,Grocery,1652,4,2025-06-11
1549,P107,Grocery,309,1,2025-03-24
1550,P109,Grocery,772,5,2025-08-17
1551,P104,Grocery,606,5,2026-01-25
1552,P109,Grocery,375,4,2025-05-13
1553,P106,Electronics,181,3,2024-08-26
1554,P107,Grocery,1736,2,2025-04-05
1555,P109,Grocery,1745,1,2024-08-27
1556,P113,Electronics,552,3,2025-03-25
1557,P111,Home,153,5,2025-07-28
1558,P106,Electronics,1184,5,2025-03-18
1559,P105,Grocery,194,3,2024-07-09
1560,P106,Electronics,760,4,2024-11-22
1561,P104,Grocery,585,2,2025-08-05
1562,P114,Clothing,191,4,2025-02-21
1563,P107,Grocery,1890,2,2025-12-21
1564,P106,Electronics,1974,2,2024-12-12
1565,P108,Sports,1684,5,2025-11-11
1566,P104,Grocery,620,1,2024-05-13
1567,P113,Electronics,235,5,2025-02-06
1568,P107,Grocery,1981,5,2025-06-19
1569,P113,Electronics,240,2,2024-05-31
1570,P112,Clothing,906,3,2025-08-29
1571,P108,Sports,1732,5,2026-04-12
1572,P109,Grocery,759,3,2025-04-18
1573,P114,Clothing,1531,1,2025-06-03
1574,P103,Home,466,1,2024-05-28
1575,P108,Sports,1266,1,2025-04-06
1576,P112,Clothing,1829,2,2026-03-14
1577,P102,Home,1196,4,2024-09-09
1578,P105,Grocery,1477,1,2024-05-10
1579,P106,Electronics,211,4,2024-07-27
1580,P113,Electronics,1867,1,2025-04-14
1581,P112,Clothing,1061,2,2025-04-14
1582,P104,Grocery,1897,2,2026-03-20
1583,P111,Home,1827,3,2024-12-20
1584,P109,Grocery,1940,1,2026-02-12
1585,P110,Grocery,950,5,2025-11-18
1586,P113,Electronics,1520,5,2026-01-05
1587,P111,Home,1848,5,2025-04-22
1588,P105,Grocery,1930,4,2025-11-23
1589,P107,Grocery,386,4,2024-11-06
1590,P105,Grocery,2000,5,2025-06-30
1591,P108,Sports,472,4,2026-04-07
1592,P101,Electronics,506,3,2025-07-11
1593,P101,Electronics,792,5,2024-09-23
1594,P106,Electronics,1904,3,2025-02-12
1595,P112,Clothing,1013,5,2024-07-10
1596,P101,Electronics,879,4,2024-10-02
1597,P100,Clothing,385,2,2025-05-23
1598,P100,Clothing,529,2,2024-11-19
1599,P108,Sports,1705,4,2024-10-19
1600,P110,Grocery,1844,1,2024-07-14
1601,P112,Clothing,1406,5,2024-08-09
1602,P114,Clothing,1685,4,2024-06-19
1603,P106,Electronics,1612,4,2025-01-10
1604,P109,Grocery,1678,3,2026-01-21
1605,P112,Clothing,1813,5,2026-04-13
1606,P113,Electronics,1058,1,2024-12-01
1607,P110,Grocery,841,3,2024-11-03
1608,P104,Grocery,566,3,2025-11-14
1609,P108,Sports,1104,4,2025-11-24
1610,P109,Grocery,381,4,2024-12-16
1611,P110,Grocery,1691,4,2025-05-06
1612,P103,Home,290,4,2024-05-13
1613,P102,Home,114,1,2024-05-28
1614,P101,Electronics,1150,2,2025-07-19
1615,P104,Grocery,1143,5,2026-03-04
1616,P114,Clothing,1751,1,2025-12-04
1617,P108,Sports,1743,4,2024-08-07
1618,P100,Clothing,1796,1,2024-07-14
1619,P106,Electronics,1774,3,2024-12-30
1620,P110,Grocery,563,4,2025-07-02
1621,P101,Electronics,431,1,2025-08-22
1622,P105,Grocery,1313,2,2026-01-07
1623,P107,Grocery,1527,2,2024-09-04
1624,P106,Electronics,904,4,2025-08-21
1625,P109,Grocery,1970,3,2025-09-01
1626,P105,Grocery,860,4,2024-07-06
1627,P113,Electronics,1955,4,2026-01-28
1628,P113,Electronics,901,5,2025-08-01
1629,P107,Grocery,156,5,2024-06-06
1630,P110,Grocery,958,2,2025-09-20
1631,P112,Clothing,1376,3,2024-07-15
1632,P106,Electronics,1026,4,2024-11-11
1633,P104,Grocery,1810,5,2025-03-03
1634,P102,Home,1907,4,2024-05-31
1635,P110,Grocery,800,3,2024-10-11
1636,P113,Electronics,324,3,2026-03-18
1637,P107,Grocery,1783,3,2025-02-03
1638,P101,Electronics,1623,2,2025-11-01
1639,P110,Grocery,498,5,2025-06-17
1640,P107,Grocery,262,4,2024-11-30
1641,P105,Grocery,1816,5,2026-03-31
1642,P103,Home,228,1,2025-10-02
1643,P104,Grocery,1350,3,2026-02-10
1644,P114,Clothing,1543,2,2025-12-06
1645,P112,Clothing,878,4,2024-06-15
1646,P104,Grocery,1885,2,2026-01-30
1647,P100,Clothing,1472,2,2024-08-08
1648,P113,Electronics,578,1,2024-10-28
1649,P101,Electronics,1621,5,2025-06-22
1650,P112,Clothing,849,4,2026-01-14
1651,P108,Sports,1039,4,2025-11-25
1652,P101,Electronics,1716,4,2025-09-02
1653,P102,Home,1199,4,2025-10-01
1654,P111,Home,1379,4,2024-04-20
1655,P105,Grocery,1737,4,2025-07-07
1656,P112,Clothing,762,4,2025-04-10
1657,P104,Grocery,804,5,2024-11-26
1658,P112,Clothing,469,3,2024-08-30
1659,P106,Electronics,1180,1,2025-09-08
1660,P112,Clothing,236,3,2025-08-02
1661,P113,Electronics,105,4,2025-12-16
1662,P104,Grocery,813,4,2024-06-08
1663,P113,Electronics,543,1,2026-01-11
1664,P105,Grocery,479,5,2025-03-09
1665,P106,Electronics,450,5,2024-10-02
1666,P101,Electronics,881,1,2025-05-17
1667,P114,Clothing,1355,5,2025-11-09
1668,P109,Grocery,918,3,2025-10-26
1669,P110,Grocery,749,5,2026-03-22
1670,P111,Home,604,4,2025-03-03
1671,P103,Home,346,3,2025-05-08
1672,P101,Electronics,650,4,2026-01-10
1673,P112,Clothing,260,4,2024-07-22
1674,P106,Electronics,193,2,2024-06-08
1675,P110,Grocery,1573,5,2025-08-17
1676,P105,Grocery,765,3,2025-02-16
1677,P102,Home,1400,5,2024-06-10
1678,P104,Grocery,1535,4,2025-10-31
1679,P102,Home,345,3,2025-03-23
1680,P114,Clothing,598,2,2024-08-08
1681,P109,Grocery,1498,5,2026-02-03
1682,P114,Clothing,399,1,2025-07-18
1683,P110,Grocery,1294,4,2024-10-24
1684,P101,Electronics,1901,5,2025-03-09
1685,P101,Electronics,515,3,2025-10-19
1686,P106,Electronics,1427,4,2025-11-17
1687,P108,Sports,1696,4,2024-11-10
1688,P112,Clothing,491,3,2024-08-16
1689,P101,Electronics,792,2,2025-07-01
1690,P100,Clothing,330,1,2025-08-01
1691,P108,Sports,1112,2,2025-05-20
1692,P103,Home,817,5,2025-07-18
1693,P109,Grocery,1509,3,2025-03-24
1694,P112,Clothing,1639,3,2026-01-17
1695,P110,Grocery,922,3,2026-04-15
1696,P110,Grocery,906,2,2025-09-10
1697,P113,Electronics,1875,5,2025-05-12
1698,P105,Grocery,1803,3,2024-08-19
1699,P100,Clothing,718,3,2026-02-03
1700,P113,Electronics,1453,4,2024-11-07
1701,P112,Clothing,1516,2,2025-05-08
1702,P105,Grocery,1597,2,2025-12-21
1703,P109,Grocery,1242,3,2026-01-06
1704,P105,Grocery,1240,1,2025-02-10
1705,P100,Clothing,642,3,2025-04-29
1706,P109,Grocery,813,3,2024-04-20
1707,P103,Home,1809,2,2024-11-26
1708,P111,Home,750,4,2025-07-19
1709,P114,Clothing,201,2,2025-09-20
1710,P113,Electronics,199,4,2024-05-27
1711,P103,Home,923,5,2025-03-17
1712,P113,Electronics,629,4,2024-05-11
1713,P107,Grocery,1358,4,2025-08-12
1714,P103,Home,265,1,2024-07-15
1715,P108,Sports,1966,1,2025-04-01
1716,P114,Clothing,1263,1,2024-07-07
1717,P108,Sports,1370,1,2024-07-13
1718,P102,Home,333,2,2024-11-09
1719,P107,Grocery,406,3,2024-08-22
1720,P113,Electronics,1567,3,2024-12-20
1721,P105,Grocery,1179,3,2025-01-01
1722,P108,Sports,140,3,2025-10-24
1723,P112,Clothing,1077,3,2026-03-29
1724,P111,Home,680,2,2025-09-21
1725,P101,Electronics,1396,5,2024-05-01
1726,P101,Electronics,1987,1,2024-10-02
1727,P109,Grocery,1812,4,2025-07-09
1728,P113,Electronics,544,5,2024-06-28
1729,P105,Grocery,834,4,2025-07-25
1730,P109,Grocery,323,5,2025-01-10
1731,P113,Electronics,1176,1,2025-01-30
1732,P101,Electronics,1748,3,2024-12-12
1733,P109,Grocery,961,3,2025-07-29
1734,P104,Grocery,219,4,2026-03-20
1735,P110,Grocery,1481,5,2025-10-23
1736,P112,Clothing,1341,5,2024-07-19
1737,P112,Clothing,327,1,2025-08-18
1738,P101,Electronics,1247,4,2025-01-10
1739,P101,Electronics,350,3,2024-11-25
1740,P101,Electronics,811,4,2025-06-09
1741,P103,Home,1240,1,2024-09-29
1742,P107,Grocery,578,5,2024-08-07
1743,P105,Grocery,1857,3,2025-12-27
1744,P104,Grocery,194,2,2024-05-04
1745,P106,Electronics,861,4,2024-12-27
1746,P112,Clothing,910,2,2025-01-01
1747,P113,Electronics,827,4,2025-08-21
1748,P114,Clothing,1157,3,2024-06-05
1749,P110,Grocery,172,5,2025-07-02
1750,P106,Electronics,891,1,2024-09-25
1751,P102,Home,290,4,2025-01-19
1752,P109,Grocery,187,4,2024-09-27
1753,P113,Electronics,588,1,2024-11-06
1754,P111,Home,1731,4,2025-11-15
1755,P111,Home,1555,1,2024-06-17
1756,P102,Home,1869,5,2024-04-24
1757,P103,Home,1586,2,2026-01-15
1758,P111,Home,1328,5,2024-04-22
1759,P105,Grocery,1734,3,2026-04-11
1760,P111,Home,1517,1,2026-04-07
1761,P106,Electronics,577,4,2025-07-26
1762,P114,Clothing,512,3,2025-01-06
1763,P105,Grocery,397,3,2025-08-05
1764,P107,Grocery,913,5,2026-04-03
1765,P113,Electronics,1162,5,2024-07-21
1766,P112,Clothing,1529,2,2026-01-05
1767,P100,Clothing,503,3,2024-12-14
1768,P114,Clothing,574,5,2025-12-07
1769,P111,Home,1649,2,2025-06-04
1770,P108,Sports,301,3,2026-01-10
1771,P106,Electronics,1099,3,2024-08-24
1772,P101,Electronics,822,1,2026-03-31
1773,P110,Grocery,1233,4,2024-11-16
1774,P102,Home,821,4,2025-03-08
1775,P112,Clothing,662,1,2026-01-16
1776,P111,Home,1058,1,2025-12-26
1777,P114,Clothing,1700,3,2025-01-07
1778,P107,Grocery,957,4,2025-10-08
1779,P105,Grocery,1406,3,2024-12-15
1780,P101,Electronics,163,4,2025-01-04
1781,P114,Clothing,975,5,2024-08-20
1782,P106,Electronics,574,5,2024-12-14
1783,P105,Grocery,279,4,2025-04-18
1784,P107,Grocery,1791,1,2024-09-30
1785,P113,Electronics,1153,1,2025-10-03
1786,P111,Home,1116,2,2024-10-29
1787,P110,Grocery,419,5,2025-06-19
1788,P106,Electronics,583,3,2025-01-14
1789,P102,Home,555,1,2025-04-02
1790,P114,Clothing,1805,1,2024-09-26
1791,P103,Home,1761,5,2024-09-11
1792,P109,Grocery,887,1,2026-02-15
1793,P114,Clothing,647,3,2025-05-12
1794,P100,Clothing,1860,1,2024-08-08
1795,P111,Home,349,5,2026-04-07
1796,P106,Electronics,1307,2,2024-04-27
1797,P104,Grocery,1758,3,2025-11-21
1798,P108,Sports,438,1,2024-11-28
1799,P114,Clothing,619,1,2024-06-18
1800,P101,Electronics,1182,3,2025-08-30
1801,P106,Electronics,520,3,2025-03-25
1802,P107,Grocery,1729,1,2025-02-20
1803,P102,Home,1124,4,2025-11-23
1804,P105,Grocery,225,4,2024-11-24
1805,P111,Home,1175,2,2026-01-29
1806,P114,Clothing,1962,4,2025-04-28
1807,P102,Home,1385,3,2026-04-16
1808,P102,Home,1579,1,2024-11-08
1809,P107,Grocery,131,3,2025-01-31
1810,P107,Grocery,1441,4,2024-05-27
1811,P110,Grocery,455,1,2026-02-27
1812,P101,Electronics,1636,5,2025-11-20
1813,P108,Sports,1792,4,2025-03-08
1814,P101,Electronics,1511,3,2025-08-27
1815,P110,Grocery,754,5,2025-02-03
1816,P112,Clothing,1344,3,2025-08-14
1817,P106,Electronics,400,2,2025-11-12
1818,P110,Grocery,274,2,2025-02-09
1819,P112,Clothing,1933,4,2025-02-28
1820,P104,Grocery,1642,3,2024-04-20
1821,P114,Clothing,257,1,2025-11-03
1822,P112,Clothing,498,3,2025-03-11
1823,P114,Clothing,404,3,2025-06-02
1824,P107,Grocery,400,3,2024-08-22
1825,P100,Clothing,1026,1,2025-10-09
1826,P102,Home,1178,1,2025-11-12
1827,P109,Grocery,394,5,2025-06-14
1828,P105,Grocery,731,5,2025-06-20
1829,P113,Electronics,407,2,2025-09-14
1830,P104,Grocery,784,5,2025-09-12
1831,P111,Home,1205,5,2024-09-22
1832,P103,Home,1035,4,2025-04-30
1833,P108,Sports,1198,1,2025-07-18
1834,P114,Clothing,253,1,2024-05-16
1835,P105,Grocery,1981,2,2025-09-26
1836,P112,Clothing,428,5,2026-03-27
1837,P106,Electronics,1684,4,2025-05-10
1838,P113,Electronics,1740,3,2026-02-21
1839,P100,Clothing,1683,4,2024-08-29
1840,P101,Electronics,1124,4,2024-08-12
1841,P104,Grocery,659,2,2026-01-04
1842,P102,Home,1386,4,2026-01-15
1843,P110,Grocery,1126,1,2024-05-06
1844,P110,Grocery,1450,4,2025-03-26
1845,P112,Clothing,235,5,2025-12-12
1846,P112,Clothing,764,5,2026-03-26
1847,P108,Sports,1600,1,2024-09-28
1848,P104,Grocery,1229,2,2024-06-06
1849,P110,Grocery,707,5,2025-03-22
1850,P106,Electronics,430,4,2024-07-31
1851,P114,Clothing,1832,4,2025-04-13
1852,P103,Home,227,1,2025-07-25
1853,P114,Clothing,1114,2,2025-10-25
1854,P114,Clothing,1185,3,2026-03-11
1855,P108,Sports,1134,1,2024-07-23
1856,P103,Home,1111,4,2024-12-30
1857,P100,Clothing,321,1,2026-02-14
1858,P113,Electronics,404,4,2026-04-09
1859,P100,Clothing,451,5,2024-07-20
1860,P109,Grocery,299,5,2025-04-27
1861,P104,Grocery,196,1,2025-11-14
1862,P112,Clothing,148,5,2025-07-29
1863,P100,Clothing,335,3,2025-03-23
1864,P106,Electronics,178,3,2026-03-14
1865,P104,Grocery,1456,1,2025-09-26
1866,P107,Grocery,1092,2,2026-02-08
1867,P112,Clothing,1575,2,2025-05-08
1868,P101,Electronics,1885,4,2025-03-28
1869,P102,Home,1268,5,2025-12-18
1870,P103,Home,139,1,2024-09-16
1871,P104,Grocery,1602,1,2025-08-03
1872,P112,Clothing,684,4,2024-09-30
1873,P104,Grocery,117,4,2025-09-09
1874,P105,Grocery,653,4,2024-11-28
1875,P103,Home,1518,5,2024-09-28
1876,P102,Home,788,4,2025-11-28
1877,P102,Home,1902,3,2024-09-22
1878,P109,Grocery,645,3,2024-08-19
1879,P101,Electronics,1243,1,2024-08-04
1880,P104,Grocery,1917,1,2024-08-17
1881,P102,Home,302,4,2026-02-09
1882,P112,Clothing,1965,1,2025-01-26
1883,P100,Clothing,602,2,2025-01-19
1884,P108,Sports,913,5,2025-12-05
1885,P109,Grocery,1360,4,2024-12-06
1886,P102,Home,1478,3,2026-01-19
1887,P100,Clothing,1536,2,2024-06-06
1888,P114,Clothing,1154,5,2024-09-12
1889,P100,Clothing,1823,1,2026-02-04
1890,P104,Grocery,469,3,2024-05-17
1891,P104,Grocery,1587,4,2024-09-28
1892,P100,Clothing,1838,2,2026-04-02
1893,P105,Grocery,781,5,2024-05-31
1894,P103,Home,796,1,2025-07-04
1895,P102,Home,1948,2,2026-03-30
1896,P108,Sports,1772,1,2025-11-28
1897,P112,Clothing,1924,1,2025-08-12
1898,P109,Grocery,1816,3,2025-04-11
1899,P110,Grocery,1076,5,2025-05-14
1900,P111,Home,570,2,2025-11-05
1901,P101,Electronics,1806,1,2024-08-20
1902,P102,Home,1929,3,2024-05-18
1903,P102,Home,504,3,2025-04-02
1904,P101,Electronics,1458,5,2025-05-08
1905,P112,Clothing,1612,4,2025-11-21
1906,P111,Home,746,3,2024-08-13
1907,P102,Home,1677,3,2025-05-23
1908,P109,Grocery,497,5,2024-04-29
1909,P100,Clothing,1964,2,2026-03-14
1910,P111,Home,1445,3,2024-11-07
1911,P112,Clothing,944,1,2024-12-08
1912,P107,Grocery,412,4,2025-04-21
1913,P113,Electronics,691,1,2025-03-16
1914,P112,Clothing,1486,5,2025-01-22
1915,P101,Electronics,859,1,2024-10-30
1916,P110,Grocery,1735,5,2024-08-14
1917,P107,Grocery,1500,4,2026-02-13
1918,P112,Clothing,676,5,2024-08-29
1919,P105,Grocery,617,1,2024-07-14
1920,P109,Grocery,1357,5,2024-08-12
1921,P102,Home,186,5,2024-05-31
1922,P106,Electronics,1733,2,2025-06-01
1923,P114,Clothing,143,4,2025-05-20
1924,P104,Grocery,1116,3,2025-12-09
1925,P105,Grocery,1072,3,2024-09-05
1926,P108,Sports,1859,2,2025-04-28
1927,P110,Grocery,1781,4,2025-11-24
1928,P106,Electronics,1158,3,2025-06-29
1929,P107,Grocery,635,4,2026-03-12
1930,P101,Electronics,859,2,2026-03-11
1931,P104,Grocery,1785,5,2025-08-19
1932,P110,Grocery,1996,5,2025-01-15
1933,P100,Clothing,1611,5,2025-05-20
1934,P103,Home,575,5,2025-06-10
1935,P103,Home,781,3,2024-10-20
1936,P112,Clothing,1410,4,2025-07-25
1937,P111,Home,610,3,2025-02-01
1938,P103,Home,1272,1,2024-08-19
1939,P103,Home,399,1,2025-05-19
1940,P109,Grocery,1596,5,2026-03-23
1941,P105,Grocery,1767,2,2025-01-06
1942,P113,Electronics,1697,2,2025-08-23
1943,P112,Clothing,1213,3,2024-06-04
1944,P105,Grocery,779,2,2024-12-20
1945,P105,Grocery,1738,2,2025-06-05
1946,P103,Home,1457,4,2025-03-12
1947,P103,Home,1512,1,2025-12-18
1948,P104,Grocery,604,2,2024-04-30
1949,P105,Grocery,704,3,2025-04-05
1950,P101,Electronics,779,2,2024-08-02
1951,P102,Home,1670,3,2025-01-03
1952,P104,Grocery,1907,5,2025-06-11
1953,P104,Grocery,1737,2,2025-10-28
1954,P106,Electronics,560,2,2025-04-21
1955,P100,Clothing,369,2,2024-10-08
1956,P101,Electronics,344,1,2025-06-16
1957,P101,Electronics,254,4,2025-04-30
1958,P102,Home,1441,2,2025-03-13
1959,P104,Grocery,146,5,2025-04-23
1960,P102,Home,1165,5,2025-02-27
1961,P102,Home,1475,4,2025-12-08
1962,P103,Home,1504,2,2025-04-25
1963,P114,Clothing,1074,5,2026-03-28
1964,P112,Clothing,812,2,2026-01-09
1965,P111,Home,498,2,2025-03-21
1966,P100,Clothing,1915,2,2025-05-03
1967,P107,Grocery,235,2,2025-09-22
1968,P110,Grocery,379,2,2025-08-24
1969,P114,Clothing,425,4,2025-03-30
1970,P111,Home,1281,5,2025-02-24
1971,P106,Electronics,971,1,2025-06-15
1972,P111,Home,945,4,2025-10-01
1973,P107,Grocery,1706,3,2024-08-24
1974,P109,Grocery,827,1,2024-11-17
1975,P113,Electronics,1832,1,2025-03-05
1976,P104,Grocery,1458,1,2025-08-11
1977,P103,Home,1798,4,2025-02-20
1978,P100,Clothing,795,3,2025-08-10
1979,P107,Grocery,1793,4,2024-07-29
1980,P102,Home,1187,5,2025-08-06
1981,P100,Clothing,466,2,2025-09-29
1982,P104,Grocery,640,3,2026-02-12
1983,P108,Sports,769,2,2024-05-10
1984,P100,Clothing,750,1,2024-04-27
1985,P110,Grocery,361,5,2024-07-22
1986,P113,Electronics,1524,3,2025-01-20
1987,P100,Clothing,767,2,2025-03-02
1988,P113,Electronics,1973,4,2025-02-19
1989,P105,Grocery,456,5,2025-02-20
1990,P113,Electronics,1701,3,2025-12-03
1991,P109,Grocery,1634,4,2025-04-30
1992,P107,Grocery,336,2,2026-04-04
1993,P106,Electronics,648,3,2025-06-14
1994,P100,Clothing,1624,2,2024-04-30
1995,P112,Clothing,547,2,2025-08-14
1996,P101,Electronics,914,2,2025-04-13
1997,P113,Electronics,116,2,2024-09-30
1998,P104,Grocery,1615,1,2024-06-29
1999,P102,Home,1729,1,2025-04-30
2000,P113,Electronics,707,3,2024-06-14
2001,P106,Electronics,1949,1,2025-01-27
2002,P112,Clothing,253,2,2026-01-29
2003,P110,Grocery,197,4,2024-08-31
2004,P112,Clothing,1435,1,2025-01-02
2005,P104,Grocery,217,3,2025-12-02
2006,P105,Grocery,982,4,2024-06-10
2007,P101,Electronics,1869,4,2025-06-10
2008,P110,Grocery,1652,2,2025-05-23
2009,P103,Home,1804,2,2024-11-04
2010,P103,Home,1184,2,2024-12-30
2011,P102,Home,1838,2,2024-06-27
2012,P107,Grocery,1586,5,2024-12-31
2013,P104,Grocery,1353,4,2025-09-05
2014,P106,Electronics,670,5,2025-07-10
2015,P109,Grocery,686,3,2025-09-17
2016,P109,Grocery,1027,1,2024-08-27
2017,P107,Grocery,911,5,2025-01-01
2018,P111,Home,1299,5,2025-03-08
2019,P107,Grocery,311,3,2026-02-10
2020,P106,Electronics,1284,2,2026-03-28
2021,P101,Electronics,1489,4,2024-08-26
2022,P107,Grocery,154,3,2025-08-09
2023,P102,Home,756,5,2026-01-25
2024,P100,Clothing,438,1,2025-03-11
2025,P114,Clothing,397,4,2025-01-19
2026,P106,Electronics,542,3,2025-08-26
2027,P101,Electronics,635,4,2026-01-23
2028,P109,Grocery,621,5,2025-02-01
2029,P103,Home,1137,2,2025-04-19
2030,P106,Electronics,1158,3,2024-05-31
2031,P111,Home,1538,3,2024-12-28
2032,P109,Grocery,1969,3,2025-09-14
2033,P111,Home,1851,2,2024-06-04
2034,P104,Grocery,102,3,2024-11-30
2035,P114,Clothing,1070,3,2024-05-15
2036,P107,Grocery,1462,1,2024-10-20
2037,P111,Home,778,2,2024-11-07
2038,P112,Clothing,493,1,2026-03-23
2039,P109,Grocery,677,5,2024-12-28
2040,P102,Home,796,2,2025-08-28
2041,P100,Clothing,125,3,2025-06-09
2042,P114,Clothing,515,1,2025-02-06
2043,P113,Electronics,625,5,2025-11-24
2044,P113,Electronics,534,2,2025-07-07
2045,P106,Electronics,1064,5,2024-10-15
2046,P111,Home,605,1,2025-05-20
2047,P111,Home,1815,2,2025-12-05
2048,P114,Clothing,1015,5,2025-05-25
2049,P114,Clothing,1427,4,2024-10-28
2050,P100,Clothing,512,1,2025-04-05
2051,P102,Home,1481,4,2024-07-20
2052,P102,Home,775,5,2026-02-16
2053,P109,Grocery,1438,5,2026-03-11
2054,P113,Electronics,1652,3,2024-09-08
2055,P101,Electronics,1236,4,2024-05-28
2056,P110,Grocery,148,1,2025-03-14
2057,P108,Sports,220,3,2024-08-04
2058,P102,Home,156,2,2024-05-16
2059,P111,Home,999,5,2026-03-05
2060,P104,Grocery,1430,2,2025-04-27
2061,P104,Grocery,1971,1,2025-10-16
2062,P112,Clothing,1811,5,2026-02-11
2063,P112,Clothing,1925,3,2024-08-02
2064,P107,Grocery,1839,4,2024-10-25
2065,P103,Home,595,5,2026-01-01
2066,P111,Home,570,3,2024-09-28
2067,P100,Clothing,1141,1,2025-05-29
2068,P106,Electronics,1803,1,2025-12-24
2069,P112,Clothing,748,1,2024-09-02
2070,P113,Electronics,1016,2,2024-12-14
2071,P111,Home,1149,2,2024-11-27
2072,P107,Grocery,187,2,2025-01-21
2073,P111,Home,590,1,2025-08-17
2074,P104,Grocery,420,1,2025-11-15
2075,P112,Clothing,904,5,2025-06-26
2076,P112,Clothing,525,1,2024-09-13
2077,P106,Electronics,1050,3,2025-04-16
2078,P108,Sports,1283,4,2025-07-13
2079,P110,Grocery,926,5,2024-12-20
2080,P112,Clothing,1776,4,2024-07-09
2081,P102,Home,743,2,2025-04-13
2082,P102,Home,159,1,2024-09-29
2083,P110,Grocery,152,5,2025-10-13
2084,P112,Clothing,793,5,2025-04-08
2085,P105,Grocery,194,3,2024-05-27
2086,P100,Clothing,1315,5,2024-12-20
2087,P103,Home,300,5,2024-05-27
2088,P112,Clothing,1043,4,2026-01-17
2089,P100,Clothing,1966,1,2026-03-21
2090,P107,Grocery,1974,2,2025-02-24
2091,P104,Grocery,1237,1,2025-09-28
2092,P105,Grocery,1257,2,2024-09-06
2093,P101,Electronics,859,4,2025-07-10
2094,P111,Home,1902,3,2024-09-21
2095,P110,Grocery,1132,4,2025-08-13
2096,P106,Electronics,145,5,2024-11-24
2097,P101,Electronics,834,2,2025-05-04
2098,P104,Grocery,1818,3,2024-05-03
2099,P109,Grocery,991,3,2024-08-15
2100,P113,Electronics,1349,1,2024-08-03
2101,P107,Grocery,1431,2,2025-12-26
2102,P108,Sports,692,2,2024-11-08
2103,P113,Electronics,1366,4,2026-03-19
2104,P107,Grocery,770,4,2025-03-01
2105,P100,Clothing,1513,1,2025-01-11
2106,P110,Grocery,1972,3,2025-12-03
2107,P107,Grocery,244,5,2025-06-15
2108,P103,Home,1729,1,2024-09-16
2109,P100,Clothing,1896,2,2026-03-11
2110,P104,Grocery,214,3,2024-04-29
2111,P105,Grocery,1577,5,2026-01-08
2112,P107,Grocery,1898,5,2024-11-22
2113,P100,Clothing,943,4,2026-02-11
2114,P111,Home,164,1,2025-03-12
2115,P110,Grocery,1199,2,2024-07-10
2116,P100,Clothing,1125,1,2025-10-08
2117,P106,Electronics,514,4,2025-03-01
2118,P106,Electronics,1811,5,2025-08-29
2119,P114,Clothing,1780,1,2025-09-08
2120,P110,Grocery,906,4,2024-12-03
2121,P102,Home,1123,3,2025-04-01
2122,P107,Grocery,963,5,2026-01-23
2123,P100,Clothing,1206,2,2024-05-28
2124,P111,Home,1899,3,2026-02-02
2125,P111,Home,1021,1,2024-05-20
2126,P113,Electronics,1043,1,2024-07-27
2127,P101,Electronics,682,5,2025-11-08
2128,P112,Clothing,1277,5,2026-03-01
2129,P108,Sports,1208,5,2026-03-18
2130,P108,Sports,545,5,2025-05-24
2131,P112,Clothing,288,4,2025-07-01
2132,P103,Home,1796,1,2025-06-10
2133,P101,Electronics,1127,4,2025-09-29
2134,P101,Electronics,605,4,2025-05-18
2135,P101,Electronics,1929,1,2025-09-21
2136,P112,Clothing,1474,4,2025-04-03
2137,P112,Clothing,416,1,2024-06-16
2138,P101,Electronics,346,4,2026-01-01
2139,P100,Clothing,1529,3,2025-03-04
2140,P113,Electronics,836,2,2026-01-26
2141,P109,Grocery,1622,1,2025-06-02
2142,P114,Clothing,1194,3,2025-01-12
2143,P103,Home,640,4,2024-05-01
2144,P113,Electronics,625,3,2025-07-08
2145,P107,Grocery,1483,1,2024-06-24
2146,P106,Electronics,1078,4,2025-01-31
2147,P102,Home,1960,4,2025-07-12
2148,P114,Clothing,974,2,2025-04-25
2149,P113,Electronics,1528,1,2025-09-19
2150,P101,Electronics,1170,5,2024-06-02
2151,P108,Sports,190,1,2025-02-14
2152,P110,Grocery,1653,1,2025-06-21
2153,P112,Clothing,1755,2,2024-07-15
2154,P107,Grocery,109,5,2026-01-07
2155,P101,Electronics,1156,5,2024-10-08
2156,P113,Electronics,484,4,2025-05-08
2157,P109,Grocery,836,4,2026-01-23
2158,P103,Home,124,3,2024-10-08
2159,P114,Clothing,831,2,2025-11-01
2160,P112,Clothing,127,4,2024-09-10
2161,P109,Grocery,1464,4,2024-06-18
2162,P111,Home,704,5,2025-12-18
2163,P114,Clothing,244,2,2025-06-14
2164,P106,Electronics,1701,3,2024-10-23
2165,P100,Clothing,1116,4,2026-03-07
2166,P112,Clothing,1468,1,2025-08-28
2167,P113,Electronics,375,4,2024-11-17
2168,P112,Clothing,1758,3,2026-04-08
2169,P107,Grocery,1036,2,2025-03-28
2170,P112,Clothing,1456,2,2024-09-08
2171,P106,Electronics,553,5,2024-10-17
2172,P114,Clothing,122,4,2024-06-16
2173,P112,Clothing,377,4,2025-09-06
2174,P114,Clothing,1928,3,2025-01-22
2175,P106,Electronics,1756,5,2026-03-18
2176,P109,Grocery,1232,3,2024-06-13
2177,P101,Electronics,1834,3,2024-05-05
2178,P106,Electronics,1271,4,2025-08-18
2179,P109,Grocery,1635,1,2024-07-13
2180,P113,Electronics,1360,1,2025-03-16
2181,P114,Clothing,513,2,2025-04-08
2182,P112,Clothing,541,1,2025-06-19
2183,P110,Grocery,1542,5,2025-02-26
2184,P108,Sports,1003,5,2025-07-09
2185,P113,Electronics,1547,4,2025-04-26
2186,P113,Electronics,1837,1,2025-03-07
2187,P106,Electronics,830,2,2024-08-31
2188,P103,Home,684,2,2026-04-12
2189,P104,Grocery,1758,3,2024-08-22
2190,P111,Home,1192,3,2025-04-20
2191,P100,Clothing,304,2,2025-01-30
2192,P111,Home,1119,4,2025-09-12
2193,P105,Grocery,457,5,2026-01-27
2194,P109,Grocery,395,2,2025-04-05
2195,P109,Grocery,375,1,2025-02-12
2196,P107,Grocery,754,3,2025-04-03
2197,P101,Electronics,1393,1,2026-01-16
2198,P113,Electronics,1286,4,2025-04-26
2199,P102,Home,322,4,2025-11-14
2200,P102,Home,231,4,2026-01-12
2201,P110,Grocery,522,4,2024-06-17
2202,P104,Grocery,711,1,2024-09-29
2203,P107,Grocery,452,1,2024-04-24
2204,P104,Grocery,1305,4,2025-12-18
2205,P103,Home,1262,5,2024-06-10
2206,P109,Grocery,620,1,2025-03-18
2207,P101,Electronics,579,2,2026-01-20
2208,P104,Grocery,623,1,2025-06-14
2209,P110,Grocery,439,5,2024-12-11
2210,P111,Home,759,1,2024-09-27
2211,P105,Grocery,342,3,2025-09-19
2212,P101,Electronics,1664,1,2024-07-20
2213,P104,Grocery,1255,5,2025-01-23
2214,P112,Clothing,1672,3,2025-04-16
2215,P103,Home,881,3,2024-05-11
2216,P101,Electronics,1682,3,2026-03-08
2217,P104,Grocery,1459,1,2025-03-21
2218,P110,Grocery,1094,2,2024-05-14
2219,P105,Grocery,1164,3,2025-12-31
2220,P109,Grocery,1710,3,2026-01-10
2221,P103,Home,1873,1,2025-06-12
2222,P110,Grocery,1292,2,2025-09-15
2223,P105,Grocery,759,1,2025-11-21
2224,P114,Clothing,1447,2,2024-09-20
2225,P112,Clothing,1119,1,2024-09-15
2226,P104,Grocery,1458,2,2025-02-02
2227,P109,Grocery,1967,1,2026-01-27
2228,P102,Home,1842,2,2025-08-03
2229,P111,Home,1678,1,2025-12-24
2230,P108,Sports,196,1,2025-01-24
2231,P112,Clothing,141,3,2025-11-15
2232,P106,Electronics,247,4,2026-01-14
2233,P102,Home,1127,5,2025-02-27
2234,P110,Grocery,438,2,2025-11-19
2235,P113,Electronics,992,4,2025-12-10
2236,P106,Electronics,1661,3,2024-11-13
2237,P105,Grocery,1671,2,2024-11-03
2238,P105,Grocery,662,2,2024-09-10
2239,P110,Grocery,1135,3,2025-12-31
2240,P106,Electronics,1345,5,2024-08-14
2241,P106,Electronics,1118,1,2025-02-02
2242,P100,Clothing,1919,5,2025-10-05
2243,P111,Home,909,2,2025-10-14
2244,P100,Clothing,491,2,2024-08-08
2245,P106,Electronics,479,2,2025-01-29
2246,P106,Electronics,565,1,2025-08-07
2247,P113,Electronics,1929,2,2024-07-11
2248,P111,Home,1671,1,2024-05-17
2249,P100,Clothing,1837,3,2024-05-09
2250,P114,Clothing,1798,1,2025-10-17
2251,P111,Home,1798,4,2024-08-31
2252,P100,Clothing,1610,1,2025-09-26
2253,P113,Electronics,194,5,2026-01-30
2254,P109,Grocery,950,5,2024-05-01
2255,P100,Clothing,255,2,2025-04-08
2256,P105,Grocery,408,1,2024-05-06
2257,P105,Grocery,1016,1,2025-06-07
2258,P112,Clothing,936,3,2025-07-26
2259,P106,Electronics,510,5,2024-05-14
2260,P111,Home,405,1,2025-08-27
2261,P109,Grocery,818,3,2024-07-15
2262,P104,Grocery,1075,2,2025-06-30
2263,P106,Electronics,570,5,2025-01-14
2264,P106,Electronics,199,2,2025-05-04
2265,P107,Grocery,122,1,2026-04-08
2266,P113,Electronics,363,1,2024-08-08
2267,P101,Electronics,734,1,2024-10-26
2268,P109,Grocery,1407,1,2025-09-04
2269,P107,Grocery,712,5,2025-05-02
2270,P114,Clothing,1462,3,2025-09-04
2271,P100,Clothing,859,4,2025-05-10
2272,P107,Grocery,495,1,2025-09-20
2273,P106,Electronics,854,5,2024-11-19
2274,P111,Home,585,2,2024-07-17
2275,P110,Grocery,807,4,2025-11-13
2276,P103,Home,1223,5,2024-06-23
2277,P105,Grocery,370,1,2026-01-28
2278,P100,Clothing,1294,3,2024-04-23
2279,P101,Electronics,1116,2,2025-05-14
2280,P113,Electronics,160,1,2026-02-12
2281,P102,Home,1570,5,2026-03-25
2282,P111,Home,658,4,2025-12-03
2283,P113,Electronics,192,3,2026-01-14
2284,P109,Grocery,1438,4,2025-07-23
2285,P111,Home,544,2,2026-03-07
2286,P108,Sports,945,2,2024-10-23
2287,P105,Grocery,1442,4,2025-10-15
2288,P113,Electronics,1660,5,2025-12-18
2289,P105,Grocery,1796,4,2025-09-18
2290,P101,Electronics,660,3,2024-11-22
2291,P101,Electronics,1827,5,2025-12-03
2292,P102,Home,577,4,2025-08-02
2293,P109,Grocery,1733,3,2025-04-11
2294,P111,Home,247,3,2024-08-09
2295,P113,Electronics,1675,3,2024-07-26
2296,P112,Clothing,922,4,2024-08-29
2297,P114,Clothing,329,1,2025-12-15
2298,P113,Electronics,531,2,2024-07-31
2299,P104,Grocery,1385,3,2026-02-07
2300,P114,Clothing,1710,1,2025-10-17
2301,P101,Electronics,421,4,2024-11-24
2302,P100,Clothing,1117,2,2025-07-17
2303,P111,Home,829,2,2024-11-29
2304,P114,Clothing,621,4,2025-09-08
2305,P111,Home,1706,4,2024-07-15
2306,P104,Grocery,1043,3,2025-01-27
2307,P106,Electronics,643,2,2024-05-04
2308,P101,Electronics,660,3,2024-08-07
2309,P112,Clothing,860,1,2026-01-27
2310,P106,Electronics,830,3,2026-01-06
2311,P105,Grocery,1747,1,2025-05-15
2312,P111,Home,1507,1,2025-03-13
2313,P106,Electronics,616,5,2025-06-19
2314,P101,Electronics,276,5,2025-11-14
2315,P101,Electronics,210,1,2024-12-23
2316,P105,Grocery,1774,5,2026-03-31
2317,P107,Grocery,1268,2,2025-06-24
2318,P114,Clothing,1952,1,2024-08-01
2319,P103,Home,1871,1,2025-06-22
2320,P100,Clothing,611,2,2026-03-27
2321,P102,Home,424,2,2024-09-22
2322,P101,Electronics,652,4,2026-04-15
2323,P109,Grocery,309,2,2024-10-03
2324,P114,Clothing,1019,5,2025-10-09
2325,P105,Grocery,1868,1,2026-02-15
2326,P113,Electronics,470,4,2025-10-08
2327,P101,Electronics,1818,4,2026-02-17
2328,P103,Home,611,3,2024-11-21
2329,P114,Clothing,497,5,2025-08-18
2330,P112,Clothing,874,4,2024-04-25
2331,P109,Grocery,771,3,2025-04-09
2332,P109,Grocery,336,1,2024-11-16
2333,P107,Grocery,363,4,2026-03-02
2334,P114,Clothing,169,1,2025-07-04
2335,P114,Clothing,1738,1,2024-07-16
2336,P100,Clothing,182,3,2024-06-06
2337,P104,Grocery,154,2,2025-11-05
2338,P113,Electronics,585,1,2024-08-09
2339,P105,Grocery,513,5,2026-04-06
2340,P105,Grocery,362,2,2026-03-28
2341,P101,Electronics,493,2,2025-12-15
2342,P105,Grocery,1206,4,2025-01-30
2343,P110,Grocery,1874,5,2025-10-24
2344,P101,Electronics,1314,2,2024-09-06
2345,P114,Clothing,1796,3,2026-03-31
2346,P103,Home,1281,1,2024-08-01
2347,P106,Electronics,988,3,2026-01-28
2348,P112,Clothing,1594,4,2024-10-24
2349,P106,Electronics,1854,5,2026-01-30
2350,P109,Grocery,841,3,2024-04-29
2351,P111,Home,1192,1,2024-06-27
2352,P113,Electronics,467,5,2025-01-04
2353,P107,Grocery,1299,3,2025-07-11
2354,P101,Electronics,1249,2,2025-05-22
2355,P104,Grocery,1076,1,2024-06-21
2356,P110,Grocery,1605,2,2025-12-23
2357,P103,Home,1006,2,2024-09-30
2358,P112,Clothing,627,5,2024-08-22
2359,P105,Grocery,860,1,2025-09-06
2360,P103,Home,737,4,2025-03-02
2361,P108,Sports,963,2,2026-04-04
2362,P108,Sports,1810,1,2024-04-28
2363,P100,Clothing,740,2,2025-02-18
2364,P105,Grocery,1319,2,2025-07-11
2365,P113,Electronics,981,4,2024-10-19
2366,P105,Grocery,1669,2,2025-04-28
2367,P101,Electronics,703,3,2024-08-20
2368,P113,Electronics,671,2,2024-11-04
2369,P102,Home,1660,1,2025-03-11
2370,P106,Electronics,1102,5,2024-09-20
2371,P105,Grocery,1424,4,2024-06-03
2372,P107,Grocery,611,2,2025-03-18
2373,P111,Home,227,5,2025-07-03
2374,P113,Electronics,1056,1,2024-04-25
2375,P114,Clothing,613,3,2026-01-26
2376,P114,Clothing,1168,1,2025-07-18
2377,P104,Grocery,1278,1,2025-04-21
2378,P110,Grocery,402,2,2024-08-11
2379,P101,Electronics,1740,3,2025-08-13
2380,P114,Clothing,1918,4,2024-12-25
2381,P112,Clothing,1806,4,2025-11-15
2382,P105,Grocery,1434,1,2025-05-21
2383,P101,Electronics,1487,2,2025-06-02
2384,P100,Clothing,1326,1,2025-04-18
2385,P102,Home,369,4,2024-09-21
2386,P113,Electronics,669,4,2024-06-06
2387,P107,Grocery,1195,5,2024-07-06
2388,P113,Electronics,1500,5,2026-03-26
2389,P109,Grocery,1631,2,2025-10-22
2390,P102,Home,184,5,2025-10-19
2391,P110,Grocery,1429,1,2024-06-29
2392,P104,Grocery,1684,1,2024-12-03
2393,P106,Electronics,1169,4,2025-04-30
2394,P114,Clothing,1476,4,2025-09-04
2395,P106,Electronics,1252,2,2026-01-29
2396,P110,Grocery,662,4,2024-05-26
2397,P112,Clothing,985,5,2024-11-08
2398,P114,Clothing,936,5,2024-10-28
2399,P105,Grocery,1374,2,2025-11-06
2400,P102,Home,1111,5,2025-05-07
2401,P114,Clothing,639,1,2025-11-11
2402,P101,Electronics,1070,2,2024-07-24
2403,P107,Grocery,1238,4,2025-03-16
2404,P102,Home,213,4,2025-09-01
2405,P109,Grocery,1334,5,2025-12-21
2406,P108,Sports,1918,4,2025-01-21
2407,P105,Grocery,1626,4,2024-12-01
2408,P109,Grocery,440,5,2026-02-10
2409,P114,Clothing,976,1,2024-06-10
2410,P113,Electronics,1525,1,2025-02-22
2411,P105,Grocery,1161,4,2024-08-18
2412,P108,Sports,1841,4,2024-07-04
2413,P103,Home,249,1,2025-08-11
2414,P110,Grocery,985,1,2025-10-27
2415,P113,Electronics,911,3,2025-04-04
2416,P110,Grocery,909,2,2024-06-21
2417,P101,Electronics,1802,4,2025-07-26
2418,P111,Home,776,5,2025-07-17
2419,P114,Clothing,257,5,2024-10-05
2420,P105,Grocery,424,5,2025-03-13
2421,P104,Grocery,1153,2,2024-12-14
2422,P107,Grocery,1575,2,2025-01-23
2423,P111,Home,496,5,2025-08-13
2424,P109,Grocery,1120,2,2024-05-26
2425,P108,Sports,887,3,2025-03-08
2426,P114,Clothing,1462,4,2025-08-23
2427,P103,Home,713,4,2025-01-31
2428,P110,Grocery,388,1,2025-01-30
2429,P111,Home,606,3,2025-05-20
2430,P108,Sports,891,1,2024-07-06
2431,P111,Home,1835,4,2025-05-18
2432,P105,Grocery,1178,5,2025-03-06
2433,P103,Home,412,1,2025-07-12
2434,P100,Clothing,1403,4,2024-09-07
2435,P101,Electronics,1915,3,2025-10-27
2436,P101,Electronics,1660,4,2025-08-26
2437,P111,Home,1703,3,2025-01-16
2438,P103,Home,1899,3,2024-07-11
2439,P112,Clothing,226,3,2024-12-11
2440,P107,Grocery,787,2,2024-10-14
2441,P109,Grocery,1499,4,2025-10-21
2442,P106,Electronics,1225,1,2024-11-16
2443,P104,Grocery,1875,4,2025-01-25
2444,P100,Clothing,500,4,2025-03-13
2445,P106,Electronics,326,2,2026-03-10
2446,P102,Home,1026,3,2025-08-27
2447,P113,Electronics,680,5,2025-09-13
2448,P103,Home,1999,4,2024-12-18
2449,P109,Grocery,1706,2,2024-08-01
2450,P101,Electronics,1197,5,2024-08-07
2451,P110,Grocery,1724,4,2024-04-18
2452,P101,Electronics,1172,4,2025-03-03
2453,P104,Grocery,1414,3,2025-05-04
2454,P102,Home,1903,1,2025-11-28
2455,P102,Home,635,1,2025-02-08
2456,P103,Home,1839,5,2025-02-02
2457,P103,Home,235,3,2025-04-19
2458,P106,Electronics,1605,4,2026-04-11
2459,P107,Grocery,1953,1,2024-05-23
2460,P100,Clothing,1734,2,2025-05-25
2461,P102,Home,1631,2,2025-07-02
2462,P109,Grocery,713,3,2024-12-12
2463,P105,Grocery,638,4,2024-09-13
2464,P110,Grocery,303,4,2025-01-31
2465,P101,Electronics,1654,4,2026-01-08
2466,P112,Clothing,629,1,2026-01-09
2467,P107,Grocery,1300,3,2024-07-17
2468,P105,Grocery,850,4,2025-12-23
2469,P101,Electronics,1874,1,2025-05-07
2470,P100,Clothing,107,2,2025-09-13
2471,P109,Grocery,1502,1,2024-07-18
2472,P105,Grocery,120,3,2025-01-01
2473,P105,Grocery,119,3,2025-11-03
2474,P100,Clothing,1449,4,2025-01-21
2475,P106,Electronics,999,4,2025-11-18
2476,P111,Home,1527,3,2025-07-11
2477,P111,Home,1958,2,2025-08-08
2478,P107,Grocery,1487,1,2025-03-07
2479,P100,Clothing,145,2,2026-03-27
2480,P106,Electronics,947,4,2025-07-24
2481,P113,Electronics,370,3,2024-10-07
2482,P108,Sports,1576,2,2025-08-12
2483,P107,Grocery,1692,2,2024-10-10
2484,P105,Grocery,1731,5,2024-05-05
2485,P107,Grocery,720,2,2024-12-02
2486,P100,Clothing,501,4,2024-09-30
2487,P105,Grocery,1618,4,2024-04-30
2488,P113,Electronics,1808,1,2025-12-22
2489,P111,Home,1559,2,2024-06-10
2490,P100,Clothing,1960,2,2025-04-28
2491,P106,Electronics,686,5,2024-12-18
2492,P113,Electronics,589,3,2025-01-26
2493,P113,Electronics,966,4,2024-07-21
2494,P105,Grocery,350,4,2025-07-10
2495,P110,Grocery,1232,1,2024-11-12
2496,P105,Grocery,1842,1,2024-05-10
2497,P107,Grocery,1030,2,2025-04-04
2498,P111,Home,1700,5,2026-03-14
2499,P101,Electronics,1364,3,2026-04-07
2500,P113,Electronics,393,3,2025-05-03
2501,P105,Grocery,1894,5,2026-01-11
2502,P114,Clothing,194,1,2024-12-22
2503,P111,Home,236,4,2025-07-13
2504,P106,Electronics,1476,2,2024-08-19
2505,P106,Electronics,1338,5,2025-01-26
2506,P101,Electronics,602,5,2026-04-09
2507,P109,Grocery,1520,1,2025-05-23
2508,P103,Home,1589,4,2026-01-29
2509,P111,Home,1607,3,2024-11-23
2510,P106,Electronics,1580,3,2024-11-10
2511,P110,Grocery,950,2,2024-04-21
2512,P111,Home,653,2,2025-05-08
2513,P108,Sports,647,4,2025-12-08
2514,P108,Sports,967,3,2025-10-20
2515,P104,Grocery,508,5,2026-04-18
2516,P105,Grocery,1532,3,2026-03-01
2517,P103,Home,1704,3,2024-04-23
2518,P100,Clothing,217,4,2024-09-28
2519,P100,Clothing,1664,4,2024-10-03
2520,P108,Sports,562,5,2025-10-24
2521,P100,Clothing,591,5,2024-08-25
2522,P112,Clothing,768,3,2025-10-24
2523,P114,Clothing,459,4,2025-09-17
2524,P111,Home,820,3,2025-11-13
2525,P109,Grocery,322,3,2026-03-20
2526,P101,Electronics,1095,1,2024-08-13
2527,P101,Electronics,620,3,2024-07-12
2528,P103,Home,1139,5,2025-10-04
2529,P109,Grocery,1699,1,2024-05-10
2530,P104,Grocery,483,5,2024-08-23
2531,P112,Clothing,1413,5,2025-05-11
2532,P112,Clothing,1885,3,2024-11-09
2533,P109,Grocery,1090,1,2025-02-28
2534,P113,Electronics,1348,4,2025-06-18
2535,P112,Clothing,1211,4,2024-07-02
2536,P110,Grocery,295,1,2025-07-20
2537,P107,Grocery,572,5,2024-10-20
2538,P105,Grocery,1271,1,2024-04-20
2539,P114,Clothing,369,5,2025-07-25
2540,P113,Electronics,975,5,2025-03-03
2541,P103,Home,1986,2,2025-02-11
2542,P108,Sports,829,1,2026-03-08
2543,P100,Clothing,1848,4,2025-12-21
2544,P104,Grocery,1136,2,2026-01-16
2545,P104,Grocery,1068,4,2025-12-04
2546,P102,Home,303,3,2025-02-03
2547,P104,Grocery,1461,5,2026-03-01
2548,P105,Grocery,1387,2,2025-02-26
2549,P108,Sports,258,1,2024-11-26
2550,P105,Grocery,196,5,2024-11-28
2551,P113,Electronics,650,4,2026-01-19
2552,P112,Clothing,904,3,2025-04-10
2553,P112,Clothing,1793,1,2025-12-11
2554,P109,Grocery,1989,3,2025-04-13
2555,P112,Clothing,554,1,2025-06-30
2556,P104,Grocery,277,2,2025-11-13
2557,P107,Grocery,572,1,2024-08-31
2558,P114,Clothing,1221,5,2024-04-26
2559,P114,Clothing,119,1,2024-08-25
2560,P105,Grocery,160,3,2026-04-13
2561,P107,Grocery,516,3,2024-04-30
2562,P103,Home,697,4,2024-06-14
2563,P101,Electronics,1224,2,2025-04-20
2564,P108,Sports,1188,2,2025-09-15
2565,P100,Clothing,1740,3,2025-05-18
2566,P101,Electronics,372,5,2026-03-26
2567,P101,Electronics,857,2,2025-02-18
2568,P102,Home,1035,2,2025-05-28
2569,P105,Grocery,713,1,2026-01-29
2570,P105,Grocery,590,5,2025-03-27
2571,P112,Clothing,451,4,2025-06-11
2572,P111,Home,1691,5,2025-06-14
2573,P113,Electronics,1400,4,2025-02-10
2574,P107,Grocery,206,3,2025-05-05
2575,P110,Grocery,607,5,2026-03-28
2576,P101,Electronics,223,3,2026-04-14
2577,P104,Grocery,743,2,2025-11-03
2578,P100,Clothing,539,5,2025-04-08
2579,P114,Clothing,1684,2,2024-07-22
2580,P107,Grocery,1842,4,2024-04-30
2581,P106,Electronics,1065,4,2024-11-20
2582,P110,Grocery,1013,5,2025-03-17
2583,P101,Electronics,1847,5,2025-03-28
2584,P102,Home,1993,2,2025-07-15
2585,P109,Grocery,1756,2,2025-02-03
2586,P105,Grocery,1398,5,2025-06-08
2587,P103,Home,215,4,2025-11-22
2588,P112,Clothing,1524,5,2024-04-19
2589,P103,Home,608,2,2024-07-03
2590,P100,Clothing,931,1,2025-08-07
2591,P111,Home,1251,1,2024-08-25
2592,P110,Grocery,397,5,2025-06-26
2593,P114,Clothing,1566,4,2025-06-15
2594,P103,Home,1615,2,2025-07-17
2595,P107,Grocery,866,1,2025-01-26
2596,P109,Grocery,978,4,2024-05-24
2597,P111,Home,504,4,2024-05-30
2598,P102,Home,1189,2,2025-07-08
2599,P114,Clothing,1594,2,2024-10-24
2600,P111,Home,1545,5,2025-12-06
2601,P102,Home,1259,1,2025-06-04
2602,P111,Home,976,3,2025-05-15
2603,P103,Home,1755,5,2024-11-14
2604,P103,Home,1358,5,2024-08-06
2605,P101,Electronics,485,3,2026-01-03
2606,P112,Clothing,1210,5,2025-10-29
2607,P111,Home,637,5,2025-12-26
2608,P113,Electronics,114,3,2025-11-06
2609,P101,Electronics,899,3,2025-07-18
2610,P112,Clothing,482,5,2026-01-09
2611,P114,Clothing,464,4,2026-04-14
2612,P111,Home,1188,5,2026-01-01
2613,P110,Grocery,1498,5,2025-11-17
2614,P103,Home,635,3,2025-05-25
2615,P102,Home,1216,2,2025-06-17
2616,P108,Sports,1928,3,2025-08-22
2617,P106,Electronics,1307,4,2025-01-22
2618,P108,Sports,403,5,2024-06-15
2619,P109,Grocery,1446,4,2026-02-20
2620,P104,Grocery,1034,3,2025-05-29
2621,P112,Clothing,771,2,2024-09-17
2622,P105,Grocery,537,2,2024-05-09
2623,P108,Sports,666,5,2025-05-21
2624,P113,Electronics,1925,5,2025-08-31
2625,P114,Clothing,490,4,2026-04-13
2626,P111,Home,1143,1,2025-06-20
2627,P112,Clothing,1191,4,2025-05-12
2628,P104,Grocery,1949,1,2025-03-09
2629,P106,Electronics,1265,2,2024-12-03
2630,P110,Grocery,1314,4,2026-03-20
2631,P112,Clothing,446,5,2026-02-25
2632,P111,Home,1441,2,2024-06-14
2633,P113,Electronics,1961,4,2024-06-10
2634,P113,Electronics,1897,1,2025-02-23
2635,P106,Electronics,1758,2,2025-03-10
2636,P104,Grocery,372,2,2025-07-08
2637,P114,Clothing,625,2,2025-03-07
2638,P100,Clothing,1520,3,2025-07-18
2639,P113,Electronics,390,4,2026-02-12
2640,P104,Grocery,477,1,2024-11-04
2641,P109,Grocery,204,2,2024-10-19
2642,P101,Electronics,1651,3,2025-07-26
2643,P112,Clothing,1631,1,2024-06-23
2644,P105,Grocery,1209,3,2025-11-17
2645,P100,Clothing,137,5,2025-11-23
2646,P114,Clothing,1684,2,2024-09-10
2647,P104,Grocery,619,5,2025-10-14
2648,P100,Clothing,1787,3,2024-08-20
2649,P104,Grocery,1343,1,2025-04-02
2650,P104,Grocery,1938,1,2026-03-05
2651,P104,Grocery,1245,5,2025-05-08
2652,P110,Grocery,1034,3,2024-08-01
2653,P108,Sports,284,2,2024-05-19
2654,P107,Grocery,804,1,2026-02-09
2655,P108,Sports,302,4,2025-03-12
2656,P109,Grocery,1055,2,2025-09-23
2657,P108,Sports,1149,3,2025-11-03
2658,P104,Grocery,666,4,2025-02-07
2659,P114,Clothing,1376,4,2025-09-29
2660,P114,Clothing,978,4,2025-07-05
2661,P110,Grocery,499,3,2026-03-30
2662,P108,Sports,1641,3,2026-03-20
2663,P112,Clothing,1484,3,2025-05-24
2664,P113,Electronics,307,3,2025-03-08
2665,P102,Home,1749,1,2024-06-29
2666,P113,Electronics,1895,1,2025-01-06
2667,P107,Grocery,457,1,2026-02-11
2668,P113,Electronics,314,1,2025-08-26
2669,P107,Grocery,429,4,2026-01-13
2670,P114,Clothing,356,2,2025-01-28
2671,P101,Electronics,1211,5,2024-05-29
2672,P106,Electronics,837,3,2024-09-22
2673,P105,Grocery,1653,1,2025-02-12
2674,P104,Grocery,1369,2,2025-11-10
2675,P108,Sports,595,4,2025-12-12
2676,P108,Sports,349,2,2026-01-12
2677,P112,Clothing,1938,2,2026-03-17
2678,P100,Clothing,505,1,2024-09-12
2679,P101,Electronics,1145,4,2026-03-31
2680,P106,Electronics,1362,2,2024-12-13
2681,P112,Clothing,1306,1,2024-12-22
2682,P113,Electronics,1926,2,2025-07-19
2683,P109,Grocery,1115,4,2025-06-13
2684,P111,Home,1778,3,2025-11-11
2685,P110,Grocery,1061,2,2025-06-09
2686,P113,Electronics,535,5,2025-03-18
2687,P103,Home,845,4,2024-05-31
2688,P105,Grocery,1908,5,2024-07-15
2689,P101,Electronics,1398,1,2025-07-15
2690,P107,Grocery,1883,2,2025-02-03
2691,P100,Clothing,1905,1,2026-04-06
2692,P109,Grocery,1277,4,2024-06-19
2693,P109,Grocery,754,1,2025-06-29
2694,P108,Sports,1048,5,2024-05-02
2695,P104,Grocery,379,5,2025-05-15
2696,P104,Grocery,344,4,2025-08-02
2697,P103,Home,1227,2,2025-06-20
2698,P107,Grocery,1277,4,2025-12-19
2699,P110,Grocery,381,5,2024-11-25
2700,P107,Grocery,1227,1,2024-08-18
2701,P107,Grocery,1718,2,2025-02-24
2702,P100,Clothing,555,4,2025-02-20
2703,P101,Electronics,1781,4,2024-09-20
2704,P103,Home,125,2,2025-09-11
2705,P108,Sports,1560,2,2024-05-24
2706,P101,Electronics,106,4,2025-03-02
2707,P104,Grocery,1569,3,2026-02-10
2708,P100,Clothing,1667,5,2025-07-30
2709,P112,Clothing,1148,1,2025-11-25
2710,P101,Electronics,1668,3,2024-06-25
2711,P102,Home,1924,3,2025-10-12
2712,P113,Electronics,421,4,2025-10-31
2713,P110,Grocery,1409,4,2024-09-26
2714,P111,Home,1407,1,2025-11-22
2715,P105,Grocery,214,3,2025-08-29
2716,P109,Grocery,610,3,2024-10-07
2717,P108,Sports,892,3,2025-01-23
2718,P109,Grocery,1415,1,2025-09-07
2719,P102,Home,242,1,2025-09-19
2720,P104,Grocery,1044,3,2025-02-10
2721,P109,Grocery,117,4,2024-06-09
2722,P111,Home,1882,1,2025-03-14
2723,P106,Electronics,1123,4,2025-07-12
2724,P108,Sports,541,5,2025-07-22
2725,P101,Electronics,1507,1,2025-04-06
2726,P113,Electronics,363,4,2025-12-26
2727,P105,Grocery,1950,3,2025-10-07
2728,P110,Grocery,837,2,2026-04-17
2729,P104,Grocery,1798,5,2025-12-08
2730,P103,Home,554,3,2025-08-14
2731,P113,Electronics,1217,1,2026-01-11
2732,P114,Clothing,1028,5,2025-03-02
2733,P101,Electronics,480,3,2025-07-05
2734,P107,Grocery,586,2,2025-08-15
2735,P111,Home,1822,4,2024-09-29
2736,P101,Electronics,1808,2,2025-02-07
2737,P104,Grocery,1145,3,2025-04-12
2738,P113,Electronics,976,5,2025-09-03
2739,P106,Electronics,1863,5,2025-06-20
2740,P105,Grocery,1072,3,2025-05-13
2741,P107,Grocery,564,1,2025-09-11
2742,P105,Grocery,1407,2,2026-03-17
2743,P106,Electronics,676,3,2024-06-29
2744,P109,Grocery,1773,2,2024-07-10
2745,P105,Grocery,444,2,2025-07-17
2746,P101,Electronics,935,2,2025-08-04
2747,P102,Home,756,5,2026-02-01
2748,P104,Grocery,205,2,2025-03-03
2749,P106,Electronics,1628,2,2026-03-14
2750,P105,Grocery,170,5,2024-09-25
2751,P114,Clothing,1574,2,2025-07-16
2752,P110,Grocery,1739,5,2025-02-04
2753,P111,Home,1849,1,2024-05-01
2754,P102,Home,230,3,2024-12-12
2755,P103,Home,872,3,2025-08-28
2756,P111,Home,282,5,2024-05-18
2757,P107,Grocery,572,1,2025-05-18
2758,P105,Grocery,380,1,2026-03-09
2759,P105,Grocery,1182,5,2026-04-02
2760,P108,Sports,819,2,2025-08-01
2761,P110,Grocery,129,1,2024-06-15
2762,P105,Grocery,888,1,2025-10-01
2763,P113,Electronics,1397,2,2024-09-07
2764,P107,Grocery,1547,2,2025-11-17
2765,P112,Clothing,587,4,2026-03-07
2766,P108,Sports,444,5,2024-11-09
2767,P102,Home,773,2,2024-07-28
2768,P103,Home,746,4,2024-10-26
2769,P113,Electronics,649,4,2024-09-07
2770,P112,Clothing,852,2,2024-11-20
2771,P100,Clothing,1682,1,2024-05-16
2772,P107,Grocery,1260,3,2024-07-12
2773,P111,Home,860,5,2026-02-13
2774,P100,Clothing,1053,5,2024-09-20
2775,P113,Electronics,1978,4,2025-12-12
2776,P110,Grocery,539,5,2025-03-13
2777,P113,Electronics,1300,1,2024-09-23
2778,P109,Grocery,1735,5,2024-06-25
2779,P101,Electronics,1343,5,2025-02-02
2780,P111,Home,220,2,2025-04-17
2781,P113,Electronics,1143,5,2026-03-10
2782,P112,Clothing,447,3,2026-02-28
2783,P112,Clothing,1213,3,2025-05-15
2784,P103,Home,272,1,2024-12-19
2785,P101,Electronics,1637,1,2025-05-13
2786,P111,Home,501,1,2025-01-04
2787,P102,Home,983,5,2026-03-13
2788,P111,Home,1846,3,2025-08-16
2789,P107,Grocery,1312,4,2025-05-19
2790,P110,Grocery,920,2,2025-08-20
2791,P108,Sports,895,4,2024-10-31
2792,P102,Home,1955,2,2026-02-01
2793,P104,Grocery,1035,1,2025-01-28
2794,P104,Grocery,1105,3,2025-05-22
2795,P105,Grocery,241,3,2024-12-23
2796,P113,Electronics,1228,4,2026-02-19
2797,P111,Home,1084,4,2025-12-29
2798,P105,Grocery,145,3,2025-06-11
2799,P110,Grocery,1203,1,2026-03-23
2800,P101,Electronics,956,1,2025-11-30
2801,P105,Grocery,996,3,2024-11-21
2802,P110,Grocery,1827,1,2024-09-20
2803,P103,Home,1279,3,2024-10-25
2804,P106,Electronics,1032,1,2024-04-29
2805,P109,Grocery,314,1,2024-11-15
2806,P101,Electronics,743,1,2026-01-09
2807,P108,Sports,383,3,2024-12-06
2808,P107,Grocery,1643,5,2025-07-27
2809,P114,Clothing,1426,4,2025-05-24
2810,P113,Electronics,1924,3,2026-03-02
2811,P104,Grocery,567,2,2025-09-17
2812,P114,Clothing,1007,2,2025-08-12
2813,P111,Home,1650,2,2024-09-07
2814,P103,Home,1108,5,2025-09-20
2815,P109,Grocery,141,2,2024-08-28
2816,P109,Grocery,1992,1,2025-03-31
2817,P114,Clothing,879,5,2024-06-16
2818,P105,Grocery,462,3,2025-09-08
2819,P109,Grocery,1475,3,2026-01-11
2820,P102,Home,483,4,2024-10-20
2821,P108,Sports,540,3,2025-10-07
2822,P103,Home,1164,4,2025-01-04
2823,P108,Sports,1595,4,2024-11-23
2824,P107,Grocery,1374,5,2025-09-26
2825,P101,Electronics,1717,2,2026-02-22
2826,P102,Home,481,1,2026-01-03
2827,P114,Clothing,1667,1,2025-06-20
2828,P111,Home,379,4,2026-03-06
2829,P103,Home,1626,4,2026-02-04
2830,P109,Grocery,1233,5,2025-12-30
2831,P103,Home,1773,4,2025-12-07
2832,P108,Sports,1545,4,2025-03-21
2833,P106,Electronics,1688,1,2025-02-15
2834,P110,Grocery,601,5,2025-01-17
2835,P114,Clothing,1858,4,2025-04-14
2836,P100,Clothing,261,5,2024-12-08
2837,P107,Grocery,1527,2,2025-11-27
2838,P113,Electronics,1037,5,2024-08-30
2839,P100,Clothing,274,4,2026-03-07
2840,P102,Home,998,3,2025-12-06
2841,P102,Home,850,5,2026-02-26
2842,P106,Electronics,1900,5,2026-03-23
2843,P109,Grocery,199,4,2024-06-16
2844,P110,Grocery,337,3,2026-03-03
2845,P103,Home,362,1,2024-07-08
2846,P109,Grocery,1641,2,2025-08-30
2847,P110,Grocery,1637,5,2025-02-23
2848,P100,Clothing,901,2,2024-10-06
2849,P104,Grocery,295,1,2025-03-15
2850,P105,Grocery,713,1,2025-05-17
2851,P109,Grocery,1921,3,2025-06-01
2852,P103,Home,622,5,2026-01-10
2853,P104,Grocery,647,5,2024-12-23
2854,P102,Home,404,3,2025-06-13
2855,P106,Electronics,1658,1,2025-10-27
2856,P106,Electronics,993,4,2025-01-21
2857,P106,Electronics,1543,2,2026-02-10
2858,P113,Electronics,828,2,2025-06-30
2859,P110,Grocery,1701,2,2026-02-12
2860,P101,Electronics,322,4,2025-08-03
2861,P112,Clothing,963,5,2024-06-30
2862,P101,Electronics,1790,5,2026-03-16
2863,P113,Electronics,1758,3,2024-11-23
2864,P110,Grocery,820,3,2024-07-27
2865,P103,Home,1181,4,2024-12-11
2866,P107,Grocery,1753,5,2026-02-10
2867,P105,Grocery,1193,2,2026-01-09
2868,P106,Electronics,413,5,2025-11-18
2869,P111,Home,1271,1,2026-01-26
2870,P111,Home,1040,2,2025-08-19
2871,P101,Electronics,1153,1,2025-05-13
2872,P103,Home,1636,4,2025-04-26
2873,P104,Grocery,487,4,2024-09-23
2874,P105,Grocery,1353,4,2025-07-11
2875,P103,Home,1995,5,2025-08-14
2876,P107,Grocery,1927,5,2024-10-21
2877,P109,Grocery,380,2,2026-02-23
2878,P106,Electronics,916,5,2026-02-26
2879,P105,Grocery,781,4,2024-12-15
2880,P102,Home,1633,5,2025-06-01
2881,P107,Grocery,694,3,2024-07-02
2882,P111,Home,1911,1,2024-05-17
2883,P107,Grocery,195,1,2026-01-07
2884,P108,Sports,206,1,2025-06-29
2885,P102,Home,1601,2,2024-12-24
2886,P106,Electronics,203,4,2025-03-26
2887,P105,Grocery,618,1,2026-03-15
2888,P107,Grocery,603,1,2025-04-16
2889,P114,Clothing,1655,1,2024-05-17
2890,P104,Grocery,1735,5,2026-02-01
2891,P110,Grocery,1137,5,2025-07-21
2892,P114,Clothing,1678,4,2025-04-25
2893,P102,Home,1375,1,2025-07-27
2894,P103,Home,720,5,2024-07-08
2895,P108,Sports,394,5,2024-06-17
2896,P101,Electronics,934,5,2025-03-29
2897,P108,Sports,1798,5,2024-06-14
2898,P102,Home,579,5,2024-10-31
2899,P109,Grocery,920,2,2026-01-08
2900,P109,Grocery,1176,1,2024-04-20
2901,P107,Grocery,1647,4,2024-11-20
2902,P101,Electronics,701,2,2025-12-22
2903,P114,Clothing,971,1,2026-04-14
2904,P114,Clothing,1830,4,2025-10-26
2905,P108,Sports,1969,2,2025-12-01
2906,P105,Grocery,1134,5,2026-03-02
2907,P101,Electronics,1481,4,2024-04-24
2908,P111,Home,1892,2,2025-10-26
2909,P105,Grocery,137,5,2025-08-25
2910,P106,Electronics,523,1,2024-06-25
2911,P113,Electronics,635,2,2025-07-24
2912,P104,Grocery,1564,4,2025-11-02
2913,P112,Clothing,737,4,2025-02-24
2914,P114,Clothing,368,4,2025-07-12
2915,P113,Electronics,1645,3,2026-03-28
2916,P110,Grocery,2000,5,2025-01-18
2917,P113,Electronics,609,4,2025-05-10
2918,P113,Electronics,1276,3,2025-02-21
2919,P109,Grocery,1655,3,2024-11-28
2920,P101,Electronics,747,1,2025-03-23
2921,P109,Grocery,1410,1,2025-02-09
2922,P106,Electronics,985,2,2025-08-27
2923,P110,Grocery,988,1,2025-05-18
2924,P106,Electronics,392,1,2025-12-26
2925,P108,Sports,1778,4,2025-04-29
2926,P103,Home,1708,1,2026-01-03
2927,P101,Electronics,1699,4,2026-01-05
2928,P110,Grocery,489,4,2024-10-06
2929,P105,Grocery,687,1,2025-07-04
2930,P109,Grocery,184,4,2025-10-02
2931,P108,Sports,201,2,2025-09-26
2932,P109,Grocery,1901,1,2024-09-03
2933,P109,Grocery,1594,5,2024-05-26
2934,P102,Home,191,5,2025-01-26
2935,P110,Grocery,281,3,2024-10-04
2936,P101,Electronics,594,4,2025-11-18
2937,P102,Home,1760,5,2025-10-16
2938,P112,Clothing,934,4,2026-02-27
2939,P108,Sports,288,1,2024-05-19
2940,P100,Clothing,1096,5,2025-04-11
2941,P114,Clothing,1410,2,2025-02-03
2942,P110,Grocery,1830,2,2025-06-04
2943,P107,Grocery,1552,5,2024-09-18
2944,P108,Sports,249,2,2025-04-22
2945,P101,Electronics,1546,5,2024-04-19
2946,P110,Grocery,333,2,2025-11-20
2947,P101,Electronics,1871,5,2025-01-25
2948,P110,Grocery,876,4,2024-09-21
2949,P106,Electronics,303,5,2025-02-16
2950,P109,Grocery,598,1,2025-06-19
2951,P104,Grocery,312,2,2024-08-31
2952,P106,Electronics,686,2,2025-09-12
2953,P109,Grocery,1432,4,2025-02-02
2954,P109,Grocery,1622,3,2025-01-19
2955,P105,Grocery,108,1,2024-11-14
2956,P100,Clothing,495,1,2025-02-27
2957,P112,Clothing,1973,1,2026-01-19
2958,P105,Grocery,516,5,2024-09-04
2959,P109,Grocery,455,2,2024-07-01
2960,P105,Grocery,648,3,2024-10-23
2961,P112,Clothing,606,1,2025-12-28
2962,P104,Grocery,1061,5,2025-01-29
2963,P102,Home,1757,5,2025-10-11
2964,P107,Grocery,1125,5,2026-01-25
2965,P113,Electronics,534,5,2024-12-30
2966,P103,Home,1822,5,2024-07-17
2967,P100,Clothing,832,1,2025-05-13
2968,P105,Grocery,1294,3,2025-01-16
2969,P104,Grocery,718,2,2025-01-23
2970,P107,Grocery,1517,1,2025-05-01
2971,P108,Sports,1891,1,2025-11-09
2972,P100,Clothing,1455,5,2024-09-17
2973,P102,Home,718,5,2026-01-19
2974,P102,Home,611,1,2026-01-08
2975,P104,Grocery,440,5,2024-10-31
2976,P114,Clothing,1258,2,2026-03-31
2977,P112,Clothing,915,2,2025-12-16
2978,P107,Grocery,553,5,2025-09-06
2979,P112,Clothing,691,4,2025-06-01
2980,P114,Clothing,1545,2,2026-03-03
2981,P107,Grocery,149,3,2025-06-07
2982,P104,Grocery,1772,5,2024-04-21
2983,P104,Grocery,863,2,2024-07-25
2984,P113,Electronics,1094,5,2025-11-15
2985,P109,Grocery,704,5,2026-03-30
2986,P106,Electronics,1476,1,2026-03-04
2987,P107,Grocery,556,3,2026-03-18
2988,P109,Grocery,1900,5,2024-12-07
2989,P106,Electronics,831,3,2026-01-29
2990,P101,Electronics,516,3,2025-02-03
2991,P113,Electronics,1486,4,2026-03-11
2992,P104,Grocery,1596,1,2024-05-31
2993,P105,Grocery,165,4,2025-05-07
2994,P109,Grocery,335,1,2024-10-18
2995,P104,Grocery,141,5,2025-10-18
2996,P112,Clothing,1401,2,2025-12-06
2997,P106,Electronics,320,2,2024-12-16
2998,P109,Grocery,1008,3,2025-10-02
2999,P113,Electronics,1062,3,2025-09-30
3000,P106,Electronics,1965,5,2025-02-02
3001,P102,Home,386,4,2025-09-10
3002,P100,Clothing,137,3,2025-08-29
3003,P110,Grocery,249,2,2025-04-04
3004,P103,Home,1985,2,2025-07-16
3005,P108,Sports,186,4,2025-04-06
3006,P112,Clothing,941,1,2026-04-12
3007,P108,Sports,1402,5,2024-12-11
3008,P103,Home,407,4,2026-03-30
3009,P107,Grocery,1433,5,2026-02-25
3010,P114,Clothing,1595,2,2025-01-31
3011,P101,Electronics,1797,2,2025-12-17
3012,P114,Clothing,1559,3,2025-02-15
3013,P105,Grocery,1129,2,2025-11-23
3014,P104,Grocery,123,1,2024-08-21
3015,P104,Grocery,553,1,2024-06-01
3016,P106,Electronics,1108,1,2025-09-04
3017,P112,Clothing,206,5,2025-07-15
3018,P105,Grocery,774,5,2025-07-21
3019,P113,Electronics,779,5,2026-02-12
3020,P114,Clothing,993,2,2024-05-02
3021,P102,Home,1280,4,2026-01-18
3022,P101,Electronics,1216,2,2024-05-26
3023,P100,Clothing,466,4,2025-04-21
3024,P108,Sports,629,2,2025-08-03
3025,P103,Home,1274,1,2025-08-06
3026,P113,Electronics,1117,3,2025-10-13
3027,P108,Sports,1424,2,2024-06-28
3028,P107,Grocery,1317,3,2025-06-28
3029,P103,Home,292,1,2025-05-16
3030,P100,Clothing,1741,4,2024-10-17
3031,P111,Home,1595,1,2024-10-27
3032,P112,Clothing,574,3,2025-12-07
3033,P111,Home,621,2,2024-08-29
3034,P110,Grocery,988,2,2025-10-08
3035,P101,Electronics,1626,4,2024-06-15
3036,P108,Sports,564,1,2025-03-15
3037,P108,Sports,1173,5,2025-06-09
3038,P105,Grocery,416,1,2024-08-12
3039,P113,Electronics,1121,1,2025-05-18
3040,P108,Sports,1311,1,2024-07-22
3041,P114,Clothing,859,5,2025-07-31
3042,P108,Sports,690,2,2026-02-10
3043,P111,Home,1343,5,2024-08-14
3044,P113,Electronics,1843,4,2026-01-02
3045,P114,Clothing,683,3,2025-11-03
3046,P111,Home,1900,4,2025-03-09
3047,P106,Electronics,185,4,2025-04-11
3048,P114,Clothing,366,3,2024-07-29
3049,P107,Grocery,944,3,2025-04-04
3050,P106,Electronics,874,5,2024-12-20
3051,P105,Grocery,1066,2,2025-03-07
3052,P114,Clothing,886,3,2026-01-07
3053,P101,Electronics,157,2,2025-12-18
3054,P110,Grocery,1462,3,2024-08-13
3055,P103,Home,607,1,2025-07-20
3056,P114,Clothing,655,4,2025-04-06
3057,P106,Electronics,723,2,2025-09-01
3058,P110,Grocery,1282,3,2025-05-08
3059,P110,Grocery,986,5,2025-09-09
3060,P104,Grocery,1282,4,2025-05-02
3061,P110,Grocery,544,1,2026-02-17
3062,P101,Electronics,824,3,2024-06-08
3063,P104,Grocery,730,1,2024-12-07
3064,P107,Grocery,802,1,2025-04-18
3065,P111,Home,1120,2,2024-06-26
3066,P102,Home,674,3,2024-06-15
3067,P104,Grocery,491,3,2026-04-07
3068,P108,Sports,1892,5,2025-11-12
3069,P114,Clothing,1255,2,2025-06-21
3070,P103,Home,341,2,2025-04-27
3071,P111,Home,519,3,2024-11-14
3072,P112,Clothing,834,4,2024-12-27
3073,P110,Grocery,250,5,2024-12-26
3074,P102,Home,1497,3,2025-07-16
3075,P108,Sports,288,3,2026-02-01
3076,P112,Clothing,706,3,2025-07-04
3077,P100,Clothing,108,2,2026-01-02
3078,P108,Sports,1698,5,2024-09-17
3079,P100,Clothing,467,2,2025-08-01
3080,P101,Electronics,460,4,2025-03-21
3081,P114,Clothing,1753,4,2026-03-30
3082,P107,Grocery,1115,3,2025-04-30
3083,P101,Electronics,1903,5,2026-01-13
3084,P111,Home,1050,2,2024-10-30
3085,P106,Electronics,114,2,2025-07-24
3086,P112,Clothing,1816,3,2024-10-07
3087,P108,Sports,1156,4,2026-01-27
3088,P105,Grocery,1234,1,2024-04-24
3089,P114,Clothing,1997,2,2025-10-18
3090,P114,Clothing,1808,3,2024-12-07
3091,P105,Grocery,1048,4,2024-12-12
3092,P113,Electronics,1431,3,2024-05-20
3093,P109,Grocery,732,3,2024-07-17
3094,P110,Grocery,342,4,2024-05-01
3095,P100,Clothing,642,2,2024-06-25
3096,P100,Clothing,1484,4,2025-02-07
3097,P105,Grocery,1541,2,2024-09-08
3098,P104,Grocery,1740,1,2025-12-30
3099,P107,Grocery,1516,3,2024-12-02
3100,P109,Grocery,195,4,2025-11-15
3101,P114,Clothing,733,1,2025-04-29
3102,P109,Grocery,1057,5,2024-08-24
3103,P106,Electronics,696,3,2024-11-16
3104,P110,Grocery,1671,4,2026-01-21
3105,P103,Home,827,3,2026-04-07
3106,P112,Clothing,394,2,2025-06-10
3107,P110,Grocery,1249,4,2025-01-04
3108,P111,Home,1459,3,2025-12-30
3109,P110,Grocery,1082,4,2025-03-27
3110,P109,Grocery,1379,1,2025-09-12
3111,P104,Grocery,325,3,2026-01-04
3112,P107,Grocery,285,4,2025-04-05
3113,P103,Home,1401,5,2024-11-15
3114,P102,Home,1085,4,2025-04-24
3115,P114,Clothing,1374,2,2025-04-15
3116,P103,Home,1365,2,2026-02-06
3117,P112,Clothing,1849,2,2024-10-03
3118,P110,Grocery,1929,4,2025-09-27
3119,P107,Grocery,1604,5,2025-07-13
3120,P111,Home,1981,4,2025-12-12
3121,P104,Grocery,1105,5,2026-01-24
3122,P102,Home,1818,2,2024-08-24
3123,P113,Electronics,1080,4,2025-04-14
3124,P114,Clothing,590,4,2026-03-01
3125,P111,Home,574,5,2025-07-13
3126,P108,Sports,1060,1,2024-12-04
3127,P107,Grocery,1756,1,2025-05-31
3128,P102,Home,300,4,2025-03-24
3129,P103,Home,572,3,2024-09-13
3130,P107,Grocery,397,3,2025-07-29
3131,P107,Grocery,1042,5,2025-10-28
3132,P105,Grocery,285,4,2025-11-19
3133,P106,Electronics,1091,5,2025-06-30
3134,P101,Electronics,2000,4,2025-01-02
3135,P112,Clothing,1474,5,2025-12-21
3136,P103,Home,1805,3,2025-01-06
3137,P113,Electronics,1045,2,2024-05-02
3138,P107,Grocery,1184,2,2025-10-22
3139,P113,Electronics,1103,1,2025-11-27
3140,P111,Home,931,1,2026-03-19
3141,P112,Clothing,200,3,2024-11-30
3142,P113,Electronics,1569,5,2025-05-18
3143,P102,Home,1390,3,2025-07-01
3144,P114,Clothing,1736,2,2025-05-17
3145,P109,Grocery,401,1,2025-11-14
3146,P110,Grocery,980,2,2026-03-19
3147,P110,Grocery,107,3,2026-04-06
3148,P105,Grocery,833,4,2025-08-29
3149,P107,Grocery,357,4,2024-10-29
3150,P102,Home,1440,3,2025-07-12
3151,P108,Sports,751,5,2025-11-06
3152,P104,Grocery,1123,5,2026-02-21
3153,P110,Grocery,1101,3,2025-12-08
3154,P106,Electronics,465,3,2025-03-02
3155,P112,Clothing,1712,4,2025-02-24
3156,P101,Electronics,1763,4,2025-07-30
3157,P100,Clothing,939,4,2024-08-10
3158,P102,Home,1501,1,2025-02-17
3159,P113,Electronics,227,1,2025-10-12
3160,P105,Grocery,203,5,2024-09-17
3161,P114,Clothing,831,5,2025-07-04
3162,P112,Clothing,1361,4,2025-12-01
3163,P101,Electronics,998,2,2025-12-25
3164,P103,Home,1634,4,2025-10-07
3165,P100,Clothing,1788,1,2025-12-29
3166,P109,Grocery,659,1,2025-04-12
3167,P112,Clothing,735,4,2026-03-08
3168,P113,Electronics,1424,2,2024-11-19
3169,P113,Electronics,402,1,2024-06-25
3170,P101,Electronics,245,1,2024-06-18
3171,P100,Clothing,360,2,2025-12-24
3172,P107,Grocery,1038,5,2024-06-07
3173,P114,Clothing,918,5,2025-02-09
3174,P108,Sports,1034,4,2025-10-31
3175,P104,Grocery,874,4,2024-07-07
3176,P106,Electronics,861,1,2025-12-08
3177,P114,Clothing,1058,3,2024-06-24
3178,P111,Home,1840,2,2025-05-29
3179,P108,Sports,313,4,2025-01-18
3180,P107,Grocery,584,1,2025-10-13
3181,P104,Grocery,463,3,2024-05-31
3182,P108,Sports,760,2,2026-02-15
3183,P104,Grocery,1186,3,2026-02-12
3184,P114,Clothing,722,3,2025-02-14
3185,P100,Clothing,709,1,2025-12-28
3186,P112,Clothing,1457,1,2025-11-03
3187,P102,Home,861,2,2025-12-04
3188,P100,Clothing,151,2,2025-06-17
3189,P111,Home,869,1,2026-03-07
3190,P110,Grocery,1631,1,2026-01-19
3191,P104,Grocery,781,3,2024-11-02
3192,P111,Home,1849,3,2024-08-08
3193,P104,Grocery,1331,1,2024-08-16
3194,P106,Electronics,1312,1,2025-12-04
3195,P101,Electronics,1624,2,2025-08-02
3196,P114,Clothing,1177,4,2024-09-20
3197,P106,Electronics,1339,5,2026-01-28
3198,P103,Home,1379,1,2025-03-06
3199,P113,Electronics,1737,5,2025-06-10
3200,P106,Electronics,484,1,2026-04-06
3201,P105,Grocery,1177,5,2025-10-23
3202,P105,Grocery,955,2,2025-05-24
3203,P108,Sports,220,4,2024-08-25
3204,P106,Electronics,1667,3,2025-03-31
3205,P107,Grocery,1294,5,2025-04-13
3206,P105,Grocery,1367,3,2025-04-25
3207,P102,Home,1254,2,2024-08-27
3208,P100,Clothing,108,3,2026-04-13
3209,P110,Grocery,730,5,2025-01-22
3210,P107,Grocery,1701,2,2024-05-15
3211,P109,Grocery,1454,1,2024-08-21
3212,P113,Electronics,1042,4,2024-11-14
3213,P112,Clothing,1280,3,2026-01-15
3214,P100,Clothing,1642,3,2025-09-09
3215,P109,Grocery,128,5,2024-06-07
3216,P114,Clothing,1295,3,2025-06-08
3217,P107,Grocery,338,5,2024-10-30
3218,P113,Electronics,814,1,2024-04-18
3219,P112,Clothing,1482,1,2024-08-10
3220,P109,Grocery,1555,3,2025-05-31
3221,P102,Home,1239,1,2025-09-07
3222,P107,Grocery,1827,1,2025-01-11
3223,P114,Clothing,1096,1,2025-08-07
3224,P106,Electronics,1979,1,2025-06-11
3225,P102,Home,469,4,2025-11-23
3226,P105,Grocery,902,3,2024-11-10
3227,P103,Home,129,3,2024-05-21
3228,P103,Home,599,5,2025-09-27
3229,P109,Grocery,1705,4,2025-07-26
3230,P109,Grocery,704,2,2024-11-30
3231,P106,Electronics,702,1,2024-04-23
3232,P108,Sports,411,5,2025-01-26
3233,P104,Grocery,619,3,2025-08-26
3234,P113,Electronics,1634,4,2024-06-20
3235,P111,Home,1411,2,2025-11-23
3236,P113,Electronics,374,3,2024-11-03
3237,P107,Grocery,1020,4,2025-04-08
3238,P101,Electronics,1153,1,2026-02-06
3239,P105,Grocery,1393,5,2024-11-14
3240,P112,Clothing,557,1,2025-03-28
3241,P109,Grocery,787,4,2025-10-04
3242,P105,Grocery,748,2,2026-02-20
3243,P110,Grocery,314,5,2025-12-25
3244,P106,Electronics,1923,1,2024-12-05
3245,P109,Grocery,1146,5,2024-11-08
3246,P113,Electronics,693,4,2024-11-01
3247,P113,Electronics,232,1,2026-03-08
3248,P113,Electronics,463,5,2024-06-22
3249,P106,Electronics,553,5,2025-01-24
3250,P113,Electronics,1161,2,2025-08-24
3251,P104,Grocery,1312,2,2024-10-25
3252,P108,Sports,959,5,2024-06-30
3253,P103,Home,829,4,2026-01-16
3254,P100,Clothing,1394,4,2025-08-02
3255,P110,Grocery,1334,1,2025-01-08
3256,P109,Grocery,1446,1,2025-12-02
3257,P101,Electronics,575,4,2024-08-05
3258,P102,Home,444,4,2024-09-20
3259,P101,Electronics,1840,5,2024-11-04
3260,P110,Grocery,540,3,2025-08-17
3261,P109,Grocery,1631,2,2024-09-26
3262,P114,Clothing,1328,4,2024-11-27
3263,P112,Clothing,740,1,2025-04-23
3264,P101,Electronics,723,2,2024-10-24
3265,P107,Grocery,1558,4,2025-07-05
3266,P100,Clothing,1080,2,2025-10-31
3267,P101,Electronics,1290,3,2024-09-07
3268,P109,Grocery,1771,1,2025-07-21
3269,P108,Sports,230,3,2024-09-07
3270,P104,Grocery,544,2,2026-04-18
3271,P105,Grocery,946,2,2025-05-31
3272,P112,Clothing,1581,1,2025-07-10
3273,P107,Grocery,258,3,2024-10-01
3274,P100,Clothing,227,5,2025-04-19
3275,P113,Electronics,1978,3,2026-02-11
3276,P101,Electronics,1266,3,2024-08-10
3277,P103,Home,1142,5,2025-05-09
3278,P106,Electronics,929,2,2024-11-15
3279,P112,Clothing,1790,2,2025-08-23
3280,P110,Grocery,1505,2,2026-01-30
3281,P109,Grocery,1696,5,2025-12-29
3282,P107,Grocery,1990,5,2025-02-09
3283,P114,Clothing,559,5,2025-02-28
3284,P105,Grocery,593,4,2025-08-22
3285,P103,Home,1207,5,2025-04-29
3286,P108,Sports,746,3,2025-04-26
3287,P100,Clothing,962,2,2026-03-15
3288,P114,Clothing,1289,5,2025-03-25
3289,P107,Grocery,1532,3,2024-11-05
3290,P102,Home,1523,3,2026-02-23
3291,P102,Home,492,1,2024-09-10
3292,P112,Clothing,1692,3,2025-05-27
3293,P101,Electronics,1612,1,2024-08-26
3294,P100,Clothing,1269,5,2024-07-10
3295,P111,Home,1056,3,2026-04-08
3296,P101,Electronics,1872,5,2025-03-28
3297,P113,Electronics,1468,1,2024-08-24
3298,P111,Home,1442,2,2025-06-29
3299,P114,Clothing,568,2,2024-06-14
3300,P102,Home,585,3,2025-01-31
3301,P102,Home,1092,5,2025-05-14
3302,P114,Clothing,1916,3,2025-04-29
3303,P104,Grocery,1760,3,2025-06-26
3304,P105,Grocery,1415,4,2024-07-24
3305,P103,Home,913,2,2025-11-15
3306,P107,Grocery,1832,5,2025-09-16
3307,P105,Grocery,584,5,2025-05-30
3308,P102,Home,102,5,2025-05-01
3309,P107,Grocery,1936,1,2024-10-18
3310,P100,Clothing,1049,5,2024-05-12
3311,P112,Clothing,1482,4,2026-02-27
3312,P102,Home,658,2,2025-07-19
3313,P101,Electronics,1506,3,2025-07-20
3314,P108,Sports,1203,4,2025-04-19
3315,P105,Grocery,1731,1,2024-06-22
3316,P109,Grocery,904,1,2024-04-25
3317,P111,Home,615,4,2024-12-24
3318,P114,Clothing,1146,3,2025-01-22
3319,P114,Clothing,1477,3,2024-07-20
3320,P103,Home,1671,4,2024-07-16
3321,P113,Electronics,1788,1,2025-08-10
3322,P104,Grocery,1091,4,2025-06-26
3323,P100,Clothing,1459,5,2025-08-14
3324,P109,Grocery,723,1,2025-08-05
3325,P100,Clothing,1327,1,2025-09-27
3326,P112,Clothing,374,3,2024-10-25
3327,P108,Sports,786,5,2024-04-25
3328,P111,Home,1441,5,2026-01-25
3329,P112,Clothing,1418,4,2025-08-05
3330,P109,Grocery,697,2,2025-06-23
3331,P114,Clothing,518,2,2026-03-30
3332,P113,Electronics,1542,3,2025-02-21
3333,P106,Electronics,243,5,2025-08-26
3334,P109,Grocery,539,1,2025-06-28
3335,P111,Home,1157,3,2025-09-30
3336,P109,Grocery,743,4,2025-05-06
3337,P111,Home,595,5,2025-02-22
3338,P108,Sports,477,2,2025-01-18
3339,P103,Home,249,3,2026-02-06
3340,P104,Grocery,355,2,2025-08-30
3341,P112,Clothing,1017,1,2025-11-06
3342,P106,Electronics,1232,5,2025-04-28
3343,P114,Clothing,229,3,2026-04-02
3344,P113,Electronics,1113,5,2026-02-04
3345,P101,Electronics,1795,4,2024-09-20
3346,P107,Grocery,1268,5,2025-12-08
3347,P112,Clothing,1064,4,2024-11-30
3348,P111,Home,994,5,2024-10-14
3349,P102,Home,1865,5,2025-01-18
3350,P103,Home,1268,5,2025-02-09
3351,P113,Electronics,1097,3,2024-12-18
3352,P106,Electronics,1043,3,2025-12-18
3353,P110,Grocery,1195,4,2025-04-04
3354,P102,Home,864,2,2025-02-10
3355,P106,Electronics,260,3,2025-02-13
3356,P110,Grocery,1682,1,2025-09-04
3357,P109,Grocery,1239,5,2025-06-25
3358,P114,Clothing,212,4,2024-09-06
3359,P110,Grocery,598,4,2024-05-11
3360,P113,Electronics,1006,4,2024-10-06
3361,P101,Electronics,529,4,2024-12-27
3362,P106,Electronics,324,5,2026-02-27
3363,P102,Home,366,4,2026-03-14
3364,P110,Grocery,1600,4,2025-07-18
3365,P114,Clothing,274,2,2025-10-12
3366,P102,Home,456,1,2026-01-06
3367,P104,Grocery,1486,1,2025-07-08
3368,P109,Grocery,1978,2,2024-05-09
3369,P107,Grocery,978,1,2025-05-09
3370,P104,Grocery,726,3,2026-04-06
3371,P106,Electronics,159,3,2025-03-27
3372,P103,Home,119,5,2025-12-17
3373,P111,Home,1515,4,2025-08-05
3374,P101,Electronics,715,2,2025-09-16
3375,P114,Clothing,1627,4,2024-05-31
3376,P101,Electronics,1351,5,2025-10-04
3377,P100,Clothing,1549,5,2024-09-04
3378,P113,Electronics,1679,3,2025-06-04
3379,P105,Grocery,886,5,2025-09-24
3380,P108,Sports,1406,1,2025-02-03
3381,P109,Grocery,1926,5,2025-05-16
3382,P102,Home,1754,2,2024-08-21
3383,P100,Clothing,1466,5,2025-09-25
3384,P113,Electronics,1431,5,2026-02-22
3385,P108,Sports,662,2,2025-12-28
3386,P103,Home,382,2,2024-05-02
3387,P100,Clothing,411,2,2025-07-25
3388,P102,Home,1903,5,2025-05-11
3389,P103,Home,1232,1,2025-02-24
3390,P114,Clothing,739,3,2025-07-22
3391,P104,Grocery,785,1,2024-06-04
3392,P113,Electronics,1030,3,2025-03-03
3393,P108,Sports,563,5,2025-10-29
3394,P102,Home,1174,4,2025-04-03
3395,P110,Grocery,1467,2,2024-07-08
3396,P104,Grocery,845,2,2025-02-18
3397,P108,Sports,827,5,2024-05-24
3398,P102,Home,1566,3,2024-09-21
3399,P100,Clothing,912,5,2026-03-16
3400,P109,Grocery,1023,4,2025-07-14
3401,P108,Sports,243,5,2026-02-26
3402,P112,Clothing,239,5,2025-11-28
3403,P107,Grocery,989,1,2025-06-30
3404,P109,Grocery,741,2,2025-06-08
3405,P100,Clothing,703,5,2024-12-30
3406,P110,Grocery,1742,2,2025-03-09
3407,P104,Grocery,146,4,2025-12-12
3408,P102,Home,1258,1,2025-11-17
3409,P112,Clothing,546,4,2024-09-19
3410,P105,Grocery,1406,2,2025-03-29
3411,P102,Home,1333,4,2024-12-08
3412,P114,Clothing,1860,3,2025-08-19
3413,P111,Home,1956,2,2025-12-23
3414,P104,Grocery,1477,2,2025-04-06
3415,P109,Grocery,431,4,2024-08-01
3416,P111,Home,953,1,2025-01-11
3417,P102,Home,560,5,2025-08-01
3418,P105,Grocery,1837,2,2024-12-27
3419,P104,Grocery,666,4,2025-09-16
3420,P102,Home,1459,1,2024-12-18
3421,P114,Clothing,756,3,2025-02-15
3422,P108,Sports,279,4,2025-11-16
3423,P107,Grocery,1188,4,2025-07-22
3424,P109,Grocery,1892,4,2024-09-22
3425,P113,Electronics,604,3,2025-11-13
3426,P106,Electronics,1703,2,2024-08-19
3427,P109,Grocery,1712,4,2025-04-23
3428,P113,Electronics,1775,1,2025-05-06
3429,P107,Grocery,311,3,2026-02-23
3430,P105,Grocery,1510,5,2024-08-29
3431,P111,Home,1362,2,2025-01-20
3432,P111,Home,1589,3,2025-12-01
3433,P105,Grocery,1355,1,2025-10-03
3434,P107,Grocery,1251,3,2026-04-04
3435,P102,Home,1545,1,2025-08-04
3436,P102,Home,1648,1,2024-10-15
3437,P102,Home,112,2,2024-06-02
3438,P106,Electronics,248,5,2025-07-07
3439,P106,Electronics,117,1,2025-10-18
3440,P111,Home,1666,2,2024-05-18
3441,P111,Home,668,3,2025-10-05
3442,P101,Electronics,142,3,2025-03-27
3443,P103,Home,1570,2,2024-09-16
3444,P108,Sports,311,2,2024-12-02
3445,P100,Clothing,1189,3,2026-04-01
3446,P114,Clothing,624,5,2025-04-05
3447,P113,Electronics,504,4,2024-10-21
3448,P102,Home,667,1,2025-12-17
3449,P105,Grocery,1395,2,2025-04-17
3450,P102,Home,1771,1,2026-01-27
3451,P100,Clothing,691,5,2024-07-26
3452,P110,Grocery,1374,5,2025-01-03
3453,P110,Grocery,1175,4,2024-09-20
3454,P106,Electronics,1485,1,2025-09-26
3455,P100,Clothing,142,3,2025-06-26
3456,P109,Grocery,530,1,2025-07-01
3457,P107,Grocery,1581,3,2025-06-27
3458,P104,Grocery,1887,5,2025-11-05
3459,P111,Home,158,3,2026-03-07
3460,P105,Grocery,879,3,2024-10-30
3461,P112,Clothing,872,3,2026-02-28
3462,P111,Home,1774,5,2025-12-29
3463,P111,Home,1120,1,2025-03-02
3464,P103,Home,1823,4,2025-07-09
3465,P113,Electronics,1482,2,2024-11-07
3466,P114,Clothing,689,3,2024-07-31
3467,P113,Electronics,1776,2,2025-12-14
3468,P100,Clothing,1748,3,2025-04-04
3469,P108,Sports,848,2,2025-01-29
3470,P106,Electronics,1565,2,2025-09-04
3471,P101,Electronics,1231,5,2025-03-27
3472,P112,Clothing,1158,2,2024-10-29
3473,P107,Grocery,639,3,2024-09-29
3474,P102,Home,1142,1,2026-01-11
3475,P107,Grocery,1353,5,2025-03-31
3476,P109,Grocery,1631,4,2025-11-06
3477,P106,Electronics,483,4,2025-03-02
3478,P105,Grocery,1525,2,2025-05-05
3479,P103,Home,577,3,2025-07-17
3480,P106,Electronics,1975,1,2026-02-16
3481,P110,Grocery,764,4,2024-11-05
3482,P108,Sports,1882,5,2025-11-22
3483,P111,Home,1279,2,2024-12-25
3484,P114,Clothing,1114,1,2024-04-26
3485,P101,Electronics,188,2,2024-07-23
3486,P104,Grocery,434,1,2024-06-22
3487,P101,Electronics,1966,4,2025-08-18
3488,P112,Clothing,1531,2,2024-06-21
3489,P109,Grocery,187,2,2024-06-18
3490,P108,Sports,1305,2,2024-11-06
3491,P106,Electronics,1195,5,2024-06-02
3492,P101,Electronics,145,3,2025-09-08
3493,P102,Home,1851,4,2024-09-16
3494,P103,Home,1532,3,2025-06-22
3495,P108,Sports,1952,1,2025-01-15
3496,P104,Grocery,815,5,2025-08-05
3497,P102,Home,1658,3,2025-11-08
3498,P107,Grocery,283,2,2024-06-20
3499,P103,Home,1052,1,2024-09-04
3500,P111,Home,726,1,2024-12-26
3501,P110,Grocery,641,3,2025-06-04
3502,P103,Home,1373,5,2025-12-10
3503,P109,Grocery,181,3,2025-05-27
3504,P102,Home,1067,1,2025-08-11
3505,P109,Grocery,1118,1,2024-12-13
3506,P108,Sports,1463,2,2024-10-12
3507,P114,Clothing,615,5,2026-04-12
3508,P100,Clothing,1744,5,2025-07-08
3509,P107,Grocery,1346,1,2025-06-27
3510,P100,Clothing,1978,4,2024-10-18
3511,P114,Clothing,327,1,2024-07-19
3512,P106,Electronics,1950,4,2025-09-06
3513,P109,Grocery,154,2,2024-06-17
3514,P104,Grocery,607,5,2025-08-17
3515,P103,Home,1056,2,2025-05-04
3516,P111,Home,1031,4,2025-07-08
3517,P107,Grocery,981,5,2025-12-12
3518,P105,Grocery,439,2,2026-04-14
3519,P111,Home,419,4,2026-01-21
3520,P109,Grocery,418,5,2025-08-07
3521,P103,Home,938,5,2024-09-19
3522,P110,Grocery,895,4,2024-05-10
3523,P102,Home,878,2,2025-12-08
3524,P108,Sports,966,5,2025-03-22
3525,P103,Home,210,1,2024-04-23
3526,P104,Grocery,826,5,2025-06-29
3527,P114,Clothing,1271,1,2024-05-12
3528,P114,Clothing,1994,5,2024-09-26
3529,P102,Home,461,1,2026-03-16
3530,P107,Grocery,1728,4,2024-09-30
3531,P107,Grocery,845,5,2024-11-09
3532,P112,Clothing,499,1,2024-10-07
3533,P104,Grocery,128,3,2024-07-15
3534,P105,Grocery,415,2,2026-01-17
3535,P111,Home,1214,3,2024-12-09
3536,P114,Clothing,428,4,2025-07-13
3537,P102,Home,1973,1,2025-09-21
3538,P102,Home,1257,2,2026-01-10
3539,P113,Electronics,390,5,2025-12-13
3540,P101,Electronics,707,2,2024-11-17
3541,P108,Sports,1978,2,2025-06-10
3542,P104,Grocery,780,4,2025-01-06
3543,P106,Electronics,1564,3,2025-06-25
3544,P109,Grocery,1724,1,2026-03-21
3545,P100,Clothing,1616,4,2024-06-09
3546,P107,Grocery,1025,1,2024-07-19
3547,P105,Grocery,1880,4,2025-12-15
3548,P101,Electronics,1873,4,2025-09-23
3549,P104,Grocery,1233,1,2025-02-27
3550,P108,Sports,1198,1,2025-02-20
3551,P114,Clothing,982,5,2026-03-18
3552,P112,Clothing,750,5,2024-09-26
3553,P114,Clothing,330,3,2026-02-11
3554,P102,Home,507,4,2025-03-30
3555,P101,Electronics,461,3,2024-08-04
3556,P111,Home,1369,2,2025-09-09
3557,P109,Grocery,979,1,2025-06-14
3558,P102,Home,855,4,2024-09-07
3559,P104,Grocery,107,5,2025-07-27
3560,P109,Grocery,186,1,2025-09-22
3561,P102,Home,216,2,2025-08-21
3562,P102,Home,354,2,2025-10-28
3563,P100,Clothing,1950,2,2024-11-19
3564,P100,Clothing,169,3,2026-01-10
3565,P105,Grocery,1974,4,2025-02-06
3566,P111,Home,859,4,2026-03-13
3567,P103,Home,1170,2,2024-10-11
3568,P113,Electronics,1779,3,2025-01-13
3569,P105,Grocery,776,2,2025-08-05
3570,P105,Grocery,1760,4,2025-07-24
3571,P109,Grocery,1178,4,2025-04-09
3572,P113,Electronics,1993,2,2025-03-02
3573,P108,Sports,1525,3,2025-11-10
3574,P112,Clothing,713,2,2025-03-07
3575,P109,Grocery,1662,4,2024-06-18
3576,P113,Electronics,1449,1,2024-08-16
3577,P105,Grocery,1027,5,2025-03-22
3578,P102,Home,704,3,2025-01-08
3579,P102,Home,179,5,2026-03-11
3580,P109,Grocery,1965,2,2026-02-27
3581,P108,Sports,1486,2,2026-04-13
3582,P107,Grocery,624,1,2024-09-25
3583,P107,Grocery,1186,5,2025-07-22
3584,P109,Grocery,1331,5,2025-03-05
3585,P114,Clothing,657,2,2024-07-22
3586,P113,Electronics,644,1,2025-08-06
3587,P108,Sports,112,4,2025-01-23
3588,P100,Clothing,1580,2,2026-03-23
3589,P104,Grocery,204,3,2026-02-05
3590,P112,Clothing,978,1,2024-07-22
3591,P112,Clothing,1725,4,2025-10-17
3592,P104,Grocery,1672,1,2025-07-14
3593,P109,Grocery,1544,3,2025-07-15
3594,P106,Electronics,851,4,2025-03-23
3595,P101,Electronics,689,5,2025-08-12
3596,P104,Grocery,1450,1,2026-01-15
3597,P100,Clothing,1430,1,2025-12-09
3598,P106,Electronics,901,5,2024-07-17
3599,P109,Grocery,984,1,2025-10-26
3600,P105,Grocery,1801,5,2026-03-30
3601,P108,Sports,476,2,2024-11-30
3602,P113,Electronics,1334,3,2025-02-13
3603,P100,Clothing,1232,3,2026-03-22
3604,P111,Home,508,5,2025-06-29
3605,P108,Sports,134,2,2026-04-04
3606,P114,Clothing,1188,5,2024-08-04
3607,P101,Electronics,1310,5,2024-06-04
3608,P114,Clothing,160,3,2024-12-28
3609,P104,Grocery,1555,5,2024-12-29
3610,P105,Grocery,1688,3,2024-09-11
3611,P102,Home,1409,4,2024-11-19
3612,P113,Electronics,1862,2,2024-07-28
3613,P107,Grocery,1730,4,2025-02-05
3614,P108,Sports,1727,2,2024-04-18
3615,P106,Electronics,433,3,2025-07-09
3616,P107,Grocery,1318,2,2024-07-05
3617,P106,Electronics,1145,3,2024-07-17
3618,P106,Electronics,1149,5,2025-07-10
3619,P106,Electronics,918,2,2024-10-30
3620,P101,Electronics,225,1,2025-12-30
3621,P104,Grocery,262,2,2025-05-09
3622,P105,Grocery,1293,1,2025-07-13
3623,P108,Sports,1309,1,2025-09-16
3624,P109,Grocery,1374,2,2025-07-31
3625,P114,Clothing,1947,2,2025-07-30
3626,P100,Clothing,1814,5,2026-02-28
3627,P113,Electronics,1136,3,2024-09-01
3628,P112,Clothing,171,3,2024-09-14
3629,P110,Grocery,442,5,2026-01-20
3630,P100,Clothing,986,4,2025-04-22
3631,P102,Home,1831,5,2024-08-28
3632,P113,Electronics,373,3,2024-04-27
3633,P110,Grocery,1869,1,2025-07-26
3634,P107,Grocery,1952,2,2026-03-06
3635,P108,Sports,1388,5,2025-02-11
3636,P110,Grocery,1793,5,2026-03-13
3637,P110,Grocery,490,5,2025-08-09
3638,P107,Grocery,813,1,2024-06-01
3639,P105,Grocery,1747,5,2025-09-28
3640,P107,Grocery,990,3,2024-10-07
3641,P114,Clothing,1626,3,2025-06-30
3642,P113,Electronics,299,4,2024-08-30
3643,P112,Clothing,1097,5,2026-02-18
3644,P108,Sports,1557,1,2025-09-19
3645,P111,Home,1005,1,2025-07-25
3646,P112,Clothing,1845,1,2026-01-02
3647,P113,Electronics,1029,4,2024-04-21
3648,P106,Electronics,1528,5,2025-11-24
3649,P107,Grocery,1788,4,2025-08-07
3650,P104,Grocery,794,3,2025-09-01
3651,P114,Clothing,552,3,2025-06-09
3652,P106,Electronics,265,5,2026-03-05
3653,P109,Grocery,1550,1,2025-11-20
3654,P113,Electronics,1927,2,2024-07-09
3655,P101,Electronics,845,1,2024-06-05
3656,P104,Grocery,1304,4,2025-09-29
3657,P108,Sports,1722,1,2026-03-01
3658,P102,Home,314,3,2025-10-26
3659,P105,Grocery,743,2,2024-11-23
3660,P111,Home,1114,1,2025-01-23
3661,P100,Clothing,585,2,2024-09-10
3662,P105,Grocery,1162,2,2025-06-20
3663,P107,Grocery,1620,5,2025-09-29
3664,P112,Clothing,530,2,2025-08-21
3665,P108,Sports,705,2,2024-04-24
3666,P108,Sports,369,5,2025-03-28
3667,P102,Home,1539,2,2024-11-23
3668,P108,Sports,905,3,2024-07-25
3669,P111,Home,816,3,2025-01-13
3670,P112,Clothing,194,3,2025-11-04
3671,P100,Clothing,1805,5,2024-11-01
3672,P108,Sports,967,3,2026-02-06
3673,P102,Home,951,2,2026-04-14
3674,P105,Grocery,614,2,2026-03-20
3675,P106,Electronics,1640,5,2025-12-19
3676,P106,Electronics,1678,3,2025-02-18
3677,P109,Grocery,1392,2,2024-10-20
3678,P112,Clothing,924,5,2025-05-31
3679,P102,Home,341,3,2024-11-08
3680,P108,Sports,787,2,2025-02-14
3681,P109,Grocery,570,5,2025-07-20
3682,P101,Electronics,630,1,2025-05-30
3683,P104,Grocery,1287,3,2025-08-06
3684,P100,Clothing,1737,3,2026-01-11
3685,P114,Clothing,1697,1,2026-01-12
3686,P107,Grocery,1279,3,2025-11-02
3687,P102,Home,1258,3,2024-11-04
3688,P105,Grocery,116,4,2025-07-18
3689,P109,Grocery,1751,1,2026-02-23
3690,P109,Grocery,765,1,2025-02-23
3691,P103,Home,770,1,2026-04-12
3692,P104,Grocery,1650,1,2025-11-25
3693,P108,Sports,361,3,2024-05-14
3694,P106,Electronics,1625,5,2025-07-12
3695,P101,Electronics,385,2,2024-11-22
3696,P109,Grocery,1409,5,2026-01-09
3697,P105,Grocery,631,4,2026-01-10
3698,P113,Electronics,398,1,2025-09-10
3699,P110,Grocery,663,1,2024-04-27
3700,P109,Grocery,1315,1,2025-07-20
3701,P111,Home,778,2,2025-06-09
3702,P114,Clothing,936,3,2025-04-05
3703,P114,Clothing,284,4,2024-11-23
3704,P101,Electronics,910,5,2025-07-19
3705,P111,Home,777,3,2026-02-12
3706,P102,Home,1023,5,2025-03-12
3707,P101,Electronics,1578,1,2024-06-13
3708,P109,Grocery,1530,2,2024-09-19
3709,P107,Grocery,1458,4,2024-09-20
3710,P110,Grocery,423,4,2024-11-13
3711,P100,Clothing,381,4,2024-09-23
3712,P102,Home,645,2,2025-11-16
3713,P106,Electronics,287,2,2026-03-19
3714,P105,Grocery,1137,2,2025-10-01
3715,P111,Home,109,1,2024-07-23
3716,P104,Grocery,1750,2,2024-07-28
3717,P108,Sports,1442,4,2026-03-28
3718,P105,Grocery,1956,2,2024-09-04
3719,P112,Clothing,1270,5,2024-06-30
3720,P103,Home,599,1,2024-06-12
3721,P111,Home,912,2,2024-10-18
3722,P103,Home,274,5,2024-09-14
3723,P112,Clothing,1657,1,2025-09-26
3724,P104,Grocery,1067,2,2024-10-29
3725,P103,Home,163,3,2024-08-09
3726,P103,Home,1574,3,2026-02-02
3727,P110,Grocery,1329,5,2026-01-19
3728,P110,Grocery,1709,1,2026-01-07
3729,P109,Grocery,1102,5,2024-12-06
3730,P103,Home,671,3,2024-12-11
3731,P104,Grocery,1641,2,2026-03-16
3732,P100,Clothing,906,5,2025-07-30
3733,P107,Grocery,464,4,2025-05-19
3734,P112,Clothing,812,1,2025-01-14
3735,P111,Home,847,1,2025-08-22
3736,P106,Electronics,379,5,2024-11-17
3737,P102,Home,1581,3,2024-11-01
3738,P113,Electronics,1460,2,2024-09-18
3739,P111,Home,1237,5,2024-12-22
3740,P105,Grocery,1528,4,2025-02-08
3741,P112,Clothing,671,4,2025-05-03
3742,P107,Grocery,295,1,2024-11-25
3743,P107,Grocery,657,2,2024-09-06
3744,P106,Electronics,420,2,2025-05-05
3745,P102,Home,351,1,2024-11-24
3746,P110,Grocery,1287,1,2024-05-23
3747,P103,Home,1212,4,2026-04-14
3748,P109,Grocery,1494,1,2024-11-24
3749,P105,Grocery,233,2,2025-12-09
3750,P108,Sports,1571,5,2026-03-08
3751,P100,Clothing,949,1,2024-05-12
3752,P103,Home,1349,1,2025-11-14
3753,P101,Electronics,241,2,2024-10-31
3754,P107,Grocery,711,2,2025-01-05
3755,P106,Electronics,757,3,2025-12-22
3756,P107,Grocery,210,1,2024-11-22
3757,P101,Electronics,706,5,2024-05-30
3758,P104,Grocery,799,1,2024-09-07
3759,P100,Clothing,1649,3,2025-07-06
3760,P108,Sports,702,2,2024-10-02
3761,P100,Clothing,1866,1,2024-10-09
3762,P105,Grocery,424,1,2025-02-23
3763,P105,Grocery,259,5,2025-08-13
3764,P111,Home,549,1,2025-06-14
3765,P109,Grocery,1615,1,2024-09-14
3766,P112,Clothing,520,1,2025-05-01
3767,P106,Electronics,377,4,2025-05-21
3768,P105,Grocery,274,1,2024-10-05
3769,P106,Electronics,125,4,2024-08-08
3770,P110,Grocery,125,1,2025-10-22
3771,P107,Grocery,1765,5,2026-02-13
3772,P112,Clothing,987,4,2025-07-18
3773,P111,Home,1814,2,2025-12-12
3774,P107,Grocery,1801,5,2024-11-23
3775,P109,Grocery,1819,2,2025-04-18
3776,P111,Home,1071,2,2025-06-06
3777,P100,Clothing,1091,1,2025-12-04
3778,P101,Electronics,796,5,2025-08-26
3779,P101,Electronics,1180,4,2024-07-11
3780,P106,Electronics,659,3,2025-03-19
3781,P103,Home,1382,4,2026-03-13
3782,P111,Home,546,3,2024-10-11
3783,P107,Grocery,1640,1,2024-08-25
3784,P107,Grocery,675,5,2024-08-01
3785,P102,Home,1328,1,2025-11-30
3786,P110,Grocery,1251,5,2025-03-09
3787,P111,Home,1639,5,2026-04-11
3788,P100,Clothing,623,4,2025-04-22
3789,P111,Home,1583,3,2025-05-18
3790,P112,Clothing,429,5,2024-07-21
3791,P114,Clothing,1172,3,2024-04-19
3792,P102,Home,560,4,2024-11-17
3793,P109,Grocery,149,1,2024-09-02
3794,P102,Home,1950,5,2024-10-24
3795,P104,Grocery,830,5,2024-05-26
3796,P107,Grocery,577,5,2025-10-14
3797,P100,Clothing,499,4,2024-06-05
3798,P103,Home,1650,2,2024-10-26
3799,P101,Electronics,1192,2,2026-02-24
3800,P101,Electronics,626,3,2025-05-23
3801,P110,Grocery,142,2,2024-11-13
3802,P107,Grocery,864,1,2024-09-13
3803,P110,Grocery,999,5,2024-04-25
3804,P104,Grocery,687,1,2026-04-13
3805,P110,Grocery,1421,3,2025-08-24
3806,P102,Home,1394,4,2024-08-25
3807,P102,Home,453,4,2024-08-09
3808,P113,Electronics,1345,3,2025-04-25
3809,P108,Sports,1427,3,2025-04-12
3810,P109,Grocery,975,4,2025-03-04
3811,P104,Grocery,489,4,2026-03-09
3812,P113,Electronics,1208,3,2026-02-23
3813,P100,Clothing,1546,2,2025-05-15
3814,P106,Electronics,754,1,2025-10-22
3815,P107,Grocery,1373,5,2025-01-08
3816,P102,Home,1429,2,2025-12-25
3817,P110,Grocery,1819,4,2024-08-26
3818,P106,Electronics,1217,4,2025-09-16
3819,P109,Grocery,1992,5,2024-07-14
3820,P113,Electronics,347,5,2025-03-26
3821,P103,Home,1050,5,2024-09-25
3822,P110,Grocery,1443,5,2025-12-01
3823,P114,Clothing,569,1,2025-01-05
3824,P102,Home,902,3,2025-11-15
3825,P113,Electronics,848,4,2025-03-30
3826,P105,Grocery,1449,4,2024-11-29
3827,P108,Sports,889,3,2025-06-16
3828,P101,Electronics,977,3,2025-10-22
3829,P107,Grocery,733,4,2024-09-25
3830,P112,Clothing,105,4,2025-05-13
3831,P106,Electronics,1159,1,2024-06-02
3832,P106,Electronics,1359,2,2025-01-26
3833,P111,Home,1982,5,2024-05-20
3834,P104,Grocery,713,5,2025-08-12
3835,P102,Home,1649,5,2025-06-15
3836,P105,Grocery,1305,5,2025-06-10
3837,P102,Home,1906,2,2024-08-26
3838,P104,Grocery,1230,4,2024-12-23
3839,P114,Clothing,1384,1,2024-09-14
3840,P112,Clothing,139,5,2026-04-13
3841,P110,Grocery,1507,2,2025-10-05
3842,P109,Grocery,1602,1,2025-08-03
3843,P113,Electronics,669,5,2025-06-05
3844,P112,Clothing,1561,2,2024-07-13
3845,P111,Home,1540,5,2025-01-22
3846,P109,Grocery,188,4,2024-10-02
3847,P109,Grocery,514,3,2025-11-08
3848,P106,Electronics,852,5,2025-10-09
3849,P103,Home,711,1,2024-10-06
3850,P114,Clothing,351,1,2025-07-26
3851,P100,Clothing,1138,4,2024-10-24
3852,P105,Grocery,1423,5,2025-09-16
3853,P100,Clothing,699,2,2024-11-25
3854,P110,Grocery,1960,4,2025-10-07
3855,P111,Home,1764,5,2024-12-24
3856,P113,Electronics,1560,2,2025-10-15
3857,P106,Electronics,1841,2,2024-12-30
3858,P110,Grocery,1312,1,2025-11-16
3859,P106,Electronics,597,4,2026-01-27
3860,P112,Clothing,276,5,2025-05-19
3861,P101,Electronics,812,4,2026-01-07
3862,P112,Clothing,1235,5,2025-09-25
3863,P101,Electronics,992,4,2024-11-01
3864,P110,Grocery,685,2,2025-02-22
3865,P109,Grocery,1099,2,2025-09-23
3866,P102,Home,1360,4,2025-05-30
3867,P104,Grocery,910,1,2025-02-03
3868,P102,Home,1204,4,2024-06-25
3869,P100,Clothing,1700,4,2026-03-02
3870,P112,Clothing,803,3,2024-10-30
3871,P111,Home,868,2,2024-08-31
3872,P104,Grocery,360,3,2024-08-14
3873,P108,Sports,474,2,2025-01-18
3874,P113,Electronics,949,2,2025-08-31
3875,P109,Grocery,1000,3,2026-03-12
3876,P103,Home,923,3,2024-08-14
3877,P100,Clothing,1182,1,2024-10-10
3878,P106,Electronics,133,1,2024-04-27
3879,P114,Clothing,235,5,2025-01-05
3880,P103,Home,1955,2,2025-06-14
3881,P113,Electronics,337,2,2025-07-14
3882,P108,Sports,1125,1,2025-12-16
3883,P111,Home,1505,2,2025-10-31
3884,P106,Electronics,928,2,2025-12-15
3885,P104,Grocery,900,3,2024-09-19
3886,P105,Grocery,887,2,2024-12-20
3887,P102,Home,1744,1,2024-10-20
3888,P106,Electronics,1696,5,2026-03-03
3889,P112,Clothing,1799,5,2024-12-06
3890,P113,Electronics,1224,5,2025-06-13
3891,P113,Electronics,1649,2,2026-03-28
3892,P108,Sports,272,3,2024-11-21
3893,P106,Electronics,1297,2,2025-04-25
3894,P114,Clothing,768,3,2024-07-04
3895,P106,Electronics,1792,4,2026-01-19
3896,P113,Electronics,1792,1,2024-08-20
3897,P107,Grocery,438,5,2026-01-09
3898,P108,Sports,432,5,2024-05-23
3899,P107,Grocery,355,4,2025-05-16
3900,P104,Grocery,1247,3,2025-07-14
3901,P109,Grocery,503,2,2024-07-15
3902,P112,Clothing,1899,2,2025-10-12
3903,P110,Grocery,1527,1,2026-03-26
3904,P103,Home,730,1,2025-11-06
3905,P113,Electronics,578,5,2025-09-03
3906,P110,Grocery,981,5,2026-01-08
3907,P100,Clothing,1754,3,2024-06-24
3908,P108,Sports,316,3,2024-11-06
3909,P101,Electronics,1620,2,2025-02-25
3910,P108,Sports,1556,2,2025-01-22
3911,P104,Grocery,619,1,2025-06-15
3912,P112,Clothing,1334,2,2025-08-24
3913,P100,Clothing,1526,3,2025-05-10
3914,P101,Electronics,502,4,2024-10-15
3915,P104,Grocery,282,5,2024-08-31
3916,P107,Grocery,1417,2,2024-04-29
3917,P101,Electronics,288,5,2025-01-10
3918,P110,Grocery,1243,3,2024-09-15
3919,P101,Electronics,1141,2,2024-07-14
3920,P106,Electronics,1530,4,2025-10-21
3921,P101,Electronics,1412,2,2025-08-09
3922,P111,Home,558,5,2024-12-30
3923,P110,Grocery,306,5,2026-03-19
3924,P114,Clothing,550,2,2025-02-23
3925,P114,Clothing,394,5,2025-06-29
3926,P104,Grocery,236,4,2025-05-20
3927,P108,Sports,1920,3,2025-03-07
3928,P109,Grocery,1494,1,2025-04-01
3929,P106,Electronics,1598,3,2024-11-06
3930,P112,Clothing,816,4,2026-02-13
3931,P109,Grocery,899,5,2024-06-19
3932,P109,Grocery,589,4,2025-11-02
3933,P112,Clothing,164,5,2025-12-15
3934,P114,Clothing,879,5,2025-09-04
3935,P106,Electronics,1950,1,2026-02-04
3936,P106,Electronics,1579,2,2025-09-13
3937,P109,Grocery,739,2,2024-06-24
3938,P113,Electronics,488,2,2025-10-12
3939,P114,Clothing,1219,5,2024-10-18
3940,P100,Clothing,1855,4,2024-07-21
3941,P114,Clothing,1275,3,2025-02-16
3942,P100,Clothing,437,4,2024-08-04
3943,P100,Clothing,1023,1,2026-02-12
3944,P106,Electronics,507,1,2026-01-05
3945,P110,Grocery,1464,3,2026-04-10
3946,P104,Grocery,898,1,2025-12-26
3947,P101,Electronics,907,1,2025-06-08
3948,P104,Grocery,1672,1,2026-03-11
3949,P103,Home,485,3,2025-01-01
3950,P114,Clothing,313,5,2025-09-23
3951,P112,Clothing,382,5,2024-06-10
3952,P108,Sports,1425,2,2024-10-29
3953,P104,Grocery,1154,2,2025-02-25
3954,P101,Electronics,1481,4,2025-03-24
3955,P111,Home,1357,4,2026-01-28
3956,P109,Grocery,1146,2,2025-04-04
3957,P104,Grocery,247,3,2026-03-13
3958,P109,Grocery,641,2,2024-06-28
3959,P106,Electronics,839,5,2026-03-28
3960,P110,Grocery,1857,4,2025-04-22
3961,P113,Electronics,1875,1,2025-09-28
3962,P112,Clothing,1930,2,2024-09-25
3963,P109,Grocery,567,2,2025-06-14
3964,P106,Electronics,1813,2,2026-03-24
3965,P114,Clothing,1947,5,2025-03-24
3966,P103,Home,303,5,2025-01-16
3967,P111,Home,846,1,2025-03-05
3968,P108,Sports,1751,5,2025-04-13
3969,P108,Sports,687,1,2025-11-30
3970,P105,Grocery,869,5,2025-11-14
3971,P103,Home,676,2,2026-01-06
3972,P107,Grocery,1362,4,2024-10-27
3973,P108,Sports,493,1,2025-12-26
3974,P109,Grocery,725,1,2024-04-26
3975,P112,Clothing,608,2,2025-12-17
3976,P112,Clothing,1155,5,2024-08-23
3977,P107,Grocery,1621,3,2024-10-20
3978,P100,Clothing,459,4,2024-07-04
3979,P111,Home,1186,3,2024-08-30
3980,P104,Grocery,772,4,2025-10-22
3981,P113,Electronics,1803,3,2025-10-10
3982,P112,Clothing,696,4,2024-09-09
3983,P102,Home,443,2,2025-02-22
3984,P112,Clothing,591,2,2024-06-12
3985,P108,Sports,1289,2,2025-09-16
3986,P113,Electronics,1627,3,2026-03-19
3987,P111,Home,1103,1,2024-05-11
3988,P105,Grocery,1097,2,2025-03-03
3989,P107,Grocery,845,3,2025-03-08
3990,P102,Home,1564,1,2025-06-11
3991,P105,Grocery,710,3,2025-03-05
3992,P101,Electronics,967,3,2024-12-10
3993,P100,Clothing,242,3,2024-11-07
3994,P105,Grocery,274,2,2026-03-22
3995,P107,Grocery,107,4,2025-09-26
3996,P102,Home,1348,3,2026-03-13
3997,P111,Home,202,4,2024-06-02
3998,P107,Grocery,1645,3,2024-07-06
3999,P105,Grocery,832,3,2025-07-29
4000,P111,Home,1901,5,2026-01-17
4001,P103,Home,438,3,2024-09-25
4002,P104,Grocery,1055,1,2025-02-04
4003,P113,Electronics,1362,1,2025-04-10
4004,P107,Grocery,1069,1,2026-03-26
4005,P108,Sports,1697,3,2024-12-19
4006,P101,Electronics,1189,5,2026-01-31
4007,P110,Grocery,538,5,2026-01-03
4008,P113,Electronics,926,2,2024-07-23
4009,P107,Grocery,1672,1,2025-11-02
4010,P105,Grocery,345,3,2024-05-30
4011,P103,Home,1053,4,2024-08-07
4012,P101,Electronics,1857,2,2024-07-15
4013,P102,Home,1920,2,2025-05-04
4014,P112,Clothing,247,5,2026-03-15
4015,P111,Home,150,5,2024-10-01
4016,P100,Clothing,1595,1,2024-07-26
4017,P102,Home,495,5,2025-07-13
4018,P106,Electronics,1755,4,2025-03-29
4019,P111,Home,1079,4,2025-08-11
4020,P108,Sports,1883,5,2024-08-18
4021,P110,Grocery,502,3,2026-02-20
4022,P108,Sports,748,1,2024-06-04
4023,P106,Electronics,1954,2,2025-10-08
4024,P108,Sports,201,3,2024-12-15
4025,P114,Clothing,972,3,2025-11-24
4026,P109,Grocery,1112,5,2026-03-12
4027,P114,Clothing,262,3,2025-06-29
4028,P107,Grocery,1133,2,2025-05-12
4029,P109,Grocery,1425,1,2025-11-27
4030,P106,Electronics,1497,4,2025-12-02
4031,P102,Home,1579,4,2025-01-15
4032,P106,Electronics,1753,5,2024-10-17
4033,P107,Grocery,1301,2,2025-08-16
4034,P100,Clothing,729,3,2024-06-28
4035,P107,Grocery,1463,4,2025-02-28
4036,P110,Grocery,420,2,2025-12-24
4037,P100,Clothing,258,5,2024-08-04
4038,P104,Grocery,1785,3,2024-05-14
4039,P111,Home,420,1,2024-12-15
4040,P113,Electronics,1113,5,2024-10-01
4041,P108,Sports,517,3,2025-08-21
4042,P105,Grocery,1975,5,2025-09-08
4043,P100,Clothing,1621,4,2025-08-02
4044,P100,Clothing,1203,3,2026-01-04
4045,P102,Home,906,1,2024-09-19
4046,P110,Grocery,112,1,2025-11-12
4047,P113,Electronics,1753,5,2025-08-21
4048,P111,Home,974,5,2026-01-31
4049,P109,Grocery,1384,3,2026-02-02
4050,P108,Sports,449,5,2025-02-06
4051,P100,Clothing,1753,4,2024-11-07
4052,P105,Grocery,630,5,2024-08-16
4053,P112,Clothing,1624,3,2026-04-10
4054,P105,Grocery,1792,1,2025-05-18
4055,P111,Home,838,2,2026-03-07
4056,P114,Clothing,1594,4,2025-04-10
4057,P101,Electronics,653,4,2025-03-11
4058,P106,Electronics,912,5,2025-06-29
4059,P104,Grocery,129,2,2025-08-28
4060,P109,Grocery,1917,4,2025-04-14
4061,P111,Home,1859,5,2024-11-29
4062,P108,Sports,1456,4,2025-09-11
4063,P114,Clothing,761,4,2024-10-14
4064,P107,Grocery,234,5,2024-09-07
4065,P103,Home,1142,3,2025-11-14
4066,P102,Home,146,5,2024-10-09
4067,P112,Clothing,1111,3,2025-02-20
4068,P103,Home,1149,2,2025-07-03
4069,P105,Grocery,1605,2,2024-05-07
4070,P100,Clothing,171,4,2025-09-16
4071,P109,Grocery,1399,1,2024-05-14
4072,P101,Electronics,278,1,2025-01-07
4073,P103,Home,1847,1,2025-07-09
4074,P108,Sports,1239,3,2025-09-14
4075,P105,Grocery,1702,5,2025-09-04
4076,P109,Grocery,395,4,2026-03-09
4077,P105,Grocery,1331,4,2024-12-26
4078,P100,Clothing,192,4,2024-09-22
4079,P102,Home,1571,2,2024-05-08
4080,P102,Home,1866,3,2026-03-22
4081,P111,Home,1580,2,2025-04-01
4082,P103,Home,1715,2,2026-04-06
4083,P113,Electronics,706,3,2024-10-04
4084,P108,Sports,1989,2,2025-04-30
4085,P107,Grocery,415,5,2024-04-20
4086,P109,Grocery,714,5,2025-05-17
4087,P105,Grocery,1602,4,2025-11-05
4088,P104,Grocery,1102,3,2024-05-17
4089,P110,Grocery,1772,3,2025-02-10
4090,P111,Home,1437,3,2026-01-17
4091,P100,Clothing,783,4,2025-11-16
4092,P113,Electronics,190,4,2025-07-07
4093,P111,Home,1980,2,2024-09-11
4094,P102,Home,1693,4,2025-01-09
4095,P114,Clothing,265,3,2025-02-06
4096,P109,Grocery,1340,3,2024-09-30
4097,P102,Home,1226,2,2025-09-12
4098,P109,Grocery,923,4,2024-07-12
4099,P108,Sports,1157,1,2025-03-17
4100,P113,Electronics,868,2,2024-11-01
4101,P113,Electronics,1606,1,2024-12-01
4102,P110,Grocery,568,1,2025-12-06
4103,P104,Grocery,806,4,2024-12-12
4104,P112,Clothing,901,3,2026-03-03
4105,P110,Grocery,1075,4,2025-11-24
4106,P110,Grocery,1122,5,2024-10-13
4107,P108,Sports,1471,5,2026-01-02
4108,P100,Clothing,344,2,2025-04-30
4109,P107,Grocery,328,2,2024-12-20
4110,P112,Clothing,886,3,2025-11-03
4111,P110,Grocery,116,2,2025-11-18
4112,P108,Sports,1907,3,2025-01-05
4113,P102,Home,1749,4,2024-06-29
4114,P109,Grocery,1861,3,2024-12-07
4115,P111,Home,1529,5,2024-05-07
4116,P104,Grocery,1021,2,2024-09-25
4117,P100,Clothing,770,5,2025-01-07
4118,P103,Home,1961,5,2024-08-09
4119,P112,Clothing,495,4,2024-06-25
4120,P101,Electronics,1687,5,2024-06-20
4121,P108,Sports,1635,4,2025-07-15
4122,P109,Grocery,229,3,2025-07-31
4123,P108,Sports,1533,4,2026-03-29
4124,P107,Grocery,903,5,2024-12-29
4125,P109,Grocery,1728,1,2024-10-20
4126,P103,Home,558,4,2025-02-22
4127,P109,Grocery,260,3,2025-06-17
4128,P110,Grocery,244,5,2024-05-04
4129,P109,Grocery,232,1,2025-04-30
4130,P102,Home,639,3,2025-09-26
4131,P111,Home,1519,3,2024-06-29
4132,P107,Grocery,406,5,2025-09-26
4133,P108,Sports,1886,3,2024-09-06
4134,P109,Grocery,740,1,2025-08-24
4135,P114,Clothing,686,1,2024-07-07
4136,P110,Grocery,1481,1,2026-01-17
4137,P108,Sports,1880,1,2025-02-02
4138,P111,Home,950,5,2024-11-06
4139,P103,Home,459,4,2024-11-13
4140,P112,Clothing,516,4,2024-07-03
4141,P104,Grocery,1668,1,2026-01-22
4142,P113,Electronics,441,5,2024-06-09
4143,P114,Clothing,530,2,2025-10-30
4144,P113,Electronics,1176,4,2024-12-13
4145,P108,Sports,1225,3,2026-01-25
4146,P114,Clothing,142,5,2024-10-27
4147,P106,Electronics,1309,4,2024-10-03
4148,P111,Home,1852,3,2025-09-25
4149,P100,Clothing,1917,2,2024-04-23
4150,P109,Grocery,503,1,2026-03-07
4151,P103,Home,396,4,2025-07-25
4152,P102,Home,372,1,2024-10-13
4153,P101,Electronics,846,4,2024-05-31
4154,P110,Grocery,855,4,2025-09-19
4155,P113,Electronics,305,3,2025-11-26
4156,P109,Grocery,572,5,2025-05-24
4157,P101,Electronics,1037,2,2025-10-29
4158,P108,Sports,1918,5,2026-02-13
4159,P106,Electronics,296,4,2025-07-30
4160,P102,Home,243,2,2024-08-24
4161,P103,Home,1037,5,2025-07-29
4162,P110,Grocery,616,3,2025-09-25
4163,P105,Grocery,1405,3,2025-06-09
4164,P100,Clothing,342,2,2025-01-23
4165,P105,Grocery,542,2,2024-05-11
4166,P112,Clothing,572,3,2024-08-25
4167,P114,Clothing,1765,3,2024-12-25
4168,P108,Sports,576,4,2025-01-20
4169,P112,Clothing,1757,2,2025-08-19
4170,P104,Grocery,1087,2,2026-01-02
4171,P104,Grocery,252,5,2026-03-06
4172,P105,Grocery,102,3,2024-09-29
4173,P110,Grocery,1347,5,2025-02-09
4174,P102,Home,438,5,2025-05-10
4175,P107,Grocery,317,1,2025-04-14
4176,P101,Electronics,1495,2,2025-09-06
4177,P100,Clothing,1297,3,2024-05-09
4178,P104,Grocery,1852,2,2024-11-18
4179,P111,Home,726,2,2025-06-14
4180,P104,Grocery,1603,2,2025-07-08
4181,P101,Electronics,353,4,2024-09-12
4182,P103,Home,1227,2,2024-09-26
4183,P103,Home,447,4,2024-04-19
4184,P102,Home,372,2,2024-08-16
4185,P105,Grocery,1191,5,2025-03-05
4186,P103,Home,976,5,2025-12-06
4187,P102,Home,1977,4,2025-09-26
4188,P110,Grocery,721,2,2024-05-02
4189,P109,Grocery,1537,5,2024-07-12
4190,P109,Grocery,265,5,2025-07-25
4191,P102,Home,1495,2,2026-03-20
4192,P110,Grocery,1629,2,2025-05-07
4193,P110,Grocery,843,4,2024-05-17
4194,P114,Clothing,1622,3,2025-08-31
4195,P106,Electronics,677,1,2024-05-06
4196,P102,Home,545,1,2024-06-20
4197,P105,Grocery,1523,2,2024-08-01
4198,P104,Grocery,1405,1,2024-06-01
4199,P101,Electronics,1274,2,2025-10-14
4200,P108,Sports,1904,3,2025-11-25
4201,P111,Home,1506,1,2025-11-09
4202,P107,Grocery,1841,2,2025-09-11
4203,P107,Grocery,1389,2,2025-11-23
4204,P103,Home,1646,3,2025-07-30
4205,P114,Clothing,1513,2,2025-03-14
4206,P103,Home,1947,1,2026-02-24
4207,P109,Grocery,639,5,2025-12-24
4208,P112,Clothing,1769,3,2024-07-29
4209,P100,Clothing,1691,5,2026-03-03
4210,P112,Clothing,1721,2,2024-08-08
4211,P108,Sports,1523,5,2025-02-14
4212,P114,Clothing,273,4,2026-01-17
4213,P112,Clothing,1072,1,2025-11-24
4214,P101,Electronics,1773,3,2024-05-28
4215,P104,Grocery,1069,1,2024-09-14
4216,P111,Home,109,3,2024-09-11
4217,P102,Home,209,1,2025-03-07
4218,P101,Electronics,1533,1,2025-06-22
4219,P102,Home,1503,4,2025-06-28
4220,P101,Electronics,647,4,2025-09-25
4221,P104,Grocery,290,4,2024-06-12
4222,P103,Home,874,1,2024-08-15
4223,P106,Electronics,1663,1,2024-10-31
4224,P108,Sports,1416,5,2026-02-02
4225,P105,Grocery,585,2,2025-06-03
4226,P101,Electronics,265,1,2025-11-21
4227,P110,Grocery,171,4,2024-12-28
4228,P106,Electronics,1184,2,2024-08-22
4229,P100,Clothing,1352,1,2024-05-24
4230,P103,Home,646,1,2024-08-30
4231,P109,Grocery,1989,5,2024-07-13
4232,P108,Sports,492,2,2025-07-23
4233,P100,Clothing,1874,3,2025-01-05
4234,P100,Clothing,1394,2,2024-12-26
4235,P109,Grocery,644,4,2025-09-22
4236,P111,Home,1614,2,2025-07-24
4237,P114,Clothing,1369,2,2024-12-08
4238,P104,Grocery,1220,3,2025-02-13
4239,P106,Electronics,1801,1,2025-04-02
4240,P107,Grocery,1180,5,2025-11-04
4241,P111,Home,895,5,2025-09-26
4242,P114,Clothing,658,2,2025-05-11
4243,P114,Clothing,103,4,2024-11-18
4244,P102,Home,1696,1,2024-11-17
4245,P104,Grocery,1778,2,2024-08-22
4246,P108,Sports,932,3,2025-09-03
4247,P105,Grocery,834,5,2024-07-25
4248,P109,Grocery,1012,5,2026-01-22
4249,P107,Grocery,1944,2,2024-06-15
4250,P108,Sports,761,2,2024-10-20
4251,P107,Grocery,1551,4,2026-01-10
4252,P103,Home,239,5,2024-06-14
4253,P113,Electronics,262,4,2024-09-15
4254,P110,Grocery,1240,3,2024-08-07
4255,P100,Clothing,1645,1,2025-06-24
4256,P100,Clothing,1423,2,2025-05-19
4257,P105,Grocery,634,1,2024-06-04
4258,P101,Electronics,379,2,2024-11-19
4259,P100,Clothing,1841,4,2025-10-18
4260,P100,Clothing,1248,3,2025-12-28
4261,P103,Home,517,5,2024-11-07
4262,P114,Clothing,803,4,2025-04-22
4263,P101,Electronics,972,1,2024-10-13
4264,P112,Clothing,1805,5,2025-04-07
4265,P110,Grocery,626,5,2026-03-26
4266,P112,Clothing,663,4,2024-11-25
4267,P101,Electronics,1052,2,2025-08-31
4268,P102,Home,417,2,2025-03-24
4269,P102,Home,1075,3,2024-04-19
4270,P103,Home,1765,4,2024-10-01
4271,P100,Clothing,1046,3,2026-02-08
4272,P105,Grocery,1686,5,2026-01-21
4273,P103,Home,109,1,2025-09-29
4274,P110,Grocery,507,3,2024-08-20
4275,P108,Sports,287,1,2025-05-26
4276,P114,Clothing,934,3,2025-05-16
4277,P107,Grocery,316,5,2024-05-28
4278,P110,Grocery,1746,4,2025-08-19
4279,P104,Grocery,812,2,2024-12-08
4280,P114,Clothing,1184,5,2025-09-09
4281,P108,Sports,1255,2,2025-10-21
4282,P112,Clothing,1338,5,2026-01-09
4283,P107,Grocery,1414,2,2026-02-14
4284,P100,Clothing,1032,5,2024-12-05
4285,P107,Grocery,881,5,2025-11-30
4286,P114,Clothing,410,2,2025-11-26
4287,P108,Sports,328,1,2025-02-11
4288,P100,Clothing,1779,5,2026-02-14
4289,P107,Grocery,1690,2,2025-11-30
4290,P107,Grocery,1178,3,2026-04-08
4291,P111,Home,164,3,2024-10-10
4292,P109,Grocery,1875,1,2024-12-19
4293,P108,Sports,747,4,2026-03-12
4294,P111,Home,902,3,2025-01-08
4295,P103,Home,150,1,2024-07-25
4296,P110,Grocery,1130,5,2025-01-30
4297,P110,Grocery,1279,3,2026-01-23
4298,P111,Home,1304,4,2024-10-02
4299,P108,Sports,472,4,2025-02-27
4300,P114,Clothing,457,2,2024-07-01
4301,P102,Home,643,1,2025-11-25
4302,P111,Home,1428,1,2025-01-16
4303,P113,Electronics,1567,3,2025-05-27
4304,P114,Clothing,1345,4,2025-06-01
4305,P100,Clothing,664,4,2025-01-11
4306,P100,Clothing,969,4,2024-04-24
4307,P107,Grocery,305,1,2025-01-15
4308,P102,Home,161,5,2025-04-09
4309,P104,Grocery,1633,2,2025-01-02
4310,P109,Grocery,646,4,2025-09-07
4311,P102,Home,1545,1,2025-02-17
4312,P102,Home,465,2,2024-10-08
4313,P113,Electronics,1012,3,2025-03-13
4314,P111,Home,747,3,2024-06-17
4315,P103,Home,775,3,2025-09-20
4316,P107,Grocery,309,3,2024-04-29
4317,P106,Electronics,1957,5,2024-09-13
4318,P103,Home,740,3,2025-01-23
4319,P106,Electronics,1081,1,2025-06-29
4320,P103,Home,1598,5,2024-08-17
4321,P101,Electronics,255,5,2024-05-02
4322,P108,Sports,856,2,2025-05-03
4323,P107,Grocery,660,2,2026-01-13
4324,P113,Electronics,129,5,2025-04-27
4325,P105,Grocery,1759,3,2024-09-13
4326,P107,Grocery,1072,4,2026-02-24
4327,P106,Electronics,1555,3,2024-09-01
4328,P104,Grocery,1916,1,2025-07-19
4329,P106,Electronics,396,5,2024-10-29
4330,P106,Electronics,690,3,2024-09-10
4331,P101,Electronics,1531,5,2025-01-22
4332,P114,Clothing,518,2,2025-03-01
4333,P110,Grocery,978,4,2024-09-26
4334,P108,Sports,459,3,2025-09-21
4335,P112,Clothing,554,4,2025-07-22
4336,P113,Electronics,1687,3,2025-02-04
4337,P114,Clothing,510,5,2025-03-09
4338,P111,Home,894,3,2025-02-09
4339,P110,Grocery,416,2,2026-04-11
4340,P101,Electronics,1661,2,2025-11-26
4341,P111,Home,129,4,2025-06-23
4342,P113,Electronics,669,3,2025-02-06
4343,P105,Grocery,1923,2,2025-08-22
4344,P104,Grocery,901,3,2025-01-11
4345,P100,Clothing,317,2,2024-08-25
4346,P113,Electronics,305,1,2026-03-28
4347,P113,Electronics,1445,1,2025-09-27
4348,P109,Grocery,331,5,2024-07-06
4349,P107,Grocery,129,2,2026-04-03
4350,P106,Electronics,106,3,2026-01-13
4351,P112,Clothing,1917,2,2025-12-18
4352,P102,Home,1454,1,2024-08-10
4353,P104,Grocery,941,3,2025-02-23
4354,P109,Grocery,1499,2,2025-07-09
4355,P103,Home,1026,3,2026-02-08
4356,P110,Grocery,1082,5,2025-12-29
4357,P102,Home,303,3,2024-08-13
4358,P111,Home,1898,5,2025-05-07
4359,P112,Clothing,1990,4,2025-10-12
4360,P103,Home,1374,1,2026-02-13
4361,P101,Electronics,842,5,2025-06-24
4362,P104,Grocery,1100,3,2024-06-26
4363,P104,Grocery,1341,2,2025-03-13
4364,P106,Electronics,998,2,2025-03-14
4365,P108,Sports,795,2,2026-03-28
4366,P110,Grocery,1233,5,2025-03-11
4367,P101,Electronics,739,1,2024-11-20
4368,P111,Home,1085,5,2024-10-08
4369,P101,Electronics,187,4,2025-12-27
4370,P113,Electronics,284,1,2024-06-01
4371,P108,Sports,1524,1,2024-09-01
4372,P102,Home,1890,2,2024-11-28
4373,P109,Grocery,264,4,2025-03-14
4374,P111,Home,1661,5,2025-09-04
4375,P108,Sports,661,5,2024-05-13
4376,P101,Electronics,1027,5,2026-04-07
4377,P104,Grocery,250,2,2026-04-09
4378,P112,Clothing,1559,1,2024-08-19
4379,P110,Grocery,1288,2,2025-07-06
4380,P104,Grocery,1706,5,2024-11-11
4381,P102,Home,1444,3,2026-02-25
4382,P108,Sports,451,1,2024-05-20
4383,P100,Clothing,236,3,2025-10-26
4384,P107,Grocery,523,3,2024-05-06
4385,P114,Clothing,1285,4,2025-11-09
4386,P104,Grocery,1652,1,2024-09-20
4387,P105,Grocery,1005,1,2025-09-06
4388,P104,Grocery,614,1,2024-07-08
4389,P111,Home,192,3,2025-04-09
4390,P109,Grocery,1555,4,2024-11-13
4391,P101,Electronics,632,2,2024-10-26
4392,P100,Clothing,642,5,2025-09-27
4393,P107,Grocery,1004,1,2025-04-04
4394,P107,Grocery,1998,3,2025-10-21
4395,P110,Grocery,239,4,2025-09-26
4396,P113,Electronics,623,2,2024-08-19
4397,P100,Clothing,784,5,2024-10-10
4398,P106,Electronics,661,5,2024-07-09
4399,P104,Grocery,1181,2,2026-04-07
4400,P106,Electronics,1429,4,2026-03-30
4401,P100,Clothing,1569,3,2025-09-08
4402,P114,Clothing,1808,3,2025-09-12
4403,P103,Home,233,2,2024-04-22
4404,P113,Electronics,1424,5,2025-01-28
4405,P107,Grocery,338,3,2025-12-02
4406,P112,Clothing,1425,1,2025-05-17
4407,P103,Home,987,3,2025-07-04
4408,P107,Grocery,888,3,2026-03-05
4409,P108,Sports,224,1,2025-06-03
4410,P103,Home,851,5,2024-05-20
4411,P104,Grocery,721,2,2025-08-12
4412,P112,Clothing,526,2,2025-05-15
4413,P105,Grocery,1457,2,2024-07-18
4414,P103,Home,1736,2,2025-02-04
4415,P104,Grocery,798,5,2026-02-10
4416,P101,Electronics,754,2,2025-05-31
4417,P107,Grocery,211,3,2025-01-27
4418,P112,Clothing,556,2,2025-10-17
4419,P105,Grocery,1547,4,2024-12-23
4420,P105,Grocery,319,3,2026-02-22
4421,P110,Grocery,899,4,2025-07-18
4422,P100,Clothing,1297,2,2024-08-01
4423,P106,Electronics,1064,1,2025-05-24
4424,P104,Grocery,722,1,2024-09-13
4425,P101,Electronics,767,5,2025-03-20
4426,P100,Clothing,359,1,2025-12-01
4427,P103,Home,1625,5,2025-11-08
4428,P106,Electronics,1876,4,2025-04-14
4429,P113,Electronics,1770,5,2026-03-15
4430,P105,Grocery,280,3,2024-04-26
4431,P104,Grocery,1928,2,2025-02-01
4432,P110,Grocery,743,5,2025-11-07
4433,P100,Clothing,571,2,2024-07-27
4434,P113,Electronics,254,3,2024-10-17
4435,P110,Grocery,606,1,2025-09-06
4436,P108,Sports,1937,4,2024-08-14
4437,P105,Grocery,1301,4,2024-06-27
4438,P101,Electronics,1067,1,2026-04-12
4439,P110,Grocery,774,1,2024-07-05
4440,P107,Grocery,1823,1,2025-08-08
4441,P101,Electronics,990,3,2024-07-21
4442,P112,Clothing,1658,1,2025-06-24
4443,P103,Home,1837,1,2026-01-26
4444,P102,Home,494,5,2024-07-08
4445,P109,Grocery,1424,5,2025-10-23
4446,P111,Home,1093,4,2025-10-20
4447,P104,Grocery,496,2,2024-12-21
4448,P114,Clothing,1306,1,2024-10-20
4449,P103,Home,243,3,2025-01-29
4450,P102,Home,135,1,2024-05-18
4451,P109,Grocery,458,3,2024-10-27
4452,P108,Sports,1039,1,2025-05-01
4453,P106,Electronics,1526,5,2024-05-20
4454,P104,Grocery,1707,2,2024-10-28
4455,P106,Electronics,276,5,2026-03-19
4456,P104,Grocery,869,1,2024-05-29
4457,P111,Home,344,2,2025-09-23
4458,P101,Electronics,1371,5,2024-09-02
4459,P102,Home,1909,3,2024-05-31
4460,P103,Home,1062,5,2024-12-07
4461,P114,Clothing,1991,2,2026-01-28
4462,P105,Grocery,468,1,2024-12-14
4463,P101,Electronics,1115,3,2024-05-14
4464,P103,Home,1177,4,2025-03-30
4465,P106,Electronics,307,1,2025-06-02
4466,P108,Sports,1508,1,2025-11-09
4467,P112,Clothing,1787,3,2024-08-11
4468,P114,Clothing,1245,5,2025-10-30
4469,P105,Grocery,1330,4,2025-01-02
4470,P112,Clothing,849,2,2025-01-27
4471,P114,Clothing,1042,5,2026-03-28
4472,P107,Grocery,282,4,2024-12-06
4473,P110,Grocery,179,1,2026-04-17
4474,P105,Grocery,597,4,2026-01-01
4475,P101,Electronics,1798,1,2025-10-27
4476,P114,Clothing,313,4,2025-12-14
4477,P106,Electronics,876,3,2024-08-10
4478,P112,Clothing,1593,5,2024-12-25
4479,P108,Sports,1499,1,2024-06-26
4480,P109,Grocery,1065,5,2025-03-28
4481,P111,Home,822,3,2025-03-25
4482,P109,Grocery,245,1,2025-08-22
4483,P102,Home,637,2,2025-11-29
4484,P107,Grocery,288,4,2025-09-05
4485,P107,Grocery,1371,1,2025-04-06
4486,P111,Home,897,4,2024-12-24
4487,P112,Clothing,267,3,2026-02-25
4488,P112,Clothing,683,5,2026-03-23
4489,P114,Clothing,549,4,2025-03-02
4490,P110,Grocery,724,4,2025-12-12
4491,P104,Grocery,1821,4,2024-08-03
4492,P113,Electronics,102,4,2025-10-06
4493,P112,Clothing,409,2,2024-05-30
4494,P107,Grocery,987,4,2025-10-11
4495,P106,Electronics,1130,1,2025-10-19
4496,P104,Grocery,1542,5,2025-06-29
4497,P105,Grocery,1702,4,2024-05-16
4498,P112,Clothing,1300,1,2025-07-29
4499,P108,Sports,1714,3,2026-02-08
4500,P107,Grocery,339,4,2025-03-14
4501,P111,Home,1051,3,2024-06-29
4502,P103,Home,1179,1,2025-09-01
4503,P104,Grocery,1575,5,2024-12-24
4504,P104,Grocery,1174,3,2026-04-11
4505,P100,Clothing,1611,2,2026-02-15
4506,P103,Home,1439,5,2025-08-21
4507,P100,Clothing,1261,5,2024-12-25
4508,P107,Grocery,1825,5,2026-03-29
4509,P104,Grocery,1344,1,2025-02-18
4510,P107,Grocery,985,3,2024-11-22
4511,P102,Home,481,1,2025-12-14
4512,P105,Grocery,920,3,2026-01-29
4513,P101,Electronics,234,4,2024-08-14
4514,P112,Clothing,1086,2,2025-08-26
4515,P113,Electronics,1093,5,2024-11-29
4516,P113,Electronics,829,2,2024-11-04
4517,P112,Clothing,1429,2,2024-12-18
4518,P102,Home,718,5,2025-10-31
4519,P102,Home,1284,4,2024-04-29
4520,P100,Clothing,1308,1,2026-04-15
4521,P103,Home,905,3,2026-02-19
4522,P111,Home,377,5,2025-02-12
4523,P110,Grocery,965,3,2025-05-01
4524,P109,Grocery,1524,4,2025-12-06
4525,P106,Electronics,1373,4,2024-04-22
4526,P106,Electronics,942,1,2024-08-17
4527,P102,Home,546,3,2024-06-17
4528,P108,Sports,509,4,2024-05-21
4529,P112,Clothing,599,4,2024-06-09
4530,P107,Grocery,726,1,2024-09-14
4531,P101,Electronics,1975,3,2024-07-22
4532,P103,Home,396,3,2024-05-29
4533,P100,Clothing,1552,1,2026-03-18
4534,P113,Electronics,1568,2,2024-07-03
4535,P106,Electronics,124,5,2026-04-01
4536,P108,Sports,530,3,2024-05-08
4537,P110,Grocery,1319,1,2024-10-27
4538,P113,Electronics,1916,1,2026-03-29
4539,P108,Sports,409,2,2024-11-04
4540,P102,Home,923,5,2025-10-31
4541,P114,Clothing,1442,4,2024-07-27
4542,P105,Grocery,283,3,2026-03-16
4543,P106,Electronics,1202,5,2024-07-20
4544,P105,Grocery,1306,2,2025-07-26
4545,P106,Electronics,1892,1,2025-03-05
4546,P112,Clothing,291,5,2025-01-22
4547,P105,Grocery,1224,4,2024-09-18
4548,P112,Clothing,949,2,2025-12-08
4549,P100,Clothing,1835,3,2025-08-04
4550,P114,Clothing,503,1,2024-12-08
4551,P102,Home,514,3,2025-10-12
4552,P108,Sports,1549,4,2025-06-01
4553,P106,Electronics,1656,3,2026-04-18
4554,P102,Home,1633,5,2025-10-04
4555,P114,Clothing,1443,2,2025-04-22
4556,P102,Home,1493,2,2025-04-29
4557,P105,Grocery,631,1,2025-06-03
4558,P100,Clothing,622,5,2024-05-01
4559,P111,Home,680,1,2025-10-27
4560,P101,Electronics,1021,1,2025-04-26
4561,P102,Home,773,5,2024-08-05
4562,P101,Electronics,693,3,2024-10-24
4563,P109,Grocery,1817,1,2024-08-01
4564,P107,Grocery,1507,3,2024-09-13
4565,P104,Grocery,1618,1,2024-10-05
4566,P114,Clothing,1407,2,2026-04-10
4567,P100,Clothing,159,1,2025-08-11
4568,P108,Sports,1428,2,2025-11-05
4569,P108,Sports,1556,3,2025-11-21
4570,P104,Grocery,1249,5,2024-09-19
4571,P109,Grocery,372,5,2025-12-14
4572,P113,Electronics,1596,3,2024-07-27
4573,P111,Home,1950,4,2026-02-24
4574,P106,Electronics,830,1,2026-01-22
4575,P106,Electronics,752,3,2025-09-20
4576,P109,Grocery,456,4,2024-08-30
4577,P104,Grocery,273,5,2025-09-17
4578,P110,Grocery,858,5,2025-09-09
4579,P102,Home,341,5,2025-12-28
4580,P113,Electronics,1693,2,2024-09-29
4581,P114,Clothing,477,3,2025-05-19
4582,P105,Grocery,487,3,2025-01-05
4583,P105,Grocery,1930,1,2025-02-14
4584,P111,Home,1843,3,2024-06-03
4585,P109,Grocery,1113,5,2025-05-31
4586,P107,Grocery,1102,4,2024-08-03
4587,P101,Electronics,856,1,2025-03-30
4588,P102,Home,1779,3,2025-03-13
4589,P113,Electronics,1008,4,2025-05-09
4590,P100,Clothing,1644,2,2024-10-23
4591,P106,Electronics,499,3,2025-02-20
4592,P111,Home,1085,1,2026-04-06
4593,P112,Clothing,1196,3,2024-07-13
4594,P101,Electronics,280,5,2026-01-28
4595,P111,Home,878,5,2025-01-14
4596,P103,Home,1126,4,2026-03-15
4597,P102,Home,712,4,2025-03-24
4598,P106,Electronics,805,3,2025-06-10
4599,P110,Grocery,1258,4,2026-03-25
4600,P104,Grocery,604,4,2025-09-12
4601,P104,Grocery,1598,5,2024-08-12
4602,P100,Clothing,469,4,2025-12-03
4603,P104,Grocery,140,1,2024-12-11
4604,P106,Electronics,607,5,2025-01-31
4605,P114,Clothing,1923,4,2025-03-07
4606,P103,Home,1226,2,2025-05-16
4607,P114,Clothing,1804,4,2024-09-10
4608,P113,Electronics,1837,1,2024-10-28
4609,P106,Electronics,207,4,2025-05-07
4610,P107,Grocery,298,1,2024-08-23
4611,P101,Electronics,382,4,2024-07-26
4612,P101,Electronics,1247,1,2024-10-14
4613,P113,Electronics,1753,2,2024-09-29
4614,P114,Clothing,625,3,2025-06-13
4615,P113,Electronics,343,1,2024-06-13
4616,P107,Grocery,1847,5,2024-05-11
4617,P101,Electronics,107,4,2024-11-09
4618,P102,Home,429,1,2025-02-10
4619,P108,Sports,1569,3,2024-07-02
4620,P109,Grocery,493,2,2025-03-19
4621,P100,Clothing,535,5,2024-05-25
4622,P111,Home,1206,2,2026-01-01
4623,P101,Electronics,1752,2,2024-12-20
4624,P101,Electronics,1245,4,2025-08-25
4625,P105,Grocery,1237,5,2026-01-06
4626,P106,Electronics,1729,5,2024-04-19
4627,P108,Sports,360,3,2025-08-05
4628,P104,Grocery,1197,4,2025-09-02
4629,P106,Electronics,1724,2,2024-10-19
4630,P107,Grocery,785,4,2024-10-30
4631,P109,Grocery,1136,3,2024-10-08
4632,P104,Grocery,1859,2,2025-11-28
4633,P100,Clothing,1601,3,2025-03-23
4634,P105,Grocery,585,5,2025-09-09
4635,P113,Electronics,305,3,2024-08-28
4636,P101,Electronics,1830,3,2024-07-20
4637,P110,Grocery,200,1,2025-09-17
4638,P113,Electronics,414,4,2025-09-14
4639,P113,Electronics,857,1,2025-06-20
4640,P113,Electronics,366,4,2024-06-17
4641,P103,Home,765,3,2025-09-13
4642,P106,Electronics,814,3,2025-12-12
4643,P102,Home,126,2,2025-10-07
4644,P108,Sports,459,2,2024-12-22
4645,P105,Grocery,408,2,2025-12-15
4646,P110,Grocery,441,3,2025-02-14
4647,P111,Home,667,4,2025-06-19
4648,P109,Grocery,1129,2,2025-06-23
4649,P107,Grocery,790,5,2026-01-10
4650,P102,Home,1615,1,2025-08-11
4651,P106,Electronics,1324,3,2024-05-21
4652,P105,Grocery,721,1,2024-12-25
4653,P113,Electronics,1675,4,2024-04-26
4654,P111,Home,260,5,2024-12-19
4655,P103,Home,1490,5,2026-04-01
4656,P103,Home,774,2,2024-06-27
4657,P102,Home,1204,5,2026-03-14
4658,P113,Electronics,158,1,2025-06-23
4659,P111,Home,1740,2,2025-02-11
4660,P112,Clothing,1951,5,2025-05-06
4661,P112,Clothing,991,3,2024-09-11
4662,P109,Grocery,1179,3,2025-08-31
4663,P111,Home,298,4,2025-02-02
4664,P102,Home,1687,3,2025-07-08
4665,P103,Home,1064,1,2024-08-31
4666,P104,Grocery,722,2,2025-11-11
4667,P103,Home,714,4,2024-07-10
4668,P112,Clothing,1287,1,2025-01-15
4669,P104,Grocery,1768,1,2024-11-27
4670,P103,Home,625,3,2025-11-22
4671,P107,Grocery,337,5,2025-01-23
4672,P106,Electronics,1384,3,2025-01-08
4673,P114,Clothing,828,1,2024-09-25
4674,P106,Electronics,1956,5,2025-07-19
4675,P107,Grocery,573,4,2025-03-07
4676,P110,Grocery,970,4,2025-04-03
4677,P110,Grocery,1078,3,2024-12-21
4678,P114,Clothing,1836,2,2024-04-22
4679,P114,Clothing,345,4,2025-03-26
4680,P113,Electronics,236,5,2024-08-28
4681,P100,Clothing,1442,2,2025-10-08
4682,P108,Sports,1540,4,2024-12-17
4683,P105,Grocery,150,5,2024-06-23
4684,P106,Electronics,1782,2,2025-02-03
4685,P107,Grocery,1307,3,2024-05-01
4686,P113,Electronics,965,1,2025-01-13
4687,P105,Grocery,119,3,2025-05-05
4688,P109,Grocery,1232,5,2024-09-16
4689,P111,Home,318,4,2025-12-02
4690,P108,Sports,373,5,2024-12-01
4691,P104,Grocery,1939,5,2025-09-06
4692,P108,Sports,1708,5,2026-02-07
4693,P111,Home,1845,3,2025-07-09
4694,P114,Clothing,956,5,2024-12-26
4695,P103,Home,764,3,2025-06-07
4696,P114,Clothing,1768,3,2025-05-13
4697,P107,Grocery,665,1,2025-03-13
4698,P106,Electronics,1019,2,2024-08-14
4699,P102,Home,1872,5,2025-10-02
4700,P103,Home,1431,4,2025-03-31
4701,P107,Grocery,1359,4,2024-11-28
4702,P102,Home,450,5,2026-01-20
4703,P100,Clothing,178,5,2025-12-21
4704,P108,Sports,1403,1,2025-05-28
4705,P106,Electronics,122,5,2025-10-28
4706,P108,Sports,1541,2,2025-10-15
4707,P109,Grocery,386,4,2024-09-10
4708,P110,Grocery,1057,3,2025-07-07
4709,P103,Home,951,4,2025-01-29
4710,P110,Grocery,1430,5,2026-03-10
4711,P110,Grocery,1250,4,2025-02-26
4712,P101,Electronics,670,1,2026-01-02
4713,P106,Electronics,1587,3,2025-01-26
4714,P103,Home,1203,3,2026-03-17
4715,P106,Electronics,454,2,2025-04-15
4716,P114,Clothing,174,2,2025-04-11
4717,P109,Grocery,998,1,2024-08-05
4718,P110,Grocery,1357,4,2025-12-17
4719,P104,Grocery,619,4,2024-12-17
4720,P107,Grocery,1261,2,2025-12-22
4721,P105,Grocery,1134,3,2025-01-19
4722,P111,Home,628,5,2024-07-17
4723,P112,Clothing,1827,5,2025-04-30
4724,P101,Electronics,1828,4,2024-11-12
4725,P101,Electronics,914,1,2026-02-25
4726,P114,Clothing,1943,3,2024-10-24
4727,P111,Home,270,4,2025-04-02
4728,P100,Clothing,221,2,2025-04-21
4729,P113,Electronics,1171,4,2026-02-12
4730,P111,Home,299,2,2026-02-12
4731,P109,Grocery,677,1,2025-12-23
4732,P110,Grocery,633,4,2026-02-14
4733,P101,Electronics,203,4,2025-11-24
4734,P113,Electronics,1749,5,2025-03-23
4735,P105,Grocery,511,3,2025-11-29
4736,P109,Grocery,1478,1,2024-11-21
4737,P101,Electronics,1308,4,2026-02-13
4738,P102,Home,1423,1,2024-09-28
4739,P111,Home,899,4,2026-04-05
4740,P100,Clothing,1413,5,2024-07-25
4741,P108,Sports,1510,3,2026-01-26
4742,P106,Electronics,1041,1,2025-04-14
4743,P104,Grocery,989,3,2024-05-20
4744,P104,Grocery,933,3,2025-11-22
4745,P104,Grocery,914,4,2024-09-05
4746,P113,Electronics,1703,3,2026-01-14
4747,P107,Grocery,213,2,2025-01-23
4748,P104,Grocery,1980,5,2025-12-30
4749,P107,Grocery,1525,1,2025-08-12
4750,P106,Electronics,1892,1,2024-05-03
4751,P105,Grocery,356,3,2024-07-12
4752,P109,Grocery,1948,4,2024-04-24
4753,P114,Clothing,260,3,2025-12-16
4754,P109,Grocery,1146,2,2025-03-22
4755,P111,Home,1609,3,2024-10-24
4756,P101,Electronics,790,3,2024-05-05
4757,P101,Electronics,831,4,2025-08-02
4758,P112,Clothing,1172,4,2024-05-29
4759,P109,Grocery,1620,4,2025-10-10
4760,P103,Home,577,4,2025-10-19
4761,P114,Clothing,1680,2,2025-02-11
4762,P101,Electronics,1583,4,2025-09-14
4763,P105,Grocery,1352,5,2024-11-29
4764,P106,Electronics,120,3,2025-08-07
4765,P110,Grocery,1266,2,2025-11-13
4766,P100,Clothing,1203,2,2025-11-16
4767,P101,Electronics,572,5,2025-05-05
4768,P111,Home,1920,2,2025-10-21
4769,P104,Grocery,355,2,2024-04-29
4770,P114,Clothing,1827,3,2024-11-09
4771,P107,Grocery,1125,3,2025-05-07
4772,P112,Clothing,1267,5,2025-04-17
4773,P108,Sports,568,1,2025-08-28
4774,P101,Electronics,981,5,2025-03-07
4775,P110,Grocery,114,4,2024-08-05
4776,P102,Home,1631,2,2024-07-21
4777,P105,Grocery,1306,5,2025-01-19
4778,P104,Grocery,1182,2,2025-04-13
4779,P111,Home,1597,1,2025-12-09
4780,P105,Grocery,790,5,2026-03-20
4781,P108,Sports,1863,4,2024-12-13
4782,P101,Electronics,960,2,2025-08-18
4783,P101,Electronics,1487,3,2025-10-15
4784,P114,Clothing,482,3,2024-10-05
4785,P102,Home,673,5,2024-11-26
4786,P104,Grocery,339,3,2026-04-17
4787,P113,Electronics,849,3,2025-04-21
4788,P110,Grocery,1610,1,2025-09-21
4789,P112,Clothing,1456,3,2025-09-29
4790,P102,Home,772,5,2025-07-01
4791,P104,Grocery,1934,5,2024-10-23
4792,P105,Grocery,1398,1,2024-08-21
4793,P103,Home,1953,2,2025-04-12
4794,P109,Grocery,957,3,2025-03-10
4795,P101,Electronics,1005,5,2025-06-27
4796,P111,Home,1389,5,2025-02-18
4797,P101,Electronics,1436,4,2024-10-19
4798,P106,Electronics,766,3,2024-07-01
4799,P107,Grocery,715,5,2025-04-27
4800,P100,Clothing,1271,3,2025-08-06
4801,P103,Home,965,4,2024-12-06
4802,P108,Sports,933,2,2025-08-18
4803,P109,Grocery,1549,5,2025-11-27
4804,P111,Home,863,3,2024-08-05
4805,P112,Clothing,1240,2,2024-11-22
4806,P106,Electronics,894,2,2024-06-26
4807,P112,Clothing,544,3,2025-10-18
4808,P111,Home,1060,4,2025-07-22
4809,P106,Electronics,1142,2,2025-06-22
4810,P103,Home,1247,1,2024-12-11
4811,P101,Electronics,133,3,2025-12-07
4812,P109,Grocery,132,5,2025-06-02
4813,P103,Home,1455,3,2025-09-23
4814,P101,Electronics,946,3,2025-09-02
4815,P101,Electronics,595,3,2026-04-11
4816,P111,Home,1819,4,2024-07-02
4817,P107,Grocery,1629,5,2024-08-12
4818,P112,Clothing,1106,1,2025-01-30
4819,P113,Electronics,975,3,2024-10-23
4820,P100,Clothing,1834,2,2026-04-08
4821,P112,Clothing,1169,1,2026-02-04
4822,P100,Clothing,1918,1,2025-11-21
4823,P113,Electronics,1620,3,2025-01-30
4824,P105,Grocery,1401,1,2025-03-26
4825,P103,Home,780,5,2024-05-29
4826,P110,Grocery,1780,5,2025-06-11
4827,P106,Electronics,1767,4,2025-10-12
4828,P108,Sports,1936,3,2024-06-16
4829,P107,Grocery,909,3,2024-06-21
4830,P106,Electronics,673,1,2025-02-15
4831,P107,Grocery,959,1,2024-12-17
4832,P114,Clothing,1716,5,2024-12-20
4833,P108,Sports,1972,2,2025-10-26
4834,P107,Grocery,476,5,2026-03-27
4835,P109,Grocery,646,1,2025-01-06
4836,P105,Grocery,705,4,2024-11-10
4837,P112,Clothing,1791,3,2025-03-22
4838,P105,Grocery,1376,5,2025-03-20
4839,P114,Clothing,337,2,2025-09-26
4840,P108,Sports,858,3,2025-03-07
4841,P112,Clothing,210,1,2026-03-20
4842,P109,Grocery,1904,2,2025-10-22
4843,P107,Grocery,1241,5,2025-03-13
4844,P108,Sports,190,3,2024-09-19
4845,P100,Clothing,336,1,2026-03-27
4846,P100,Clothing,442,1,2024-04-20
4847,P113,Electronics,248,3,2024-06-12
4848,P108,Sports,669,3,2024-12-11
4849,P109,Grocery,495,5,2026-01-24
4850,P103,Home,526,5,2025-09-18
4851,P104,Grocery,201,3,2025-09-29
4852,P113,Electronics,393,5,2024-11-11
4853,P102,Home,440,1,2025-08-30
4854,P108,Sports,595,3,2025-01-24
4855,P113,Electronics,863,5,2024-05-08
4856,P100,Clothing,1556,1,2025-01-19
4857,P108,Sports,1507,3,2025-09-05
4858,P107,Grocery,1632,1,2026-03-30
4859,P101,Electronics,1196,3,2026-03-19
4860,P108,Sports,865,1,2024-11-21
4861,P107,Grocery,974,3,2025-03-19
4862,P110,Grocery,1364,3,2024-10-04
4863,P104,Grocery,598,2,2026-03-25
4864,P102,Home,1332,5,2024-12-20
4865,P110,Grocery,887,2,2025-10-11
4866,P102,Home,1295,1,2025-05-02
4867,P110,Grocery,251,5,2025-06-19
4868,P102,Home,1786,5,2024-05-31
4869,P107,Grocery,996,4,2024-09-25
4870,P103,Home,343,3,2024-12-26
4871,P104,Grocery,1379,3,2025-02-08
4872,P113,Electronics,333,3,2025-06-15
4873,P113,Electronics,1862,1,2024-07-24
4874,P108,Sports,287,5,2025-08-10
4875,P112,Clothing,1547,4,2025-02-19
4876,P114,Clothing,1945,1,2026-02-08
4877,P106,Electronics,843,3,2025-06-25
4878,P112,Clothing,1265,1,2024-08-29
4879,P106,Electronics,753,5,2024-12-27
4880,P109,Grocery,911,3,2024-08-10
4881,P103,Home,1173,4,2024-12-21
4882,P108,Sports,1116,5,2024-10-30
4883,P112,Clothing,1213,5,2024-11-26
4884,P103,Home,1186,4,2026-01-25
4885,P110,Grocery,123,5,2024-11-01
4886,P111,Home,399,4,2025-01-26
4887,P100,Clothing,555,3,2025-12-14
4888,P104,Grocery,912,2,2024-05-04
4889,P104,Grocery,731,1,2024-09-29
4890,P105,Grocery,1383,5,2025-08-02
4891,P101,Electronics,1839,4,2025-10-10
4892,P114,Clothing,779,3,2024-11-22
4893,P104,Grocery,237,1,2024-06-06
4894,P106,Electronics,171,5,2024-06-21
4895,P108,Sports,136,5,2025-10-20
4896,P110,Grocery,846,5,2024-06-05
4897,P114,Clothing,1079,2,2025-07-15
4898,P101,Electronics,1618,2,2024-06-04
4899,P100,Clothing,1555,4,2025-10-23
4900,P111,Home,248,4,2026-01-12
4901,P112,Clothing,1675,1,2024-11-29
4902,P112,Clothing,1928,1,2025-07-12
4903,P104,Grocery,1418,3,2025-07-07
4904,P110,Grocery,144,3,2024-04-25
4905,P109,Grocery,283,5,2025-06-21
4906,P113,Electronics,1692,4,2024-10-04
4907,P109,Grocery,787,1,2025-08-04
4908,P111,Home,745,1,2025-09-15
4909,P102,Home,692,1,2025-11-22
4910,P111,Home,183,3,2025-12-24
4911,P101,Electronics,1892,5,2024-08-27
4912,P114,Clothing,1146,5,2026-02-21
4913,P104,Grocery,245,5,2024-07-10
4914,P111,Home,535,2,2026-03-07
4915,P108,Sports,1887,5,2025-04-17
4916,P109,Grocery,262,2,2025-03-14
4917,P109,Grocery,1929,2,2024-04-20
4918,P109,Grocery,1947,2,2024-05-27
4919,P112,Clothing,701,5,2025-04-04
4920,P102,Home,1395,2,2025-09-30
4921,P112,Clothing,1777,5,2026-04-02
4922,P105,Grocery,1856,4,2024-09-20
4923,P107,Grocery,677,4,2025-07-06
4924,P110,Grocery,1656,5,2024-09-20
4925,P112,Clothing,934,2,2025-10-16
4926,P111,Home,1920,1,2024-09-05
4927,P103,Home,1443,1,2025-05-06
4928,P101,Electronics,861,4,2025-01-05
4929,P102,Home,1114,2,2024-07-09
4930,P109,Grocery,1691,3,2025-01-30
4931,P101,Electronics,1348,4,2024-08-30
4932,P100,Clothing,473,5,2025-09-05
4933,P112,Clothing,1758,5,2024-11-18
4934,P107,Grocery,985,1,2025-11-29
4935,P113,Electronics,1763,1,2024-10-03
4936,P103,Home,748,4,2024-12-05
4937,P107,Grocery,106,4,2026-03-14
4938,P112,Clothing,472,4,2025-09-13
4939,P104,Grocery,443,4,2025-04-27
4940,P114,Clothing,626,2,2026-02-01
4941,P104,Grocery,1122,5,2024-08-30
4942,P101,Electronics,892,3,2025-09-08
4943,P100,Clothing,1801,1,2024-05-13
4944,P106,Electronics,932,3,2024-05-26
4945,P110,Grocery,1264,3,2025-10-13
4946,P112,Clothing,376,1,2025-06-03
4947,P103,Home,1761,3,2025-11-14
4948,P110,Grocery,372,2,2025-06-15
4949,P106,Electronics,532,4,2025-05-05
4950,P110,Grocery,1486,2,2025-08-24
4951,P107,Grocery,1323,1,2025-10-01
4952,P103,Home,464,2,2024-10-12
4953,P107,Grocery,1348,3,2025-07-28
4954,P111,Home,1804,3,2024-11-16
4955,P102,Home,651,1,2026-02-16
4956,P106,Electronics,1793,4,2025-12-23
4957,P106,Electronics,1234,1,2025-01-05
4958,P108,Sports,1805,4,2025-05-07
4959,P110,Grocery,1947,4,2026-04-05
4960,P104,Grocery,1570,5,2024-12-15
4961,P114,Clothing,446,2,2024-11-24
4962,P101,Electronics,999,1,2025-01-05
4963,P103,Home,497,1,2025-06-19
4964,P101,Electronics,1104,2,2024-12-30
4965,P110,Grocery,712,1,2024-08-23
4966,P113,Electronics,360,1,2025-09-11
4967,P104,Grocery,1712,4,2025-10-16
4968,P105,Grocery,371,3,2025-03-20
4969,P106,Electronics,1329,2,2024-10-17
4970,P105,Grocery,1325,2,2025-04-13
4971,P114,Clothing,207,4,2025-03-28
4972,P104,Grocery,1619,1,2025-10-04
4973,P111,Home,797,5,2024-10-30
4974,P113,Electronics,1422,3,2025-01-20
4975,P108,Sports,1598,3,2025-02-24
4976,P106,Electronics,1361,1,2025-10-16
4977,P112,Clothing,469,4,2025-09-02
4978,P113,Electronics,340,5,2024-12-06
4979,P104,Grocery,853,1,2024-07-11
4980,P111,Home,1604,3,2025-04-22
4981,P110,Grocery,1282,2,2025-12-05
4982,P113,Electronics,502,4,2026-04-18
4983,P104,Grocery,736,1,2025-11-19
4984,P106,Electronics,670,2,2025-04-30
4985,P109,Grocery,376,5,2025-06-16
4986,P100,Clothing,1890,1,2025-01-04
4987,P105,Grocery,1699,2,2024-04-24
4988,P110,Grocery,780,1,2025-08-10
4989,P114,Clothing,867,1,2025-12-23
4990,P104,Grocery,1118,5,2025-09-12
4991,P113,Electronics,534,5,2025-09-05
4992,P110,Grocery,1497,2,2024-07-17
4993,P110,Grocery,521,3,2025-04-20
4994,P104,Grocery,1029,2,2025-09-17
4995,P109,Grocery,1534,5,2024-09-30
4996,P101,Electronics,1217,1,2024-10-31
4997,P108,Sports,767,3,2024-12-25
4998,P104,Grocery,1992,4,2026-01-29
4999,P113,Electronics,1464,1,2024-09-30
5000,P112,Clothing,878,4,2024-05-02
5001,P114,Clothing,1741,1,2025-02-24
5002,P102,Home,1758,4,2025-06-11
5003,P103,Home,1856,2,2025-06-17
5004,P109,Grocery,1882,1,2025-09-25
5005,P112,Clothing,568,4,2025-01-30
5006,P103,Home,654,5,2025-04-29
5007,P107,Grocery,389,5,2024-10-09
5008,P103,Home,1886,4,2024-05-20
5009,P109,Grocery,1730,3,2025-12-19
5010,P103,Home,1806,2,2024-09-20
5011,P108,Sports,979,1,2024-06-26
5012,P111,Home,663,1,2024-08-10
5013,P112,Clothing,262,1,2025-02-18
5014,P107,Grocery,733,3,2025-03-29
5015,P102,Home,1228,2,2024-06-29
5016,P106,Electronics,116,4,2024-09-02
5017,P106,Electronics,575,5,2025-12-02
5018,P112,Clothing,791,1,2025-01-18
5019,P114,Clothing,750,2,2024-07-28
5020,P107,Grocery,635,2,2025-11-11
5021,P102,Home,1325,3,2024-04-21
5022,P114,Clothing,678,5,2026-01-10
5023,P114,Clothing,1367,5,2024-05-18
5024,P105,Grocery,1149,4,2024-07-13
5025,P105,Grocery,531,2,2024-12-26
5026,P108,Sports,774,3,2024-09-25
5027,P114,Clothing,1708,3,2025-11-16
5028,P101,Electronics,794,4,2025-05-22
5029,P109,Grocery,1264,2,2025-11-26
5030,P101,Electronics,226,1,2024-11-10
5031,P108,Sports,1241,1,2024-05-12
5032,P110,Grocery,1270,5,2025-10-30
5033,P108,Sports,706,4,2024-10-05
5034,P105,Grocery,253,2,2025-10-04
5035,P104,Grocery,360,4,2026-04-07
5036,P103,Home,716,4,2025-05-28
5037,P102,Home,1905,5,2025-05-25
5038,P105,Grocery,720,1,2025-08-15
5039,P107,Grocery,236,5,2024-11-12
5040,P111,Home,942,4,2025-03-27
5041,P111,Home,1892,2,2025-05-27
5042,P108,Sports,1623,2,2025-01-27
5043,P101,Electronics,1704,2,2025-04-21
5044,P111,Home,610,3,2025-04-08
5045,P100,Clothing,627,3,2026-04-03
5046,P106,Electronics,1200,4,2025-04-14
5047,P104,Grocery,650,1,2025-01-16
5048,P106,Electronics,993,1,2025-08-24
5049,P105,Grocery,401,3,2025-08-05
5050,P100,Clothing,790,5,2025-01-26
5051,P103,Home,1729,1,2024-05-04
5052,P103,Home,502,4,2025-06-09
5053,P100,Clothing,1155,5,2025-01-08
5054,P114,Clothing,1122,3,2025-02-07
5055,P100,Clothing,1033,1,2026-01-02
5056,P101,Electronics,471,3,2024-06-23
5057,P112,Clothing,1636,4,2024-06-23
5058,P113,Electronics,1794,3,2024-11-27
5059,P106,Electronics,956,3,2024-07-18
5060,P104,Grocery,1397,4,2025-09-27
5061,P103,Home,745,4,2024-12-04
5062,P101,Electronics,989,4,2024-10-03
5063,P107,Grocery,139,3,2025-09-19
5064,P103,Home,130,2,2025-12-26
5065,P109,Grocery,126,1,2025-12-02
5066,P109,Grocery,1091,3,2026-01-06
5067,P108,Sports,1567,2,2025-05-22
5068,P109,Grocery,1016,3,2025-09-09
5069,P109,Grocery,1535,4,2024-07-20
5070,P108,Sports,642,5,2026-01-07
5071,P109,Grocery,711,5,2024-07-07
5072,P111,Home,1501,5,2024-06-04
5073,P113,Electronics,895,4,2025-04-25
5074,P107,Grocery,1201,3,2024-12-12
5075,P100,Clothing,832,4,2025-08-10
5076,P106,Electronics,330,3,2026-03-14
5077,P110,Grocery,1214,2,2024-10-09
5078,P111,Home,369,2,2024-08-29
5079,P109,Grocery,919,1,2024-07-31
5080,P100,Clothing,1080,2,2026-01-06
5081,P111,Home,1950,2,2024-07-20
5082,P112,Clothing,1740,4,2026-01-30
5083,P110,Grocery,1211,5,2026-03-17
5084,P112,Clothing,878,4,2025-07-15
5085,P103,Home,1062,5,2025-09-14
5086,P114,Clothing,1487,4,2026-02-16
5087,P107,Grocery,866,1,2024-06-30
5088,P108,Sports,1959,2,2024-04-21
5089,P113,Electronics,608,5,2024-12-21
5090,P108,Sports,779,3,2025-03-01
5091,P111,Home,351,4,2025-06-19
5092,P112,Clothing,1990,3,2024-10-07
5093,P102,Home,148,5,2025-08-12
5094,P102,Home,957,1,2025-09-23
5095,P100,Clothing,905,3,2024-12-23
5096,P106,Electronics,1889,3,2025-05-22
5097,P107,Grocery,1639,4,2024-12-04
5098,P103,Home,1967,1,2026-03-20
5099,P107,Grocery,1156,3,2025-11-18
5100,P100,Clothing,775,5,2024-08-15
5101,P110,Grocery,1890,3,2024-11-02
5102,P110,Grocery,1332,3,2025-01-08
5103,P101,Electronics,115,1,2025-01-16
5104,P105,Grocery,949,2,2025-02-18
5105,P100,Clothing,1217,5,2025-04-14
5106,P109,Grocery,829,5,2025-03-17
5107,P100,Clothing,1945,1,2026-02-06
5108,P105,Grocery,339,3,2024-10-06
5109,P102,Home,1323,5,2025-10-22
5110,P100,Clothing,1878,2,2025-10-10
5111,P113,Electronics,771,2,2024-09-08
5112,P107,Grocery,1712,1,2025-01-10
5113,P113,Electronics,1578,4,2025-07-04
5114,P105,Grocery,328,1,2026-02-06
5115,P112,Clothing,843,5,2024-10-09
5116,P103,Home,1930,3,2024-07-10
5117,P106,Electronics,1472,1,2025-07-20
5118,P102,Home,1596,1,2025-11-28
5119,P108,Sports,1903,2,2025-09-28
5120,P114,Clothing,911,2,2024-08-13
5121,P104,Grocery,1317,4,2026-01-21
5122,P103,Home,1180,2,2024-10-03
5123,P113,Electronics,1610,1,2024-06-08
5124,P101,Electronics,103,1,2025-07-16
5125,P101,Electronics,704,2,2025-03-19
5126,P101,Electronics,1822,5,2025-09-02
5127,P112,Clothing,1581,4,2024-10-03
5128,P107,Grocery,269,2,2025-02-27
5129,P106,Electronics,827,2,2024-07-11
5130,P102,Home,1423,1,2025-04-20
5131,P114,Clothing,176,1,2025-12-13
5132,P102,Home,1857,3,2026-04-02
5133,P106,Electronics,873,4,2025-09-13
5134,P109,Grocery,1271,2,2024-08-10
5135,P100,Clothing,975,4,2025-08-09
5136,P110,Grocery,1687,2,2024-06-26
5137,P111,Home,655,5,2025-05-23
5138,P109,Grocery,1568,3,2024-04-20
5139,P113,Electronics,1925,2,2024-10-10
5140,P113,Electronics,238,4,2025-08-29
5141,P105,Grocery,1117,1,2024-08-07
5142,P101,Electronics,852,1,2025-02-23
5143,P107,Grocery,707,1,2024-11-26
5144,P113,Electronics,943,2,2025-10-28
5145,P102,Home,219,2,2024-11-12
5146,P111,Home,1585,2,2025-01-01
5147,P100,Clothing,313,3,2026-01-14
5148,P112,Clothing,1641,5,2025-10-15
5149,P106,Electronics,1737,1,2025-05-24
5150,P108,Sports,1130,3,2025-05-29
5151,P103,Home,326,3,2025-07-09
5152,P102,Home,869,5,2024-09-02
5153,P103,Home,1675,3,2024-04-27
5154,P101,Electronics,634,1,2025-02-21
5155,P102,Home,1930,5,2024-05-23
5156,P112,Clothing,1577,2,2025-03-17
5157,P101,Electronics,1439,3,2026-01-14
5158,P111,Home,619,3,2024-12-19
5159,P106,Electronics,682,4,2025-01-17
5160,P110,Grocery,1018,1,2024-09-25
5161,P100,Clothing,506,4,2026-02-20
5162,P104,Grocery,894,1,2024-10-08
5163,P110,Grocery,782,5,2025-12-24
5164,P109,Grocery,575,2,2025-08-18
5165,P107,Grocery,209,5,2025-04-12
5166,P112,Clothing,1489,2,2025-03-06
5167,P113,Electronics,1606,4,2024-11-16
5168,P109,Grocery,1299,5,2026-03-18
5169,P114,Clothing,1523,1,2025-11-12
5170,P110,Grocery,358,5,2026-03-13
5171,P110,Grocery,745,3,2025-05-16
5172,P106,Electronics,1722,2,2025-03-14
5173,P114,Clothing,451,4,2025-05-01
5174,P108,Sports,1703,4,2024-05-30
5175,P101,Electronics,1832,4,2025-08-25
5176,P102,Home,847,3,2024-09-20
5177,P111,Home,652,2,2025-11-03
5178,P111,Home,1753,2,2025-03-09
5179,P100,Clothing,872,3,2025-05-25
5180,P103,Home,1667,4,2024-06-07
5181,P102,Home,661,1,2026-02-28
5182,P113,Electronics,1092,3,2025-06-02
5183,P114,Clothing,856,5,2024-08-10
5184,P110,Grocery,1990,4,2025-05-24
5185,P105,Grocery,1101,5,2024-08-07
5186,P109,Grocery,1921,4,2024-07-04
5187,P106,Electronics,558,5,2024-08-26
5188,P101,Electronics,496,3,2025-08-24
5189,P105,Grocery,1993,4,2024-10-07
5190,P114,Clothing,1883,5,2024-11-01
5191,P106,Electronics,882,5,2026-03-07
5192,P112,Clothing,733,4,2024-08-24
5193,P105,Grocery,1386,1,2025-01-04
5194,P110,Grocery,786,1,2026-01-31
5195,P107,Grocery,1678,5,2025-04-05
5196,P102,Home,1082,2,2025-03-27
5197,P112,Clothing,258,5,2025-03-18
5198,P113,Electronics,1731,3,2026-03-25
5199,P107,Grocery,1120,4,2024-09-11
5200,P102,Home,1873,1,2025-08-25
5201,P105,Grocery,975,2,2024-12-13
5202,P102,Home,1916,2,2024-10-04
5203,P108,Sports,471,3,2025-02-08
5204,P102,Home,225,4,2024-08-29
5205,P114,Clothing,261,1,2025-11-09
5206,P113,Electronics,147,3,2024-12-09
5207,P111,Home,773,4,2025-10-13
5208,P109,Grocery,1915,1,2025-01-23
5209,P106,Electronics,731,1,2025-01-01
5210,P102,Home,1347,1,2025-02-11
5211,P101,Electronics,977,3,2025-03-16
5212,P107,Grocery,1041,5,2025-02-09
5213,P106,Electronics,1006,5,2024-05-18
5214,P106,Electronics,1098,2,2025-12-11
5215,P107,Grocery,1452,3,2025-06-28
5216,P111,Home,1196,4,2024-05-21
5217,P100,Clothing,989,5,2024-06-08
5218,P112,Clothing,1353,5,2025-11-14
5219,P109,Grocery,865,4,2024-11-22
5220,P107,Grocery,791,1,2025-04-18
5221,P106,Electronics,436,2,2024-06-16
5222,P104,Grocery,1364,5,2025-01-04
5223,P110,Grocery,407,2,2026-03-18
5224,P114,Clothing,1217,3,2025-02-27
5225,P109,Grocery,1004,5,2025-04-09
5226,P114,Clothing,1962,3,2024-11-10
5227,P108,Sports,442,4,2024-06-14
5228,P103,Home,1499,5,2025-11-25
5229,P108,Sports,735,4,2024-10-17
5230,P109,Grocery,357,5,2024-11-30
5231,P114,Clothing,1332,4,2024-12-23
5232,P103,Home,1700,2,2025-09-22
5233,P110,Grocery,1243,4,2026-01-25
5234,P110,Grocery,752,4,2025-05-12
5235,P112,Clothing,156,2,2025-01-24
5236,P103,Home,1162,4,2024-09-18
5237,P109,Grocery,247,4,2025-01-14
5238,P107,Grocery,374,5,2024-10-14
5239,P104,Grocery,519,1,2026-03-19
5240,P113,Electronics,271,3,2025-05-02
5241,P109,Grocery,632,1,2026-01-13
5242,P100,Clothing,1096,4,2025-12-21
5243,P107,Grocery,1122,1,2024-04-25
5244,P108,Sports,631,4,2025-09-07
5245,P100,Clothing,1370,2,2025-06-01
5246,P105,Grocery,1219,5,2025-08-22
5247,P103,Home,1850,2,2024-09-03
5248,P106,Electronics,930,4,2025-09-05
5249,P112,Clothing,629,2,2024-12-13
5250,P110,Grocery,429,1,2025-04-24
5251,P112,Clothing,1678,2,2024-07-06
5252,P111,Home,140,1,2025-08-25
5253,P114,Clothing,1979,5,2025-10-09
5254,P101,Electronics,874,2,2025-01-28
5255,P101,Electronics,1291,5,2025-02-21
5256,P112,Clothing,1708,1,2025-12-02
5257,P109,Grocery,1058,4,2025-12-20
5258,P111,Home,1313,1,2024-10-25
5259,P113,Electronics,1514,5,2026-01-25
5260,P106,Electronics,1161,4,2024-09-21
5261,P112,Clothing,1433,5,2024-11-15
5262,P100,Clothing,112,2,2025-07-26
5263,P103,Home,1129,4,2025-04-22
5264,P113,Electronics,249,3,2024-11-22
5265,P110,Grocery,1935,1,2025-08-18
5266,P102,Home,161,1,2026-01-14
5267,P110,Grocery,327,1,2024-08-17
5268,P102,Home,1133,2,2026-04-17
5269,P113,Electronics,259,1,2026-02-26
5270,P114,Clothing,858,1,2025-02-26
5271,P103,Home,1732,2,2026-02-16
5272,P108,Sports,552,4,2025-06-08
5273,P105,Grocery,238,3,2025-09-10
5274,P103,Home,917,5,2026-02-25
5275,P103,Home,718,5,2025-12-02
5276,P110,Grocery,843,3,2026-01-02
5277,P114,Clothing,1611,2,2025-07-08
5278,P109,Grocery,158,1,2026-02-23
5279,P110,Grocery,1146,3,2024-11-17
5280,P100,Clothing,1983,3,2024-10-07
5281,P105,Grocery,212,5,2025-06-18
5282,P110,Grocery,1200,1,2025-08-17
5283,P111,Home,396,3,2026-01-24
5284,P112,Clothing,574,2,2025-04-14
5285,P102,Home,798,4,2025-03-05
5286,P104,Grocery,384,4,2025-05-24
5287,P103,Home,142,2,2024-07-09
5288,P105,Grocery,554,3,2025-12-23
5289,P113,Electronics,1561,2,2024-06-27
5290,P113,Electronics,1138,5,2024-09-20
5291,P114,Clothing,1580,5,2025-08-30
5292,P101,Electronics,262,1,2024-05-31
5293,P113,Electronics,1003,3,2026-04-10
5294,P111,Home,854,1,2024-09-25
5295,P105,Grocery,177,5,2026-03-03
5296,P109,Grocery,213,5,2025-01-08
5297,P103,Home,406,5,2025-09-23
5298,P106,Electronics,1625,3,2026-01-10
5299,P105,Grocery,304,2,2025-05-29
5300,P100,Clothing,568,1,2025-07-25
5301,P114,Clothing,1657,5,2024-10-20
5302,P112,Clothing,684,4,2024-08-03
5303,P114,Clothing,718,2,2025-02-10
5304,P105,Grocery,856,5,2026-03-24
5305,P111,Home,628,1,2025-06-07
5306,P106,Electronics,464,4,2024-07-14
5307,P113,Electronics,1790,5,2025-08-30
5308,P109,Grocery,699,5,2024-09-28
5309,P108,Sports,1726,2,2025-05-26
5310,P102,Home,1310,3,2024-09-18
5311,P111,Home,827,5,2024-12-05
5312,P110,Grocery,1305,2,2025-08-25
5313,P111,Home,1171,5,2025-01-23
5314,P114,Clothing,585,2,2024-09-25
5315,P110,Grocery,1027,2,2026-04-16
5316,P113,Electronics,1869,1,2026-02-10
5317,P100,Clothing,1874,3,2024-05-22
5318,P110,Grocery,263,2,2026-03-30
5319,P110,Grocery,1758,2,2024-06-24
5320,P111,Home,1654,4,2026-02-07
5321,P100,Clothing,113,1,2025-11-18
5322,P104,Grocery,1162,1,2025-05-17
5323,P109,Grocery,474,3,2025-10-05
5324,P105,Grocery,1608,1,2024-07-10
5325,P103,Home,1321,5,2025-12-01
5326,P105,Grocery,102,5,2026-04-14
5327,P104,Grocery,1427,4,2025-06-17
5328,P110,Grocery,459,2,2025-01-18
5329,P102,Home,665,1,2024-08-17
5330,P109,Grocery,1482,3,2025-04-13
5331,P111,Home,1433,2,2024-04-20
5332,P102,Home,1888,5,2025-02-02
5333,P103,Home,633,4,2024-08-09
5334,P109,Grocery,868,1,2024-11-05
5335,P101,Electronics,1769,3,2024-10-21
5336,P109,Grocery,336,2,2025-06-13
5337,P114,Clothing,392,3,2025-01-14
5338,P103,Home,1559,5,2024-07-17
5339,P106,Electronics,1475,1,2025-09-13
5340,P102,Home,1074,3,2026-03-25
5341,P111,Home,1906,1,2025-04-24
5342,P102,Home,1159,4,2025-04-27
5343,P104,Grocery,767,4,2025-11-06
5344,P103,Home,1611,2,2024-06-04
5345,P110,Grocery,1352,1,2025-03-22
5346,P107,Grocery,1199,4,2025-02-24
5347,P114,Clothing,198,1,2025-02-16
5348,P114,Clothing,1295,2,2024-05-17
5349,P101,Electronics,544,4,2026-02-08
5350,P109,Grocery,362,3,2025-08-19
5351,P107,Grocery,1415,5,2025-11-30
5352,P109,Grocery,519,4,2026-03-05
5353,P102,Home,1049,5,2026-02-03
5354,P109,Grocery,1131,2,2024-07-04
5355,P108,Sports,1994,5,2025-12-20
5356,P113,Electronics,1467,4,2024-08-05
5357,P114,Clothing,533,1,2024-05-14
5358,P111,Home,1625,2,2024-06-23
5359,P109,Grocery,992,3,2024-08-31
5360,P100,Clothing,1023,3,2026-02-19
5361,P108,Sports,382,4,2025-05-28
5362,P111,Home,1774,3,2025-07-06
5363,P114,Clothing,1527,1,2026-03-19
5364,P104,Grocery,346,4,2024-09-17
5365,P105,Grocery,347,3,2025-11-29
5366,P112,Clothing,185,5,2026-03-29
5367,P110,Grocery,1089,1,2024-12-28
5368,P109,Grocery,1145,4,2024-08-15
5369,P108,Sports,785,4,2024-07-11
5370,P104,Grocery,1638,3,2024-12-17
5371,P105,Grocery,1012,3,2025-10-31
5372,P103,Home,1010,4,2024-07-25
5373,P111,Home,1900,1,2025-03-04
5374,P101,Electronics,732,4,2025-02-01
5375,P112,Clothing,1531,1,2024-09-25
5376,P105,Grocery,727,1,2026-02-09
5377,P101,Electronics,885,3,2025-01-10
5378,P104,Grocery,990,4,2024-06-22
5379,P107,Grocery,712,4,2024-07-15
5380,P108,Sports,932,1,2024-06-14
5381,P106,Electronics,1224,5,2024-11-03
5382,P114,Clothing,1278,4,2025-08-06
5383,P106,Electronics,1578,1,2024-09-18
5384,P101,Electronics,298,3,2025-09-16
5385,P101,Electronics,483,2,2026-03-18
5386,P103,Home,1063,3,2025-12-31
5387,P103,Home,272,2,2024-06-25
5388,P104,Grocery,1889,5,2025-08-31
5389,P111,Home,665,1,2024-09-21
5390,P106,Electronics,1100,3,2024-10-08
5391,P114,Clothing,1530,3,2025-04-12
5392,P107,Grocery,1306,2,2024-12-26
5393,P102,Home,253,4,2024-08-04
5394,P103,Home,818,3,2025-08-08
5395,P104,Grocery,731,3,2025-07-02
5396,P112,Clothing,830,1,2025-01-12
5397,P101,Electronics,1211,1,2026-01-05
5398,P106,Electronics,1155,4,2025-02-28
5399,P114,Clothing,1138,1,2025-07-13
5400,P108,Sports,624,3,2025-07-03
5401,P112,Clothing,180,2,2024-09-18
5402,P108,Sports,1236,2,2025-11-22
5403,P100,Clothing,1227,1,2025-03-24
5404,P103,Home,476,2,2026-03-14
5405,P114,Clothing,1592,1,2024-09-05
5406,P103,Home,888,4,2025-11-04
5407,P100,Clothing,1516,1,2025-10-11
5408,P107,Grocery,1209,1,2024-07-06
5409,P106,Electronics,1437,1,2024-06-19
5410,P106,Electronics,118,5,2025-11-29
5411,P100,Clothing,1815,2,2026-03-02
5412,P110,Grocery,1431,5,2025-01-19
5413,P108,Sports,990,5,2024-08-18
5414,P102,Home,1050,5,2026-04-06
5415,P114,Clothing,1994,2,2024-06-15
5416,P113,Electronics,1132,1,2025-11-14
5417,P101,Electronics,270,1,2024-06-19
5418,P110,Grocery,586,2,2025-03-25
5419,P114,Clothing,304,4,2024-07-09
5420,P109,Grocery,1481,4,2025-05-16
5421,P106,Electronics,179,2,2025-08-28
5422,P107,Grocery,764,4,2025-10-20
5423,P110,Grocery,957,1,2025-04-10
5424,P100,Clothing,1406,5,2024-08-10
5425,P112,Clothing,1371,5,2024-07-17
5426,P102,Home,1467,2,2026-02-14
5427,P101,Electronics,1377,5,2024-05-26
5428,P112,Clothing,1917,5,2026-03-30
5429,P108,Sports,1710,3,2026-01-24
5430,P103,Home,922,1,2025-08-26
5431,P113,Electronics,467,5,2026-02-14
5432,P108,Sports,857,4,2026-04-08
5433,P105,Grocery,1329,4,2025-01-13
5434,P100,Clothing,1495,5,2024-12-30
5435,P106,Electronics,701,5,2025-02-08
5436,P113,Electronics,663,5,2026-01-20
5437,P110,Grocery,1500,1,2024-09-25
5438,P112,Clothing,1007,5,2024-06-27
5439,P101,Electronics,682,1,2025-11-14
5440,P112,Clothing,1646,4,2026-02-02
5441,P113,Electronics,300,4,2024-05-05
5442,P107,Grocery,1680,2,2024-11-22
5443,P105,Grocery,1511,3,2025-05-01
5444,P106,Electronics,1049,2,2025-10-01
5445,P111,Home,203,4,2024-05-25
5446,P110,Grocery,1305,2,2026-03-16
5447,P110,Grocery,468,3,2025-03-21
5448,P107,Grocery,1257,4,2026-02-23
5449,P114,Clothing,1512,1,2024-10-25
5450,P114,Clothing,1125,1,2025-02-19
5451,P113,Electronics,906,2,2026-04-16
5452,P106,Electronics,1512,3,2025-08-26
5453,P114,Clothing,1323,5,2026-03-04
5454,P114,Clothing,1924,2,2024-09-16
5455,P105,Grocery,489,3,2024-09-10
5456,P110,Grocery,1730,5,2025-04-10
5457,P105,Grocery,690,5,2024-05-04
5458,P113,Electronics,112,1,2025-09-09
5459,P113,Electronics,541,4,2025-03-18
5460,P113,Electronics,1029,2,2026-01-12
5461,P101,Electronics,939,1,2024-08-11
5462,P100,Clothing,1332,4,2024-08-31
5463,P109,Grocery,933,1,2025-04-28
5464,P107,Grocery,442,3,2024-05-29
5465,P104,Grocery,316,3,2025-12-09
5466,P101,Electronics,463,1,2025-08-22
5467,P111,Home,196,4,2024-12-02
5468,P112,Clothing,268,2,2025-03-06
5469,P106,Electronics,1921,4,2024-12-11
5470,P111,Home,946,4,2025-04-01
5471,P103,Home,892,3,2026-01-04
5472,P111,Home,320,1,2025-11-15
5473,P102,Home,297,2,2024-12-06
5474,P105,Grocery,719,1,2026-02-11
5475,P111,Home,983,1,2025-06-03
5476,P110,Grocery,286,4,2025-04-04
5477,P108,Sports,1645,4,2024-06-23
5478,P114,Clothing,259,3,2026-03-09
5479,P100,Clothing,662,1,2025-02-18
5480,P109,Grocery,884,5,2025-05-19
5481,P101,Electronics,1053,2,2025-02-25
5482,P100,Clothing,618,5,2025-12-16
5483,P105,Grocery,1096,4,2025-08-30
5484,P110,Grocery,1671,4,2025-08-08
5485,P101,Electronics,302,1,2024-07-19
5486,P110,Grocery,1848,5,2025-02-24
5487,P105,Grocery,289,5,2025-11-25
5488,P103,Home,252,1,2026-03-07
5489,P107,Grocery,111,4,2025-01-11
5490,P100,Clothing,436,3,2025-06-15
5491,P106,Electronics,1840,3,2026-01-04
5492,P103,Home,1062,3,2026-02-02
5493,P109,Grocery,1933,4,2024-11-22
5494,P102,Home,960,5,2024-11-10
5495,P103,Home,986,4,2025-05-19
5496,P107,Grocery,1517,2,2025-09-30
5497,P103,Home,362,2,2025-07-05
5498,P104,Grocery,1550,4,2024-12-08
5499,P113,Electronics,954,4,2024-06-05
5500,P101,Electronics,1385,3,2024-07-22
5501,P106,Electronics,1899,5,2024-11-12
5502,P103,Home,1992,2,2026-01-07
5503,P111,Home,1695,4,2025-01-18
5504,P114,Clothing,1981,3,2025-03-17
5505,P107,Grocery,1230,1,2025-01-09
5506,P109,Grocery,372,3,2025-07-28
5507,P109,Grocery,1423,4,2025-06-24
5508,P101,Electronics,501,4,2026-03-18
5509,P104,Grocery,1796,2,2025-09-22
5510,P102,Home,180,4,2025-08-31
5511,P114,Clothing,1650,2,2024-05-04
5512,P108,Sports,371,1,2024-10-19
5513,P106,Electronics,1790,1,2024-08-03
5514,P107,Grocery,361,4,2025-01-16
5515,P108,Sports,1735,1,2025-02-02
5516,P107,Grocery,904,5,2024-09-29
5517,P103,Home,825,4,2024-12-26
5518,P103,Home,824,4,2025-06-27
5519,P100,Clothing,1926,1,2024-09-22
5520,P100,Clothing,1262,3,2025-02-12
5521,P114,Clothing,1666,3,2025-01-02
5522,P110,Grocery,865,2,2025-12-19
5523,P105,Grocery,415,5,2025-08-19
5524,P111,Home,300,5,2025-11-08
5525,P108,Sports,1496,4,2025-02-03
5526,P105,Grocery,448,1,2025-08-22
5527,P114,Clothing,1667,5,2024-07-29
5528,P102,Home,198,3,2024-05-08
5529,P103,Home,1323,5,2026-04-09
5530,P107,Grocery,1701,5,2026-03-24
5531,P101,Electronics,1363,2,2025-10-26
5532,P106,Electronics,1795,3,2026-02-16
5533,P112,Clothing,506,5,2025-09-07
5534,P113,Electronics,933,2,2026-04-02
5535,P109,Grocery,590,4,2025-07-26
5536,P110,Grocery,1049,2,2026-01-04
5537,P105,Grocery,703,5,2025-10-16
5538,P100,Clothing,576,5,2025-01-23
5539,P105,Grocery,363,3,2024-06-12
5540,P103,Home,1618,3,2024-09-08
5541,P104,Grocery,156,4,2025-06-19
5542,P108,Sports,110,3,2025-07-03
5543,P105,Grocery,1584,4,2024-07-03
5544,P110,Grocery,429,1,2025-07-10
5545,P112,Clothing,1093,5,2024-06-01
5546,P110,Grocery,288,3,2024-08-02
5547,P106,Electronics,1397,5,2024-05-22
5548,P110,Grocery,733,2,2025-05-14
5549,P107,Grocery,1713,4,2024-06-12
5550,P114,Clothing,1168,4,2025-01-29
5551,P110,Grocery,646,5,2024-08-06
5552,P110,Grocery,1930,3,2026-03-09
5553,P108,Sports,1090,3,2024-11-20
5554,P105,Grocery,875,3,2025-06-11
5555,P103,Home,1390,5,2024-09-12
5556,P108,Sports,1154,5,2025-08-05
5557,P102,Home,1818,3,2024-07-15
5558,P113,Electronics,1780,1,2025-11-27
5559,P107,Grocery,847,2,2024-12-23
5560,P112,Clothing,893,5,2024-07-15
5561,P104,Grocery,561,2,2024-11-14
5562,P107,Grocery,1380,2,2025-09-12
5563,P106,Electronics,275,5,2025-12-14
5564,P107,Grocery,147,3,2024-12-03
5565,P101,Electronics,225,1,2024-06-14
5566,P112,Clothing,1735,1,2025-11-14
5567,P109,Grocery,1626,1,2025-12-01
5568,P108,Sports,1042,2,2024-11-27
5569,P113,Electronics,1160,1,2024-11-03
5570,P103,Home,1423,3,2025-01-25
5571,P103,Home,1990,5,2025-08-04
5572,P105,Grocery,258,2,2025-06-11
5573,P107,Grocery,253,2,2024-06-25
5574,P102,Home,1327,3,2024-11-21
5575,P103,Home,283,2,2024-08-11
5576,P104,Grocery,1132,3,2026-03-29
5577,P109,Grocery,916,4,2024-07-10
5578,P102,Home,792,3,2024-10-29
5579,P112,Clothing,736,1,2025-12-03
5580,P102,Home,415,4,2024-04-18
5581,P102,Home,1901,5,2024-12-01
5582,P103,Home,1566,1,2024-11-15
5583,P113,Electronics,1025,2,2025-11-17
5584,P101,Electronics,1524,3,2025-01-12
5585,P113,Electronics,1262,3,2024-04-28
5586,P107,Grocery,247,5,2024-06-13
5587,P113,Electronics,694,2,2024-05-12
5588,P104,Grocery,691,2,2025-09-16
5589,P102,Home,914,4,2025-03-15
5590,P108,Sports,1001,2,2026-02-03
5591,P114,Clothing,662,3,2025-01-13
5592,P106,Electronics,885,2,2025-03-31
5593,P111,Home,1778,1,2025-10-30
5594,P112,Clothing,1955,3,2026-01-18
5595,P104,Grocery,1919,4,2024-05-02
5596,P101,Electronics,1447,5,2025-07-25
5597,P105,Grocery,1714,4,2026-03-07
5598,P108,Sports,171,4,2025-03-11
5599,P111,Home,1414,2,2024-08-17
5600,P107,Grocery,1694,4,2025-07-17
5601,P104,Grocery,1924,1,2025-07-09
5602,P102,Home,886,3,2026-01-11
5603,P114,Clothing,428,2,2024-11-30
5604,P108,Sports,1358,5,2024-10-14
5605,P101,Electronics,851,4,2024-12-23
5606,P107,Grocery,1153,5,2025-09-10
5607,P110,Grocery,493,4,2025-02-12
5608,P107,Grocery,1690,4,2025-06-17
5609,P104,Grocery,1623,3,2025-12-24
5610,P101,Electronics,1363,1,2025-03-03
5611,P106,Electronics,1414,5,2026-04-17
5612,P112,Clothing,1733,4,2025-09-15
5613,P106,Electronics,422,4,2025-05-25
5614,P106,Electronics,1171,1,2024-08-03
5615,P113,Electronics,868,2,2024-05-28
5616,P106,Electronics,953,1,2025-06-22
5617,P100,Clothing,874,2,2026-04-04
5618,P102,Home,950,3,2025-11-02
5619,P114,Clothing,831,5,2025-12-14
5620,P101,Electronics,1355,5,2025-06-21
5621,P100,Clothing,786,4,2024-04-26
5622,P110,Grocery,1525,3,2025-10-02
5623,P100,Clothing,1809,5,2026-02-27
5624,P106,Electronics,395,4,2024-09-13
5625,P107,Grocery,1945,5,2024-05-02
5626,P102,Home,1828,1,2025-06-19
5627,P111,Home,1123,4,2025-08-06
5628,P109,Grocery,1415,2,2025-09-07
5629,P109,Grocery,656,4,2024-12-02
5630,P108,Sports,1441,4,2026-01-10
5631,P107,Grocery,206,5,2024-06-20
5632,P107,Grocery,1746,2,2025-04-29
5633,P114,Clothing,722,5,2024-12-30
5634,P110,Grocery,810,3,2024-11-30
5635,P106,Electronics,313,2,2024-04-18
5636,P103,Home,813,4,2025-06-01
5637,P102,Home,1350,5,2024-07-31
5638,P104,Grocery,1886,2,2025-02-03
5639,P101,Electronics,1603,4,2025-09-14
5640,P106,Electronics,167,3,2026-03-04
5641,P102,Home,386,2,2025-10-30
5642,P108,Sports,368,4,2026-03-19
5643,P114,Clothing,347,3,2025-07-20
5644,P110,Grocery,1941,3,2024-05-06
5645,P110,Grocery,736,3,2025-03-01
5646,P109,Grocery,538,5,2025-12-27
5647,P106,Electronics,640,1,2024-08-20
5648,P104,Grocery,1126,1,2024-08-07
5649,P112,Clothing,1550,3,2024-08-08
5650,P108,Sports,897,3,2025-04-27
5651,P112,Clothing,912,4,2025-08-17
5652,P107,Grocery,1789,4,2025-07-26
5653,P104,Grocery,247,3,2025-09-28
5654,P105,Grocery,1844,4,2025-11-04
5655,P111,Home,1049,2,2024-08-02
5656,P108,Sports,628,1,2025-06-11
5657,P101,Electronics,2000,2,2025-03-30
5658,P109,Grocery,1315,2,2025-11-12
5659,P114,Clothing,888,2,2025-11-09
5660,P104,Grocery,552,4,2025-03-23
5661,P109,Grocery,1362,2,2025-09-27
5662,P110,Grocery,305,1,2026-03-18
5663,P110,Grocery,672,3,2024-05-23
5664,P101,Electronics,401,5,2025-12-17
5665,P100,Clothing,1706,3,2025-03-31
5666,P103,Home,457,3,2025-03-09
5667,P109,Grocery,819,1,2026-04-11
5668,P106,Electronics,580,2,2025-01-01
5669,P101,Electronics,572,4,2025-03-03
5670,P107,Grocery,380,5,2025-05-06
5671,P114,Clothing,627,5,2024-09-02
5672,P111,Home,603,4,2025-06-06
5673,P106,Electronics,669,4,2025-09-24
5674,P111,Home,1585,5,2024-08-19
5675,P103,Home,748,4,2024-05-15
5676,P104,Grocery,449,5,2025-09-14
5677,P100,Clothing,1011,5,2024-05-29
5678,P109,Grocery,288,2,2026-03-01
5679,P105,Grocery,772,3,2025-03-24
5680,P109,Grocery,1609,3,2025-10-17
5681,P111,Home,549,3,2024-12-25
5682,P109,Grocery,148,5,2025-07-20
5683,P103,Home,181,2,2026-02-05
5684,P111,Home,1889,5,2026-01-05
5685,P114,Clothing,154,2,2026-02-28
5686,P104,Grocery,1968,5,2024-05-23
5687,P113,Electronics,1782,5,2024-09-24
5688,P106,Electronics,703,2,2026-01-19
5689,P106,Electronics,171,3,2025-11-04
5690,P101,Electronics,1475,2,2024-05-06
5691,P107,Grocery,662,1,2026-03-11
5692,P111,Home,1785,3,2025-03-06
5693,P102,Home,1015,2,2024-07-31
5694,P101,Electronics,1931,4,2025-03-06
5695,P103,Home,495,4,2025-12-24
5696,P114,Clothing,307,2,2025-01-07
5697,P108,Sports,986,2,2025-12-03
5698,P101,Electronics,967,1,2024-12-14
5699,P101,Electronics,1800,5,2025-10-12
5700,P103,Home,1055,5,2025-02-03
5701,P113,Electronics,1151,4,2025-09-28
5702,P105,Grocery,172,4,2026-04-04
5703,P113,Electronics,241,3,2025-06-10
5704,P100,Clothing,1460,2,2024-09-19
5705,P114,Clothing,409,3,2024-10-15
5706,P101,Electronics,1214,3,2024-05-20
5707,P112,Clothing,325,2,2026-01-19
5708,P103,Home,124,1,2025-10-26
5709,P108,Sports,412,5,2024-12-22
5710,P103,Home,515,1,2026-03-31
5711,P111,Home,1765,4,2024-06-21
5712,P113,Electronics,1556,1,2025-01-16
5713,P104,Grocery,299,1,2024-07-07
5714,P114,Clothing,394,3,2025-03-07
5715,P108,Sports,451,3,2025-12-10
5716,P107,Grocery,579,3,2025-05-16
5717,P100,Clothing,1852,4,2024-08-03
5718,P105,Grocery,1199,1,2024-07-02
5719,P105,Grocery,924,4,2025-08-18
5720,P100,Clothing,644,4,2025-12-08
5721,P113,Electronics,183,4,2025-05-02
5722,P113,Electronics,1005,3,2024-12-26
5723,P110,Grocery,203,3,2025-08-24
5724,P102,Home,843,5,2025-02-20
5725,P112,Clothing,522,1,2024-07-28
5726,P108,Sports,1841,5,2024-09-24
5727,P113,Electronics,160,5,2025-08-04
5728,P108,Sports,283,3,2025-12-30
5729,P106,Electronics,192,5,2024-05-17
5730,P112,Clothing,1544,2,2025-12-12
5731,P114,Clothing,189,3,2024-12-30
5732,P112,Clothing,1167,5,2025-11-20
5733,P113,Electronics,345,5,2026-03-13
5734,P111,Home,1972,2,2024-10-13
5735,P110,Grocery,858,2,2024-08-21
5736,P100,Clothing,1820,5,2025-05-04
5737,P105,Grocery,1705,1,2024-05-31
5738,P112,Clothing,915,2,2025-01-26
5739,P109,Grocery,738,3,2024-08-05
5740,P104,Grocery,1340,3,2025-07-31
5741,P111,Home,1793,5,2026-03-02
5742,P110,Grocery,1264,4,2024-11-05
5743,P112,Clothing,248,1,2025-12-05
5744,P101,Electronics,399,3,2024-04-22
5745,P111,Home,649,3,2025-03-29
5746,P113,Electronics,1157,4,2025-01-21
5747,P109,Grocery,276,2,2025-07-04
5748,P101,Electronics,143,4,2024-09-12
5749,P103,Home,833,5,2025-07-13
5750,P101,Electronics,1150,3,2025-08-11
5751,P104,Grocery,497,3,2025-11-10
5752,P104,Grocery,1712,3,2025-04-06
5753,P108,Sports,942,1,2024-10-04
5754,P107,Grocery,1570,1,2025-06-24
5755,P111,Home,1087,1,2026-01-24
5756,P110,Grocery,1185,2,2024-08-20
5757,P107,Grocery,1376,2,2024-06-03
5758,P101,Electronics,1041,5,2024-07-16
5759,P112,Clothing,192,1,2025-07-02
5760,P109,Grocery,228,4,2024-10-06
5761,P103,Home,263,1,2025-01-10
5762,P114,Clothing,674,2,2025-01-12
5763,P110,Grocery,1436,2,2025-04-01
5764,P105,Grocery,222,5,2024-12-21
5765,P112,Clothing,1250,2,2025-01-30
5766,P103,Home,587,4,2025-08-31
5767,P104,Grocery,1240,3,2024-06-26
5768,P109,Grocery,581,3,2024-12-09
5769,P104,Grocery,1856,3,2025-12-02
5770,P111,Home,180,1,2026-03-05
5771,P111,Home,433,1,2024-05-06
5772,P110,Grocery,1979,3,2024-10-10
5773,P108,Sports,428,1,2026-04-17
5774,P112,Clothing,1065,2,2025-09-28
5775,P107,Grocery,1047,1,2025-03-15
5776,P108,Sports,1991,5,2025-03-03
5777,P114,Clothing,652,5,2025-06-16
5778,P104,Grocery,269,4,2026-01-08
5779,P114,Clothing,1595,5,2025-05-07
5780,P110,Grocery,1791,2,2024-10-09
5781,P103,Home,1945,1,2024-11-20
5782,P107,Grocery,282,3,2026-01-19
5783,P103,Home,1979,4,2025-02-06
5784,P101,Electronics,1563,2,2025-08-23
5785,P110,Grocery,807,5,2024-12-21
5786,P105,Grocery,314,4,2025-07-20
5787,P111,Home,1258,2,2024-08-29
5788,P109,Grocery,1570,1,2024-07-16
5789,P101,Electronics,1051,4,2024-07-08
5790,P107,Grocery,524,4,2025-07-15
5791,P110,Grocery,1055,3,2025-05-09
5792,P111,Home,829,2,2025-03-11
5793,P114,Clothing,549,5,2025-05-21
5794,P112,Clothing,777,1,2025-11-22
5795,P108,Sports,789,2,2025-05-28
5796,P101,Electronics,1000,2,2025-04-07
5797,P100,Clothing,1409,4,2024-06-28
5798,P100,Clothing,1290,4,2025-10-28
5799,P113,Electronics,1356,1,2025-09-01
5800,P100,Clothing,1589,3,2025-05-24
5801,P103,Home,1856,1,2025-12-17
5802,P106,Electronics,777,2,2025-08-02
5803,P108,Sports,688,3,2024-07-29
5804,P112,Clothing,1045,3,2025-12-29
5805,P113,Electronics,1856,2,2025-08-25
5806,P111,Home,636,2,2025-12-03
5807,P110,Grocery,1117,3,2025-02-09
5808,P101,Electronics,1828,3,2024-05-12
5809,P111,Home,1412,4,2026-03-30
5810,P112,Clothing,606,5,2024-05-12
5811,P113,Electronics,1861,4,2025-07-14
5812,P100,Clothing,676,3,2025-12-03
5813,P102,Home,729,5,2025-01-01
5814,P100,Clothing,389,5,2024-05-01
5815,P108,Sports,1700,1,2024-10-21
5816,P103,Home,409,2,2026-02-15
5817,P103,Home,1440,5,2026-03-09
5818,P111,Home,1473,4,2025-12-07
5819,P102,Home,1038,3,2024-07-05
5820,P109,Grocery,720,2,2025-02-28
5821,P106,Electronics,1885,1,2025-03-09
5822,P111,Home,1621,3,2024-10-02
5823,P109,Grocery,991,5,2025-05-15
5824,P102,Home,362,4,2024-10-04
5825,P103,Home,176,4,2025-12-02
5826,P110,Grocery,1449,4,2025-05-03
5827,P110,Grocery,1924,5,2025-06-30
5828,P109,Grocery,1393,3,2025-05-27
5829,P101,Electronics,1218,1,2025-12-24
5830,P111,Home,1841,4,2025-04-04
5831,P104,Grocery,1696,4,2024-06-02
5832,P109,Grocery,1378,1,2024-07-18
5833,P114,Clothing,1073,5,2025-07-07
5834,P114,Clothing,1961,3,2026-01-13
5835,P104,Grocery,1258,1,2024-05-09
5836,P102,Home,461,2,2024-08-21
5837,P100,Clothing,1301,1,2024-08-11
5838,P114,Clothing,1396,4,2026-01-08
5839,P105,Grocery,953,3,2025-07-30
5840,P110,Grocery,1052,2,2026-03-14
5841,P113,Electronics,465,2,2025-01-09
5842,P109,Grocery,903,4,2026-02-15
5843,P105,Grocery,1282,5,2025-10-25
5844,P100,Clothing,1809,5,2024-07-11
5845,P110,Grocery,124,1,2025-06-30
5846,P107,Grocery,278,1,2024-11-11
5847,P108,Sports,1143,1,2025-12-07
5848,P103,Home,1364,2,2025-07-27
5849,P111,Home,1165,5,2024-07-12
5850,P106,Electronics,303,4,2025-02-28
5851,P110,Grocery,1704,1,2024-12-28
5852,P111,Home,1137,5,2024-07-27
5853,P111,Home,119,4,2026-04-13
5854,P109,Grocery,298,2,2026-02-12
5855,P114,Clothing,1825,4,2024-07-11
5856,P102,Home,1275,5,2024-10-01
5857,P112,Clothing,973,5,2024-07-05
5858,P103,Home,876,2,2025-10-03
5859,P104,Grocery,1861,5,2024-12-11
5860,P112,Clothing,1025,4,2025-07-26
5861,P106,Electronics,849,5,2025-10-27
5862,P111,Home,1423,1,2024-11-02
5863,P113,Electronics,1964,1,2024-09-02
5864,P112,Clothing,259,2,2024-07-29
5865,P101,Electronics,1989,1,2025-03-05
5866,P113,Electronics,1963,2,2025-02-10
5867,P110,Grocery,421,3,2026-03-22
5868,P104,Grocery,128,1,2024-05-24
5869,P100,Clothing,1292,4,2024-11-04
5870,P100,Clothing,293,4,2025-01-17
5871,P106,Electronics,448,2,2025-09-02
5872,P110,Grocery,1537,5,2025-10-29
5873,P104,Grocery,1904,2,2025-08-10
5874,P104,Grocery,540,1,2026-01-19
5875,P104,Grocery,213,5,2024-12-26
5876,P104,Grocery,1367,2,2024-05-03
5877,P101,Electronics,1249,3,2025-11-20
5878,P111,Home,1770,5,2024-07-19
5879,P107,Grocery,362,4,2025-05-17
5880,P108,Sports,1878,4,2025-10-08
5881,P114,Clothing,810,4,2025-07-31
5882,P112,Clothing,1004,2,2025-12-20
5883,P107,Grocery,1951,2,2025-01-04
5884,P108,Sports,781,1,2024-05-18
5885,P110,Grocery,1255,4,2025-12-15
5886,P100,Clothing,1866,1,2025-05-31
5887,P103,Home,1542,3,2024-09-17
5888,P102,Home,236,2,2024-11-05
5889,P109,Grocery,307,5,2025-01-26
5890,P108,Sports,1399,4,2024-08-29
5891,P106,Electronics,312,1,2024-05-17
5892,P114,Clothing,853,1,2024-05-23
5893,P111,Home,408,5,2025-01-07
5894,P114,Clothing,1188,1,2025-03-02
5895,P104,Grocery,959,3,2024-09-04
5896,P101,Electronics,1011,3,2025-04-30
5897,P100,Clothing,1392,5,2024-06-15
5898,P106,Electronics,1118,2,2026-02-10
5899,P112,Clothing,763,1,2025-06-21
5900,P102,Home,1595,4,2025-08-08
5901,P104,Grocery,1020,1,2024-05-19
5902,P103,Home,1025,3,2025-05-18
5903,P104,Grocery,613,1,2025-08-31
5904,P110,Grocery,157,1,2024-08-24
5905,P106,Electronics,100,3,2024-11-18
5906,P105,Grocery,124,1,2025-10-12
5907,P106,Electronics,1389,3,2024-04-28
5908,P102,Home,1319,1,2024-12-31
5909,P108,Sports,1124,4,2024-10-20
5910,P104,Grocery,387,1,2026-02-22
5911,P108,Sports,1206,4,2026-04-16
5912,P103,Home,485,3,2024-08-18
5913,P114,Clothing,752,4,2025-10-10
5914,P110,Grocery,604,1,2024-10-19
5915,P105,Grocery,160,3,2025-03-07
5916,P114,Clothing,932,1,2025-01-25
5917,P104,Grocery,330,1,2025-01-07
5918,P106,Electronics,901,3,2024-07-12
5919,P110,Grocery,1942,2,2024-07-12
5920,P113,Electronics,926,4,2024-08-01
5921,P104,Grocery,138,2,2024-06-14
5922,P110,Grocery,162,5,2025-02-16
5923,P107,Grocery,666,5,2024-09-12
5924,P100,Clothing,976,3,2025-12-02
5925,P110,Grocery,992,2,2026-01-31
5926,P104,Grocery,198,2,2025-05-24
5927,P107,Grocery,1718,5,2025-03-17
5928,P113,Electronics,296,1,2024-09-28
5929,P100,Clothing,476,4,2024-08-23
5930,P110,Grocery,1872,1,2025-11-17
5931,P104,Grocery,396,1,2026-03-20
5932,P106,Electronics,822,4,2026-01-02
5933,P103,Home,355,1,2025-07-09
5934,P109,Grocery,1467,3,2025-03-23
5935,P111,Home,811,1,2024-08-16
5936,P111,Home,1598,4,2024-06-17
5937,P100,Clothing,292,3,2025-11-01
5938,P110,Grocery,829,2,2025-05-24
5939,P110,Grocery,1640,2,2026-02-25
5940,P113,Electronics,810,2,2025-05-14
5941,P106,Electronics,200,3,2024-08-21
5942,P113,Electronics,1391,2,2024-05-11
5943,P102,Home,1434,4,2025-03-19
5944,P106,Electronics,1164,5,2024-10-25
5945,P113,Electronics,568,4,2025-02-09
5946,P103,Home,553,5,2025-11-09
5947,P104,Grocery,1636,5,2024-05-28
5948,P109,Grocery,774,4,2025-04-05
5949,P104,Grocery,1358,5,2025-09-18
5950,P107,Grocery,1834,5,2025-07-10
5951,P107,Grocery,1609,1,2024-12-01
5952,P103,Home,1677,1,2024-07-31
5953,P101,Electronics,876,1,2025-09-19
5954,P112,Clothing,1370,1,2025-10-30
5955,P111,Home,1001,1,2024-09-08
5956,P106,Electronics,728,5,2024-07-30
5957,P101,Electronics,1186,5,2024-06-14
5958,P114,Clothing,1551,2,2026-01-14
5959,P102,Home,1345,1,2024-11-01
5960,P105,Grocery,886,1,2025-03-29
5961,P113,Electronics,890,5,2024-07-15
5962,P112,Clothing,1443,4,2025-07-29
5963,P113,Electronics,1522,5,2024-11-05
5964,P102,Home,210,1,2025-11-30
5965,P104,Grocery,355,1,2024-05-01
5966,P101,Electronics,1612,2,2024-11-30
5967,P101,Electronics,1548,4,2025-09-22
5968,P107,Grocery,1590,3,2025-05-09
5969,P106,Electronics,1150,1,2025-11-11
5970,P111,Home,574,4,2024-11-02
5971,P113,Electronics,1305,4,2025-12-28
5972,P108,Sports,145,1,2025-09-19
5973,P104,Grocery,1829,4,2024-05-23
5974,P112,Clothing,127,2,2025-11-30
5975,P107,Grocery,1577,2,2025-11-03
5976,P112,Clothing,564,5,2026-01-15
5977,P105,Grocery,506,1,2024-06-03
5978,P102,Home,1447,3,2024-10-26
5979,P110,Grocery,525,2,2025-07-23
5980,P107,Grocery,1433,1,2024-04-30
5981,P101,Electronics,1302,4,2024-09-01
5982,P112,Clothing,433,4,2025-05-02
5983,P108,Sports,1651,4,2025-11-23
5984,P106,Electronics,1909,5,2025-09-01
5985,P114,Clothing,1109,2,2025-10-20
5986,P100,Clothing,560,4,2025-04-22
5987,P107,Grocery,1308,2,2024-11-30
5988,P112,Clothing,293,4,2024-08-31
5989,P114,Clothing,738,5,2025-07-24
5990,P100,Clothing,599,2,2025-07-06
5991,P101,Electronics,925,1,2024-08-23
5992,P100,Clothing,1177,3,2024-11-25
5993,P107,Grocery,272,2,2024-07-25
5994,P101,Electronics,380,5,2024-04-27
5995,P105,Grocery,378,1,2025-02-28
5996,P104,Grocery,1000,2,2026-04-01
5997,P102,Home,1411,4,2026-04-01
5998,P103,Home,127,1,2024-07-03
5999,P101,Electronics,436,5,2025-08-08
6000,P114,Clothing,1193,2,2024-06-29
6001,P114,Clothing,218,2,2025-02-25
6002,P112,Clothing,292,1,2024-07-06
6003,P101,Electronics,778,4,2024-05-29
6004,P113,Electronics,212,3,2026-03-11
6005,P102,Home,1075,2,2024-11-19
6006,P104,Grocery,938,5,2026-03-12
6007,P113,Electronics,927,4,2025-12-07
6008,P114,Clothing,583,4,2025-11-26
6009,P104,Grocery,556,5,2026-02-23
6010,P102,Home,1060,5,2025-08-09
6011,P103,Home,1375,4,2025-02-02
6012,P105,Grocery,1441,5,2025-01-06
6013,P109,Grocery,1725,1,2024-07-24
6014,P101,Electronics,1122,3,2026-03-18
6015,P103,Home,1599,2,2024-10-15
6016,P101,Electronics,1653,4,2025-04-07
6017,P112,Clothing,318,4,2025-04-06
6018,P107,Grocery,1568,1,2024-09-29
6019,P103,Home,765,3,2025-08-20
6020,P100,Clothing,742,5,2024-07-27
6021,P109,Grocery,1865,4,2025-05-01
6022,P101,Electronics,823,4,2024-12-25
6023,P108,Sports,248,3,2024-07-29
6024,P111,Home,223,3,2026-03-31
6025,P103,Home,457,1,2025-04-05
6026,P108,Sports,710,5,2025-03-30
6027,P108,Sports,173,5,2025-04-30
6028,P110,Grocery,1483,3,2024-08-01
6029,P114,Clothing,1694,2,2024-11-26
6030,P111,Home,1264,3,2024-12-17
6031,P102,Home,1455,2,2025-08-03
6032,P109,Grocery,947,4,2026-03-17
6033,P105,Grocery,1403,5,2025-03-29
6034,P103,Home,1139,3,2025-04-29
6035,P104,Grocery,993,1,2024-09-19
6036,P103,Home,890,4,2025-06-19
6037,P101,Electronics,169,1,2024-12-23
6038,P112,Clothing,1416,5,2024-08-16
6039,P101,Electronics,1178,5,2025-06-07
6040,P112,Clothing,379,1,2025-02-08
6041,P106,Electronics,1118,3,2025-10-26
6042,P101,Electronics,1261,4,2025-06-27
6043,P107,Grocery,206,1,2025-11-12
6044,P111,Home,975,5,2025-06-15
6045,P113,Electronics,1046,5,2024-12-23
6046,P100,Clothing,1410,3,2026-01-02
6047,P107,Grocery,1000,2,2025-07-26
6048,P105,Grocery,1843,4,2025-07-01
6049,P109,Grocery,1689,1,2024-05-01
6050,P100,Clothing,1382,5,2025-03-05
6051,P100,Clothing,1894,3,2025-12-05
6052,P105,Grocery,1777,1,2025-05-04
6053,P112,Clothing,1615,1,2026-01-30
6054,P105,Grocery,1301,5,2024-11-09
6055,P106,Electronics,171,1,2026-02-05
6056,P105,Grocery,293,3,2025-08-07
6057,P103,Home,1353,5,2025-12-07
6058,P114,Clothing,1285,3,2025-11-02
6059,P107,Grocery,1801,2,2025-09-10
6060,P111,Home,1216,2,2025-04-23
6061,P111,Home,903,4,2026-04-06
6062,P107,Grocery,1409,4,2024-05-11
6063,P100,Clothing,519,4,2025-08-18
6064,P100,Clothing,917,2,2025-05-12
6065,P105,Grocery,1892,2,2024-08-09
6066,P112,Clothing,1219,2,2024-10-30
6067,P102,Home,221,4,2024-09-06
6068,P106,Electronics,815,3,2025-06-25
6069,P107,Grocery,1110,4,2025-02-05
6070,P102,Home,1475,5,2025-07-07
6071,P113,Electronics,864,3,2025-07-05
6072,P104,Grocery,596,4,2025-10-22
6073,P109,Grocery,961,5,2024-12-15
6074,P101,Electronics,968,5,2024-09-18
6075,P108,Sports,632,4,2024-04-23
6076,P106,Electronics,471,5,2025-01-04
6077,P103,Home,915,2,2025-12-27
6078,P111,Home,1297,1,2024-05-30
6079,P111,Home,1100,1,2024-04-28
6080,P104,Grocery,1684,2,2025-10-20
6081,P110,Grocery,619,4,2025-06-17
6082,P108,Sports,1028,2,2024-12-17
6083,P102,Home,139,5,2024-07-30
6084,P109,Grocery,133,4,2025-07-02
6085,P105,Grocery,527,2,2026-01-13
6086,P114,Clothing,972,1,2025-02-07
6087,P103,Home,1054,5,2024-05-10
6088,P103,Home,628,2,2025-12-11
6089,P108,Sports,450,4,2025-05-13
6090,P101,Electronics,1867,1,2025-02-04
6091,P112,Clothing,932,4,2025-03-29
6092,P104,Grocery,1662,5,2024-06-09
6093,P110,Grocery,1531,1,2024-09-29
6094,P111,Home,746,2,2025-11-12
6095,P105,Grocery,1457,4,2025-04-18
6096,P114,Clothing,1107,5,2024-09-09
6097,P100,Clothing,700,2,2024-11-24
6098,P109,Grocery,137,1,2024-08-15
6099,P108,Sports,1405,4,2024-09-08
6100,P108,Sports,1009,4,2025-11-20
6101,P104,Grocery,1587,3,2025-01-19
6102,P103,Home,153,1,2025-09-10
6103,P113,Electronics,1538,4,2024-08-26
6104,P104,Grocery,1149,4,2026-01-05
6105,P112,Clothing,1731,1,2024-10-06
6106,P101,Electronics,115,4,2025-01-15
6107,P113,Electronics,614,4,2024-07-12
6108,P109,Grocery,924,4,2024-07-20
6109,P102,Home,1283,2,2025-07-06
6110,P101,Electronics,1131,4,2025-12-27
6111,P112,Clothing,1064,1,2024-07-19
6112,P108,Sports,574,3,2025-04-12
6113,P100,Clothing,913,3,2026-04-11
6114,P103,Home,389,5,2026-03-17
6115,P109,Grocery,695,1,2025-02-14
6116,P100,Clothing,211,5,2024-08-22
6117,P106,Electronics,1548,4,2025-04-06
6118,P108,Sports,1337,2,2025-03-20
6119,P111,Home,1655,4,2024-07-18
6120,P110,Grocery,423,1,2025-01-30
6121,P114,Clothing,1836,4,2024-10-25
6122,P113,Electronics,536,4,2025-11-07
6123,P110,Grocery,1457,4,2025-05-01
6124,P103,Home,177,5,2024-04-25
6125,P106,Electronics,1534,5,2026-01-16
6126,P102,Home,1090,1,2025-06-28
6127,P108,Sports,1087,1,2024-12-23
6128,P111,Home,1673,5,2026-01-10
6129,P107,Grocery,217,5,2025-10-26
6130,P103,Home,217,5,2024-11-28
6131,P105,Grocery,1208,4,2024-07-26
6132,P101,Electronics,1122,1,2026-02-05
6133,P102,Home,1365,3,2025-12-19
6134,P105,Grocery,1969,1,2026-02-04
6135,P112,Clothing,908,1,2024-08-31
6136,P113,Electronics,1155,2,2025-08-19
6137,P100,Clothing,344,1,2025-05-09
6138,P105,Grocery,1975,2,2025-09-16
6139,P102,Home,1570,1,2025-03-10
6140,P109,Grocery,567,5,2026-01-07
6141,P112,Clothing,1636,1,2025-08-04
6142,P106,Electronics,455,2,2025-09-10
6143,P100,Clothing,381,1,2025-07-23
6144,P113,Electronics,1961,2,2025-12-08
6145,P106,Electronics,688,3,2026-04-06
6146,P113,Electronics,1874,5,2025-02-06
6147,P103,Home,826,3,2025-11-26
6148,P114,Clothing,1308,1,2025-08-10
6149,P100,Clothing,556,2,2024-05-25
6150,P113,Electronics,1203,4,2025-05-21
6151,P103,Home,551,3,2024-12-27
6152,P107,Grocery,586,1,2025-10-09
6153,P106,Electronics,791,1,2024-11-17
6154,P110,Grocery,951,1,2024-11-19
6155,P101,Electronics,941,4,2024-11-15
6156,P111,Home,1931,1,2025-09-07
6157,P100,Clothing,1168,3,2025-01-19
6158,P112,Clothing,1417,4,2026-03-29
6159,P113,Electronics,1969,2,2024-11-03
6160,P101,Electronics,1372,3,2025-10-22
6161,P112,Clothing,388,2,2024-05-13
6162,P109,Grocery,1252,3,2024-08-03
6163,P109,Grocery,1671,3,2026-02-06
6164,P109,Grocery,1122,1,2024-07-02
6165,P103,Home,1260,2,2025-11-30
6166,P103,Home,313,1,2024-07-11
6167,P110,Grocery,1567,4,2026-01-19
6168,P107,Grocery,120,1,2024-06-07
6169,P105,Grocery,1060,1,2024-10-03
6170,P107,Grocery,1357,3,2025-11-02
6171,P109,Grocery,168,5,2024-12-23
6172,P113,Electronics,515,5,2025-09-30
6173,P106,Electronics,1822,4,2025-05-04
6174,P104,Grocery,116,3,2026-03-08
6175,P108,Sports,1703,1,2024-08-30
6176,P112,Clothing,941,2,2026-02-06
6177,P114,Clothing,1896,2,2024-10-09
6178,P112,Clothing,1115,2,2025-08-27
6179,P104,Grocery,1671,1,2024-12-28
6180,P102,Home,1252,1,2025-05-19
6181,P106,Electronics,381,3,2026-03-10
6182,P114,Clothing,1525,5,2025-03-29
6183,P104,Grocery,1210,1,2024-12-22
6184,P109,Grocery,1384,5,2026-02-11
6185,P110,Grocery,1880,1,2024-07-16
6186,P113,Electronics,551,2,2025-10-29
6187,P103,Home,854,3,2025-12-10
6188,P106,Electronics,1372,3,2025-01-09
6189,P100,Clothing,1073,5,2025-05-07
6190,P114,Clothing,1497,2,2026-01-15
6191,P113,Electronics,707,5,2025-06-09
6192,P100,Clothing,1180,4,2024-08-11
6193,P114,Clothing,1622,1,2025-01-17
6194,P100,Clothing,1952,2,2025-11-11
6195,P114,Clothing,1780,2,2025-12-13
6196,P109,Grocery,207,4,2025-01-03
6197,P111,Home,667,1,2024-08-11
6198,P104,Grocery,1432,1,2026-02-10
6199,P108,Sports,1983,1,2024-09-20
6200,P103,Home,1949,4,2024-10-02
6201,P104,Grocery,599,3,2025-04-17
6202,P102,Home,828,4,2026-02-07
6203,P113,Electronics,469,1,2025-07-04
6204,P101,Electronics,1356,5,2026-02-23
6205,P103,Home,1947,1,2025-04-07
6206,P101,Electronics,770,2,2025-11-08
6207,P100,Clothing,1748,1,2024-06-06
6208,P111,Home,1267,5,2024-08-16
6209,P109,Grocery,311,2,2024-08-25
6210,P101,Electronics,374,5,2025-08-15
6211,P106,Electronics,480,1,2024-10-10
6212,P103,Home,1896,1,2025-02-14
6213,P110,Grocery,553,2,2024-11-19
6214,P103,Home,1547,4,2024-12-09
6215,P104,Grocery,899,3,2024-09-29
6216,P104,Grocery,1042,3,2025-06-15
6217,P105,Grocery,291,3,2024-07-28
6218,P113,Electronics,237,3,2024-06-15
6219,P113,Electronics,888,4,2025-05-05
6220,P114,Clothing,1340,5,2025-08-27
6221,P100,Clothing,1809,4,2025-07-22
6222,P108,Sports,853,3,2024-08-10
6223,P100,Clothing,1454,4,2024-09-05
6224,P107,Grocery,1287,4,2025-09-01
6225,P100,Clothing,1505,3,2026-02-01
6226,P100,Clothing,1146,1,2026-04-08
6227,P104,Grocery,195,4,2025-08-23
6228,P101,Electronics,1325,4,2025-05-16
6229,P113,Electronics,1919,4,2025-08-16
6230,P110,Grocery,1129,4,2025-12-18
6231,P113,Electronics,796,2,2025-10-01
6232,P104,Grocery,1017,5,2025-11-03
6233,P104,Grocery,245,3,2026-03-23
6234,P100,Clothing,693,5,2024-06-08
6235,P114,Clothing,1475,5,2025-11-20
6236,P102,Home,944,2,2026-01-09
6237,P103,Home,446,5,2024-07-31
6238,P112,Clothing,1848,5,2025-03-24
6239,P104,Grocery,447,1,2025-11-02
6240,P113,Electronics,1895,3,2025-04-29
6241,P100,Clothing,784,3,2025-04-27
6242,P101,Electronics,1887,2,2025-01-19
6243,P100,Clothing,1390,1,2024-09-10
6244,P110,Grocery,1624,1,2025-02-20
6245,P114,Clothing,475,5,2025-01-14
6246,P114,Clothing,583,3,2024-04-29
6247,P101,Electronics,1197,4,2026-04-14
6248,P108,Sports,1456,2,2025-10-16
6249,P104,Grocery,732,2,2026-04-04
6250,P102,Home,681,5,2024-07-19
6251,P108,Sports,1002,3,2026-03-28
6252,P102,Home,757,3,2025-06-24
6253,P106,Electronics,1756,3,2026-02-22
6254,P109,Grocery,1827,5,2024-10-30
6255,P114,Clothing,144,4,2025-06-19
6256,P108,Sports,1032,1,2024-06-06
6257,P100,Clothing,1371,2,2024-09-28
6258,P101,Electronics,611,5,2024-09-02
6259,P114,Clothing,1631,2,2024-07-21
6260,P105,Grocery,1307,3,2025-03-28
6261,P104,Grocery,232,4,2025-06-22
6262,P105,Grocery,1662,5,2024-05-13
6263,P114,Clothing,512,5,2024-08-30
6264,P111,Home,523,1,2024-10-13
6265,P101,Electronics,1884,1,2024-09-18
6266,P106,Electronics,860,1,2025-11-20
6267,P100,Clothing,482,3,2025-05-07
6268,P114,Clothing,720,4,2024-12-18
6269,P105,Grocery,333,1,2025-08-24
6270,P103,Home,142,4,2025-07-22
6271,P108,Sports,338,4,2025-09-22
6272,P103,Home,1054,4,2025-11-24
6273,P105,Grocery,1564,2,2025-03-30
6274,P113,Electronics,1248,3,2024-07-15
6275,P100,Clothing,1560,3,2024-10-22
6276,P114,Clothing,1267,1,2024-10-04
6277,P103,Home,898,2,2025-06-08
6278,P104,Grocery,1202,5,2025-03-23
6279,P109,Grocery,314,5,2025-12-18
6280,P105,Grocery,854,1,2025-07-03
6281,P106,Electronics,1605,4,2026-02-07
6282,P101,Electronics,1260,1,2025-12-15
6283,P101,Electronics,1172,3,2024-09-23
6284,P107,Grocery,1633,1,2025-08-15
6285,P113,Electronics,595,4,2024-07-10
6286,P108,Sports,997,4,2024-04-26
6287,P100,Clothing,542,5,2025-09-02
6288,P106,Electronics,1431,3,2026-01-12
6289,P113,Electronics,682,4,2024-06-08
6290,P105,Grocery,205,4,2024-08-01
6291,P101,Electronics,140,4,2026-02-18
6292,P102,Home,1257,5,2025-04-01
6293,P106,Electronics,1518,4,2026-02-24
6294,P100,Clothing,315,4,2025-01-10
6295,P111,Home,203,4,2024-11-13
6296,P108,Sports,849,5,2025-10-06
6297,P109,Grocery,1912,4,2026-02-26
6298,P100,Clothing,570,5,2024-11-13
6299,P106,Electronics,117,5,2025-08-06
6300,P107,Grocery,1092,4,2025-06-05
6301,P107,Grocery,398,5,2024-08-26
6302,P101,Electronics,1329,2,2024-04-29
6303,P107,Grocery,467,4,2024-11-11
6304,P108,Sports,923,1,2025-09-15
6305,P109,Grocery,1083,1,2025-01-01
6306,P106,Electronics,1378,4,2025-01-12
6307,P100,Clothing,1029,2,2024-07-27
6308,P110,Grocery,376,3,2025-12-06
6309,P114,Clothing,251,4,2026-01-06
6310,P103,Home,515,2,2025-03-20
6311,P103,Home,1665,1,2025-01-11
6312,P112,Clothing,1975,5,2025-12-08
6313,P104,Grocery,1567,4,2026-02-20
6314,P110,Grocery,223,2,2026-01-21
6315,P104,Grocery,1871,2,2025-06-01
6316,P104,Grocery,1065,4,2025-06-07
6317,P112,Clothing,1576,4,2025-05-08
6318,P102,Home,1502,1,2025-04-15
6319,P103,Home,1182,3,2025-07-25
6320,P108,Sports,867,4,2025-04-20
6321,P103,Home,1533,2,2025-04-06
6322,P105,Grocery,901,3,2025-03-30
6323,P100,Clothing,350,5,2025-01-31
6324,P104,Grocery,1991,3,2024-08-16
6325,P101,Electronics,1557,5,2025-06-18
6326,P101,Electronics,1231,1,2025-04-27
6327,P108,Sports,1252,1,2025-03-25
6328,P109,Grocery,635,3,2025-01-05
6329,P102,Home,539,1,2025-06-24
6330,P109,Grocery,917,4,2026-03-08
6331,P100,Clothing,1217,3,2024-05-28
6332,P110,Grocery,1952,1,2024-09-14
6333,P104,Grocery,1080,2,2025-12-30
6334,P107,Grocery,1100,3,2025-05-06
6335,P105,Grocery,1079,1,2025-08-12
6336,P106,Electronics,1915,2,2025-06-03
6337,P109,Grocery,280,2,2025-10-22
6338,P111,Home,389,5,2024-07-10
6339,P110,Grocery,659,3,2025-10-16
6340,P108,Sports,1559,2,2026-03-02
6341,P109,Grocery,832,3,2026-02-14
6342,P112,Clothing,1327,2,2024-08-18
6343,P110,Grocery,787,1,2025-09-17
6344,P104,Grocery,434,4,2025-10-11
6345,P108,Sports,1580,2,2025-12-04
6346,P102,Home,1610,5,2025-07-07
6347,P111,Home,796,5,2026-03-27
6348,P109,Grocery,827,4,2025-03-30
6349,P112,Clothing,1419,4,2025-08-12
6350,P108,Sports,696,3,2025-03-30
6351,P103,Home,1949,3,2025-04-29
6352,P106,Electronics,741,4,2024-08-09
6353,P114,Clothing,1273,2,2026-03-28
6354,P101,Electronics,101,2,2024-06-17
6355,P114,Clothing,776,5,2026-04-11
6356,P113,Electronics,1657,4,2024-11-25
6357,P111,Home,776,5,2025-10-03
6358,P111,Home,1804,5,2025-04-16
6359,P100,Clothing,751,1,2025-02-16
6360,P113,Electronics,1268,5,2024-10-22
6361,P101,Electronics,500,5,2025-10-11
6362,P109,Grocery,1737,1,2025-01-26
6363,P104,Grocery,252,3,2024-10-28
6364,P110,Grocery,676,5,2025-11-14
6365,P107,Grocery,504,3,2025-08-27
6366,P103,Home,638,3,2025-11-01
6367,P112,Clothing,1775,2,2024-10-17
6368,P109,Grocery,1591,5,2025-09-15
6369,P109,Grocery,873,4,2025-09-26
6370,P111,Home,937,4,2025-08-05
6371,P104,Grocery,1790,4,2025-09-11
6372,P109,Grocery,944,4,2024-11-03
6373,P113,Electronics,1978,1,2025-07-27
6374,P111,Home,1581,4,2024-04-30
6375,P110,Grocery,101,2,2026-03-23
6376,P109,Grocery,850,5,2025-06-06
6377,P104,Grocery,509,4,2024-07-20
6378,P101,Electronics,1683,4,2025-11-25
6379,P103,Home,816,4,2025-03-27
6380,P105,Grocery,1814,1,2025-07-27
6381,P113,Electronics,932,4,2025-10-22
6382,P103,Home,1548,4,2025-03-10
6383,P108,Sports,1197,1,2025-04-23
6384,P105,Grocery,350,3,2024-08-14
6385,P100,Clothing,1906,2,2026-02-13
6386,P108,Sports,1183,4,2025-12-04
6387,P103,Home,1432,3,2025-05-08
6388,P104,Grocery,643,3,2025-01-10
6389,P107,Grocery,1065,1,2025-08-04
6390,P110,Grocery,1447,5,2025-01-25
6391,P112,Clothing,1721,4,2025-11-09
6392,P111,Home,170,3,2026-03-16
6393,P111,Home,1580,4,2025-11-02
6394,P101,Electronics,1887,1,2025-07-05
6395,P102,Home,770,5,2024-09-01
6396,P110,Grocery,1069,4,2025-05-09
6397,P101,Electronics,652,3,2024-10-30
6398,P110,Grocery,658,3,2024-05-15
6399,P114,Clothing,1137,2,2024-10-07
6400,P112,Clothing,1608,3,2025-04-09
6401,P109,Grocery,1197,4,2025-04-07
6402,P105,Grocery,293,1,2025-10-19
6403,P108,Sports,1638,5,2025-04-22
6404,P104,Grocery,1525,5,2025-09-23
6405,P113,Electronics,267,5,2025-03-19
6406,P105,Grocery,393,1,2024-05-27
6407,P104,Grocery,965,1,2025-01-10
6408,P112,Clothing,1690,2,2025-03-08
6409,P106,Electronics,873,2,2025-01-31
6410,P104,Grocery,961,1,2024-07-10
6411,P106,Electronics,1940,2,2025-05-30
6412,P107,Grocery,1420,4,2026-02-20
6413,P109,Grocery,333,2,2025-12-13
6414,P114,Clothing,1151,2,2026-04-06
6415,P100,Clothing,1775,3,2025-07-23
6416,P113,Electronics,1595,1,2025-02-13
6417,P103,Home,557,3,2025-01-12
6418,P110,Grocery,1489,5,2024-10-11
6419,P111,Home,1228,5,2024-07-30
6420,P103,Home,614,2,2025-08-20
6421,P109,Grocery,597,4,2025-10-21
6422,P105,Grocery,1690,5,2024-07-29
6423,P104,Grocery,229,1,2024-08-06
6424,P113,Electronics,1390,2,2024-08-09
6425,P106,Electronics,529,4,2024-12-01
6426,P100,Clothing,1987,1,2025-12-06
6427,P104,Grocery,468,1,2025-08-31
6428,P105,Grocery,1637,5,2024-09-16
6429,P108,Sports,404,4,2025-07-19
6430,P114,Clothing,1471,4,2025-11-26
6431,P109,Grocery,284,5,2025-09-25
6432,P105,Grocery,1293,4,2025-04-20
6433,P113,Electronics,545,3,2025-10-25
6434,P111,Home,479,5,2026-02-20
6435,P100,Clothing,1606,5,2025-06-22
6436,P104,Grocery,1657,3,2024-05-31
6437,P113,Electronics,140,5,2025-03-01
6438,P108,Sports,745,1,2024-09-09
6439,P103,Home,294,2,2025-09-18
6440,P106,Electronics,941,3,2024-07-23
6441,P110,Grocery,607,5,2024-10-19
6442,P105,Grocery,1329,5,2025-09-15
6443,P104,Grocery,1910,4,2025-10-14
6444,P112,Clothing,685,2,2024-12-22
6445,P102,Home,1188,4,2024-11-05
6446,P113,Electronics,926,1,2024-07-25
6447,P114,Clothing,329,3,2025-10-10
6448,P110,Grocery,1938,3,2024-10-29
6449,P106,Electronics,1194,3,2024-09-19
6450,P112,Clothing,444,3,2024-09-30
6451,P105,Grocery,1347,5,2026-04-17
6452,P104,Grocery,858,2,2026-02-15
6453,P106,Electronics,1238,1,2025-09-29
6454,P104,Grocery,510,3,2024-12-03
6455,P107,Grocery,662,3,2024-12-31
6456,P114,Clothing,568,4,2025-04-17
6457,P109,Grocery,561,1,2025-03-07
6458,P107,Grocery,1890,4,2025-06-25
6459,P109,Grocery,1883,4,2025-09-10
6460,P105,Grocery,1999,5,2024-12-08
6461,P104,Grocery,665,1,2025-05-25
6462,P111,Home,211,4,2025-04-13
6463,P108,Sports,1817,4,2025-04-24
6464,P100,Clothing,107,1,2024-12-08
6465,P107,Grocery,1895,4,2025-07-01
6466,P107,Grocery,317,3,2025-07-01
6467,P107,Grocery,893,1,2025-09-04
6468,P109,Grocery,1832,2,2025-06-10
6469,P108,Sports,170,1,2025-05-03
6470,P108,Sports,1610,3,2024-07-11
6471,P105,Grocery,1711,5,2024-06-09
6472,P112,Clothing,1816,2,2025-10-16
6473,P111,Home,750,2,2026-03-19
6474,P113,Electronics,680,4,2026-04-11
6475,P108,Sports,906,1,2024-08-27
6476,P102,Home,1095,3,2025-08-18
6477,P101,Electronics,1824,2,2025-11-01
6478,P110,Grocery,702,3,2025-11-15
6479,P105,Grocery,515,3,2024-12-10
6480,P101,Electronics,1401,3,2025-05-18
6481,P105,Grocery,440,4,2024-07-01
6482,P113,Electronics,1920,2,2026-04-06
6483,P107,Grocery,320,5,2024-12-10
6484,P100,Clothing,729,1,2025-08-20
6485,P101,Electronics,841,2,2025-01-06
6486,P110,Grocery,1751,4,2025-11-06
6487,P103,Home,900,5,2024-08-18
6488,P109,Grocery,744,4,2024-08-06
6489,P100,Clothing,1302,1,2025-04-12
6490,P107,Grocery,1075,5,2025-03-27
6491,P100,Clothing,1723,2,2025-08-29
6492,P106,Electronics,878,2,2026-04-17
6493,P100,Clothing,538,5,2025-12-09
6494,P114,Clothing,1997,3,2025-08-10
6495,P112,Clothing,596,3,2025-08-28
6496,P101,Electronics,1771,3,2024-12-22
6497,P100,Clothing,878,3,2025-07-19
6498,P112,Clothing,1651,1,2025-06-16
6499,P108,Sports,1461,2,2024-11-25
6500,P105,Grocery,545,2,2025-10-14
6501,P108,Sports,1812,1,2024-12-12
6502,P113,Electronics,167,5,2025-10-30
6503,P104,Grocery,1290,1,2024-06-01
6504,P114,Clothing,1899,3,2024-12-04
6505,P110,Grocery,422,5,2025-06-16
6506,P105,Grocery,903,1,2026-02-14
6507,P105,Grocery,447,4,2024-06-09
6508,P102,Home,1972,3,2026-03-16
6509,P113,Electronics,1946,1,2024-10-24
6510,P102,Home,1683,4,2025-04-15
6511,P101,Electronics,1271,5,2025-02-05
6512,P105,Grocery,1311,1,2025-10-08
6513,P101,Electronics,1751,4,2025-06-20
6514,P102,Home,232,1,2024-10-12
6515,P101,Electronics,830,1,2024-07-05
6516,P113,Electronics,1124,4,2025-03-31
6517,P105,Grocery,981,4,2025-11-11
6518,P105,Grocery,1889,1,2024-10-01
6519,P100,Clothing,1397,3,2025-07-08
6520,P100,Clothing,1436,1,2025-02-22
6521,P109,Grocery,261,2,2026-02-21
6522,P105,Grocery,1592,5,2026-02-21
6523,P111,Home,1299,5,2025-09-27
6524,P112,Clothing,1915,2,2024-06-25
6525,P106,Electronics,411,4,2026-04-17
6526,P112,Clothing,1881,2,2024-05-22
6527,P113,Electronics,495,3,2025-03-11
6528,P110,Grocery,141,5,2025-02-03
6529,P110,Grocery,1166,3,2024-12-09
6530,P113,Electronics,787,4,2025-04-27
6531,P103,Home,265,1,2024-06-03
6532,P108,Sports,1941,2,2026-03-21
6533,P112,Clothing,1133,5,2025-06-13
6534,P113,Electronics,449,1,2025-08-31
6535,P100,Clothing,1941,2,2025-10-26
6536,P105,Grocery,304,3,2024-12-21
6537,P113,Electronics,1179,4,2026-01-01
6538,P101,Electronics,1211,5,2024-12-09
6539,P102,Home,599,4,2026-04-03
6540,P111,Home,1174,4,2024-11-07
6541,P101,Electronics,1026,2,2026-03-01
6542,P107,Grocery,723,3,2025-02-05
6543,P112,Clothing,1040,5,2025-11-28
6544,P105,Grocery,200,5,2025-09-04
6545,P114,Clothing,181,5,2025-05-15
6546,P108,Sports,565,5,2025-11-24
6547,P108,Sports,506,1,2024-08-25
6548,P113,Electronics,347,4,2026-01-24
6549,P105,Grocery,115,4,2025-07-19
6550,P108,Sports,1286,1,2024-04-20
6551,P109,Grocery,206,2,2024-07-26
6552,P110,Grocery,1571,5,2025-03-06
6553,P109,Grocery,1320,1,2024-08-23
6554,P113,Electronics,1762,2,2025-12-26
6555,P100,Clothing,1353,3,2024-09-03
6556,P109,Grocery,163,2,2024-12-03
6557,P103,Home,755,2,2024-11-09
6558,P109,Grocery,366,3,2025-09-05
6559,P100,Clothing,1436,5,2025-09-16
6560,P112,Clothing,1792,2,2025-12-10
6561,P107,Grocery,1047,2,2025-05-14
6562,P110,Grocery,1179,3,2025-01-08
6563,P109,Grocery,487,1,2024-12-09
6564,P113,Electronics,1066,3,2026-01-20
6565,P112,Clothing,1261,2,2026-01-17
6566,P107,Grocery,1736,4,2026-02-11
6567,P106,Electronics,1721,1,2024-11-19
6568,P114,Clothing,1821,4,2024-10-22
6569,P100,Clothing,1315,1,2024-10-07
6570,P107,Grocery,144,1,2025-09-10
6571,P108,Sports,345,5,2024-04-19
6572,P109,Grocery,1830,2,2026-03-06
6573,P100,Clothing,162,3,2024-04-24
6574,P100,Clothing,218,3,2025-12-05
6575,P104,Grocery,1624,2,2025-01-31
6576,P113,Electronics,387,4,2024-11-13
6577,P110,Grocery,281,3,2025-01-25
6578,P105,Grocery,1932,3,2026-02-01
6579,P110,Grocery,1040,5,2026-03-14
6580,P109,Grocery,1216,1,2026-03-04
6581,P109,Grocery,1137,1,2025-02-12
6582,P102,Home,1811,1,2026-01-08
6583,P100,Clothing,841,3,2024-12-14
6584,P114,Clothing,1604,1,2025-03-22
6585,P107,Grocery,1327,2,2025-07-12
6586,P100,Clothing,285,5,2026-03-24
6587,P102,Home,1229,1,2024-11-13
6588,P100,Clothing,855,2,2025-03-25
6589,P113,Electronics,1862,2,2025-06-10
6590,P103,Home,1736,5,2025-07-15
6591,P102,Home,525,1,2025-03-30
6592,P105,Grocery,793,4,2024-05-27
6593,P107,Grocery,1784,5,2025-08-05
6594,P103,Home,1959,2,2024-10-30
6595,P110,Grocery,649,2,2024-10-11
6596,P103,Home,1616,2,2025-11-21
6597,P110,Grocery,1951,4,2026-02-20
6598,P103,Home,719,2,2025-03-02
6599,P112,Clothing,558,2,2026-04-02
6600,P104,Grocery,1809,5,2025-01-09
6601,P102,Home,1640,4,2025-05-24
6602,P100,Clothing,1877,3,2025-09-17
6603,P101,Electronics,1709,3,2025-03-21
6604,P104,Grocery,1617,2,2026-03-28
6605,P111,Home,1745,5,2024-10-15
6606,P110,Grocery,1821,1,2024-06-03
6607,P101,Electronics,1278,3,2025-06-02
6608,P110,Grocery,1333,4,2025-05-05
6609,P102,Home,678,1,2024-12-21
6610,P109,Grocery,446,4,2025-10-28
6611,P103,Home,840,2,2025-10-14
6612,P100,Clothing,1186,1,2025-09-03
6613,P103,Home,297,1,2025-06-20
6614,P111,Home,278,5,2025-08-30
6615,P112,Clothing,1222,3,2024-11-02
6616,P103,Home,381,3,2025-08-08
6617,P105,Grocery,1818,3,2025-06-01
6618,P108,Sports,1138,3,2024-08-21
6619,P104,Grocery,942,3,2024-10-01
6620,P102,Home,1616,3,2026-01-09
6621,P108,Sports,1890,5,2024-06-27
6622,P114,Clothing,1294,1,2026-02-14
6623,P104,Grocery,1250,3,2024-12-13
6624,P105,Grocery,691,5,2025-01-17
6625,P102,Home,1523,4,2026-04-13
6626,P102,Home,1072,5,2025-09-11
6627,P108,Sports,428,2,2025-10-16
6628,P114,Clothing,776,5,2024-08-28
6629,P110,Grocery,414,5,2024-06-24
6630,P113,Electronics,1161,4,2025-10-25
6631,P104,Grocery,304,4,2024-10-15
6632,P105,Grocery,1476,4,2025-02-05
6633,P107,Grocery,725,5,2025-06-18
6634,P103,Home,815,4,2025-08-18
6635,P104,Grocery,1378,5,2024-07-31
6636,P100,Clothing,396,3,2024-04-30
6637,P105,Grocery,855,3,2026-02-20
6638,P102,Home,928,1,2024-05-05
6639,P103,Home,1056,3,2024-12-16
6640,P107,Grocery,1767,5,2024-10-11
6641,P104,Grocery,1853,4,2026-03-24
6642,P104,Grocery,274,2,2025-02-03
6643,P106,Electronics,608,4,2025-05-05
6644,P111,Home,1349,2,2025-10-06
6645,P105,Grocery,1413,2,2026-01-04
6646,P111,Home,1200,4,2026-04-11
6647,P108,Sports,236,4,2024-08-07
6648,P107,Grocery,781,1,2025-10-26
6649,P102,Home,1245,4,2024-09-03
6650,P100,Clothing,1839,2,2026-04-16
6651,P104,Grocery,1213,4,2024-12-30
6652,P110,Grocery,554,4,2024-07-18
6653,P110,Grocery,208,4,2024-07-05
6654,P100,Clothing,1764,2,2025-03-21
6655,P102,Home,1595,3,2024-11-14
6656,P102,Home,293,2,2024-10-26
6657,P112,Clothing,1454,2,2026-02-11
6658,P105,Grocery,449,1,2026-02-05
6659,P113,Electronics,854,1,2025-10-02
6660,P111,Home,264,1,2025-07-10
6661,P106,Electronics,1308,4,2025-06-08
6662,P101,Electronics,1895,2,2025-01-10
6663,P106,Electronics,375,1,2026-03-23
6664,P113,Electronics,1846,3,2025-02-03
6665,P105,Grocery,1738,1,2025-09-14
6666,P109,Grocery,629,4,2025-09-08
6667,P106,Electronics,858,4,2025-11-11
6668,P101,Electronics,565,2,2024-09-14
6669,P101,Electronics,674,4,2025-05-14
6670,P108,Sports,601,4,2025-09-05
6671,P106,Electronics,463,4,2025-11-26
6672,P113,Electronics,1316,1,2025-08-08
6673,P111,Home,965,4,2025-10-26
6674,P103,Home,785,4,2024-08-18
6675,P111,Home,1851,4,2026-02-23
6676,P100,Clothing,512,1,2024-05-28
6677,P100,Clothing,1946,5,2026-02-22
6678,P102,Home,1479,3,2024-07-07
6679,P102,Home,1974,1,2026-04-04
6680,P109,Grocery,271,3,2026-03-16
6681,P108,Sports,1352,3,2024-06-18
6682,P109,Grocery,1457,4,2025-06-18
6683,P111,Home,451,5,2025-07-28
6684,P110,Grocery,1301,4,2025-08-31
6685,P113,Electronics,118,5,2025-01-21
6686,P114,Clothing,1160,1,2025-12-16
6687,P106,Electronics,1046,4,2026-01-08
6688,P104,Grocery,1571,4,2024-11-11
6689,P112,Clothing,1914,4,2025-09-13
6690,P100,Clothing,1924,1,2025-04-09
6691,P104,Grocery,1782,4,2025-02-28
6692,P108,Sports,1400,3,2025-05-26
6693,P101,Electronics,1306,1,2025-02-13
6694,P102,Home,1850,2,2024-10-31
6695,P109,Grocery,1846,1,2025-05-01
6696,P113,Electronics,1798,2,2025-03-24
6697,P100,Clothing,634,4,2026-02-28
6698,P106,Electronics,395,5,2026-02-03
6699,P104,Grocery,1335,5,2025-11-28
6700,P109,Grocery,1709,4,2024-10-10
6701,P103,Home,1234,3,2024-06-27
6702,P100,Clothing,488,1,2025-05-24
6703,P113,Electronics,1684,5,2025-07-08
6704,P104,Grocery,1169,3,2025-10-15
6705,P112,Clothing,966,3,2024-06-10
6706,P104,Grocery,1999,3,2025-02-24
6707,P112,Clothing,805,5,2024-09-26
6708,P105,Grocery,1107,1,2025-09-15
6709,P109,Grocery,1857,3,2025-04-05
6710,P106,Electronics,1601,3,2024-09-06
6711,P100,Clothing,1238,5,2025-05-09
6712,P110,Grocery,1372,2,2024-08-08
6713,P114,Clothing,1355,3,2025-04-12
6714,P106,Electronics,795,3,2024-08-07
6715,P104,Grocery,229,4,2024-10-26
6716,P101,Electronics,1234,3,2025-07-29
6717,P104,Grocery,335,1,2025-07-17
6718,P109,Grocery,1281,5,2026-03-07
6719,P109,Grocery,1535,4,2024-08-15
6720,P103,Home,1983,4,2024-12-11
6721,P110,Grocery,1205,5,2024-10-28
6722,P112,Clothing,435,2,2024-08-22
6723,P106,Electronics,1061,1,2024-08-01
6724,P100,Clothing,1052,3,2025-11-21
6725,P102,Home,915,1,2024-05-31
6726,P113,Electronics,1582,1,2026-04-02
6727,P106,Electronics,160,1,2025-03-26
6728,P111,Home,222,3,2026-04-13
6729,P111,Home,579,5,2024-07-06
6730,P109,Grocery,110,2,2026-01-10
6731,P102,Home,999,4,2025-02-12
6732,P109,Grocery,1470,3,2025-03-14
6733,P106,Electronics,1689,3,2025-10-12
6734,P108,Sports,905,3,2024-09-27
6735,P100,Clothing,110,1,2024-10-11
6736,P102,Home,1851,2,2025-08-26
6737,P107,Grocery,1060,5,2025-07-07
6738,P103,Home,972,4,2024-11-22
6739,P107,Grocery,967,5,2026-01-09
6740,P110,Grocery,1638,1,2026-02-04
6741,P107,Grocery,506,2,2024-08-19
6742,P106,Electronics,212,5,2024-07-18
6743,P113,Electronics,1882,3,2025-03-10
6744,P110,Grocery,937,5,2024-09-10
6745,P114,Clothing,719,4,2024-11-18
6746,P114,Clothing,529,3,2024-09-06
6747,P111,Home,1592,2,2025-10-16
6748,P109,Grocery,1041,2,2024-07-25
6749,P101,Electronics,1784,1,2024-08-20
6750,P106,Electronics,1391,5,2025-11-22
6751,P108,Sports,558,2,2024-11-17
6752,P110,Grocery,1548,3,2026-02-19
6753,P103,Home,1348,4,2025-02-11
6754,P102,Home,260,1,2024-12-04
6755,P112,Clothing,752,1,2025-07-11
6756,P101,Electronics,725,1,2025-11-23
6757,P107,Grocery,199,3,2026-01-07
6758,P101,Electronics,668,1,2024-12-25
6759,P102,Home,413,2,2025-08-09
6760,P112,Clothing,748,4,2025-06-21
6761,P102,Home,1117,4,2024-08-31
6762,P100,Clothing,464,1,2025-06-17
6763,P105,Grocery,356,2,2024-11-07
6764,P113,Electronics,798,2,2025-07-11
6765,P114,Clothing,1099,1,2025-04-10
6766,P113,Electronics,730,2,2025-10-26
6767,P102,Home,1901,3,2024-06-03
6768,P102,Home,1374,2,2024-10-17
6769,P111,Home,373,1,2025-09-08
6770,P107,Grocery,1354,5,2024-09-02
6771,P106,Electronics,1310,2,2025-08-15
6772,P113,Electronics,1159,2,2024-06-20
6773,P106,Electronics,216,2,2025-03-22
6774,P110,Grocery,870,3,2024-11-09
6775,P106,Electronics,183,3,2024-05-16
6776,P114,Clothing,181,5,2024-05-21
6777,P107,Grocery,1215,5,2025-10-29
6778,P111,Home,1077,2,2025-02-17
6779,P109,Grocery,1284,4,2024-12-10
6780,P113,Electronics,727,4,2024-08-08
6781,P113,Electronics,1703,4,2024-07-30
6782,P112,Clothing,866,4,2025-04-11
6783,P106,Electronics,1592,2,2024-10-12
6784,P109,Grocery,601,1,2026-02-24
6785,P100,Clothing,577,4,2024-12-14
6786,P107,Grocery,565,2,2025-05-07
6787,P113,Electronics,795,5,2025-05-31
6788,P112,Clothing,1874,4,2024-06-02
6789,P110,Grocery,606,2,2026-03-22
6790,P104,Grocery,1259,2,2024-06-17
6791,P102,Home,1237,2,2026-04-06
6792,P105,Grocery,1558,2,2025-11-24
6793,P110,Grocery,1781,4,2025-08-23
6794,P104,Grocery,440,4,2024-10-20
6795,P105,Grocery,1497,2,2024-11-06
6796,P112,Clothing,1723,5,2024-09-23
6797,P101,Electronics,610,5,2025-07-14
6798,P100,Clothing,1249,2,2025-05-11
6799,P113,Electronics,674,3,2026-01-22
6800,P110,Grocery,1926,5,2024-10-31
6801,P107,Grocery,860,1,2025-03-24
6802,P100,Clothing,455,3,2025-10-26
6803,P100,Clothing,653,5,2024-07-29
6804,P113,Electronics,821,5,2025-11-24
6805,P110,Grocery,1411,4,2025-05-28
6806,P104,Grocery,1766,2,2025-09-09
6807,P114,Clothing,1685,5,2025-04-29
6808,P109,Grocery,1644,1,2025-07-28
6809,P110,Grocery,598,4,2025-07-08
6810,P100,Clothing,1998,2,2025-08-28
6811,P101,Electronics,770,5,2024-11-27
6812,P114,Clothing,950,3,2024-06-28
6813,P106,Electronics,1130,3,2025-11-04
6814,P109,Grocery,722,5,2026-03-18
6815,P114,Clothing,867,4,2025-05-24
6816,P102,Home,1830,5,2024-11-03
6817,P100,Clothing,1139,2,2025-05-29
6818,P110,Grocery,659,5,2025-02-15
6819,P112,Clothing,206,5,2025-06-16
6820,P113,Electronics,1677,5,2024-04-25
6821,P114,Clothing,1242,5,2025-07-21
6822,P110,Grocery,582,4,2024-06-28
6823,P109,Grocery,678,1,2025-06-26
6824,P114,Clothing,1803,5,2025-08-21
6825,P113,Electronics,1007,4,2025-12-08
6826,P107,Grocery,191,5,2024-06-08
6827,P101,Electronics,1862,4,2026-01-13
6828,P108,Sports,1300,2,2024-06-27
6829,P100,Clothing,1770,2,2025-02-14
6830,P104,Grocery,539,4,2025-09-22
6831,P100,Clothing,1297,1,2024-06-03
6832,P107,Grocery,1914,2,2025-11-20
6833,P112,Clothing,994,5,2025-06-06
6834,P100,Clothing,1802,5,2025-08-23
6835,P112,Clothing,1514,4,2025-12-16
6836,P112,Clothing,1377,5,2025-12-07
6837,P113,Electronics,1335,2,2025-12-14
6838,P111,Home,873,4,2024-12-14
6839,P112,Clothing,1857,5,2024-06-10
6840,P100,Clothing,1237,3,2024-06-25
6841,P106,Electronics,965,2,2025-10-05
6842,P112,Clothing,1869,3,2024-08-08
6843,P111,Home,1936,4,2024-05-02
6844,P103,Home,214,3,2024-05-13
6845,P111,Home,684,5,2024-11-13
6846,P110,Grocery,1904,1,2025-12-12
6847,P113,Electronics,220,1,2025-09-06
6848,P113,Electronics,717,5,2025-07-24
6849,P104,Grocery,1287,5,2025-04-21
6850,P100,Clothing,255,1,2025-08-05
6851,P107,Grocery,1131,5,2024-04-20
6852,P112,Clothing,170,4,2025-03-25
6853,P110,Grocery,640,5,2025-03-08
6854,P108,Sports,1091,5,2024-06-28
6855,P100,Clothing,1603,1,2026-01-24
6856,P109,Grocery,1057,1,2026-02-02
6857,P114,Clothing,1731,3,2024-09-04
6858,P101,Electronics,531,5,2024-12-17
6859,P104,Grocery,1361,5,2024-12-06
6860,P104,Grocery,1990,3,2025-01-12
6861,P113,Electronics,1262,5,2025-08-17
6862,P101,Electronics,1122,4,2025-11-16
6863,P107,Grocery,327,5,2026-02-24
6864,P108,Sports,1615,1,2025-05-12
6865,P106,Electronics,581,5,2025-08-21
6866,P106,Electronics,1753,5,2025-02-15
6867,P112,Clothing,1234,1,2025-03-08
6868,P114,Clothing,1420,5,2024-09-10
6869,P104,Grocery,460,4,2025-06-30
6870,P107,Grocery,968,4,2025-07-31
6871,P103,Home,1104,3,2025-06-19
6872,P102,Home,238,3,2024-05-21
6873,P111,Home,1656,2,2024-05-29
6874,P104,Grocery,1677,4,2024-04-23
6875,P107,Grocery,1086,1,2025-03-10
6876,P109,Grocery,1074,1,2024-10-10
6877,P102,Home,951,4,2024-07-11
6878,P105,Grocery,1079,4,2025-10-21
6879,P104,Grocery,1664,1,2025-02-01
6880,P111,Home,1033,2,2025-06-18
6881,P103,Home,539,5,2026-03-03
6882,P105,Grocery,1946,3,2026-03-31
6883,P106,Electronics,738,4,2026-03-11
6884,P103,Home,154,4,2025-01-30
6885,P101,Electronics,1952,1,2025-08-27
6886,P103,Home,330,5,2025-01-15
6887,P106,Electronics,1891,3,2026-04-08
6888,P113,Electronics,1402,5,2025-05-27
6889,P104,Grocery,1734,3,2025-03-28
6890,P112,Clothing,1428,2,2025-04-22
6891,P101,Electronics,520,4,2025-01-01
6892,P102,Home,1807,1,2025-11-12
6893,P111,Home,1917,1,2026-01-08
6894,P114,Clothing,467,3,2025-03-26
6895,P110,Grocery,868,1,2025-06-12
6896,P104,Grocery,287,4,2024-11-15
6897,P106,Electronics,359,5,2025-06-24
6898,P105,Grocery,1662,3,2024-06-21
6899,P102,Home,1615,4,2025-04-19
6900,P112,Clothing,1990,2,2024-05-26
6901,P110,Grocery,783,4,2025-05-10
6902,P101,Electronics,1263,5,2025-04-10
6903,P104,Grocery,1967,5,2024-06-06
6904,P101,Electronics,594,1,2026-01-26
6905,P114,Clothing,616,5,2025-04-29
6906,P111,Home,382,2,2026-03-07
6907,P103,Home,1754,3,2024-10-14
6908,P106,Electronics,585,5,2024-05-04
6909,P105,Grocery,1084,1,2024-12-20
6910,P102,Home,917,1,2025-04-19
6911,P114,Clothing,890,4,2025-05-19
6912,P109,Grocery,1474,4,2025-04-21
6913,P103,Home,207,5,2025-05-02
6914,P108,Sports,1990,3,2025-08-17
6915,P103,Home,1116,4,2026-01-27
6916,P103,Home,1255,4,2026-01-23
6917,P102,Home,254,2,2025-10-14
6918,P106,Electronics,182,5,2025-04-13
6919,P106,Electronics,1560,4,2024-08-19
6920,P105,Grocery,226,3,2025-11-15
6921,P102,Home,181,3,2025-01-31
6922,P105,Grocery,1591,3,2025-02-02
6923,P103,Home,1831,4,2025-05-07
6924,P114,Clothing,1959,3,2025-05-15
6925,P105,Grocery,374,4,2025-01-13
6926,P105,Grocery,415,5,2025-09-07
6927,P111,Home,1980,3,2025-09-11
6928,P113,Electronics,875,3,2024-06-18
6929,P113,Electronics,1107,2,2024-05-04
6930,P100,Clothing,1113,2,2026-01-02
6931,P112,Clothing,1232,3,2025-11-18
6932,P103,Home,587,4,2024-09-18
6933,P100,Clothing,1734,2,2025-06-01
6934,P108,Sports,1491,5,2026-04-14
6935,P101,Electronics,1215,2,2024-11-01
6936,P111,Home,853,3,2024-12-29
6937,P103,Home,1389,2,2024-09-03
6938,P106,Electronics,1378,4,2024-12-25
6939,P104,Grocery,849,4,2024-11-18
6940,P100,Clothing,1307,5,2025-04-05
6941,P106,Electronics,821,1,2024-09-23
6942,P100,Clothing,1570,3,2025-10-10
6943,P104,Grocery,1475,4,2025-12-31
6944,P110,Grocery,1162,4,2026-04-14
6945,P111,Home,706,5,2024-06-19
6946,P111,Home,1560,4,2025-10-11
6947,P107,Grocery,879,4,2025-05-20
6948,P109,Grocery,1868,4,2025-05-26
6949,P104,Grocery,318,2,2024-06-13
6950,P112,Clothing,407,4,2026-01-12
6951,P105,Grocery,316,2,2025-07-08
6952,P114,Clothing,347,4,2024-04-23
6953,P100,Clothing,1988,4,2025-04-18
6954,P101,Electronics,1976,5,2025-06-13
6955,P102,Home,1272,1,2026-04-04
6956,P100,Clothing,572,1,2025-11-06
6957,P109,Grocery,786,4,2025-07-01
6958,P102,Home,1335,5,2024-10-07
6959,P110,Grocery,1473,2,2024-11-30
6960,P106,Electronics,271,2,2025-04-11
6961,P114,Clothing,770,4,2025-05-11
6962,P113,Electronics,1829,5,2024-06-28
6963,P112,Clothing,530,1,2025-04-04
6964,P110,Grocery,1359,3,2024-06-16
6965,P109,Grocery,988,5,2024-10-19
6966,P113,Electronics,863,2,2025-11-03
6967,P113,Electronics,1714,1,2025-12-03
6968,P112,Clothing,1615,5,2024-06-18
6969,P107,Grocery,1261,5,2024-10-14
6970,P109,Grocery,489,1,2025-12-14
6971,P102,Home,132,3,2025-03-30
6972,P112,Clothing,1272,3,2024-07-22
6973,P100,Clothing,649,1,2024-10-12
6974,P101,Electronics,1589,2,2024-11-25
6975,P103,Home,562,4,2024-10-11
6976,P107,Grocery,464,1,2025-11-24
6977,P104,Grocery,1601,4,2024-06-19
6978,P109,Grocery,617,5,2025-11-07
6979,P103,Home,270,1,2025-10-25
6980,P112,Clothing,780,2,2025-02-17
6981,P112,Clothing,885,1,2024-09-29
6982,P110,Grocery,1296,2,2024-06-26
6983,P111,Home,1218,2,2025-10-20
6984,P105,Grocery,105,4,2025-06-13
6985,P105,Grocery,1708,5,2024-08-01
6986,P114,Clothing,1522,3,2024-05-12
6987,P100,Clothing,1927,1,2024-08-27
6988,P110,Grocery,179,4,2025-05-03
6989,P105,Grocery,158,4,2025-12-05
6990,P114,Clothing,1562,5,2024-09-26
6991,P114,Clothing,985,3,2026-01-22
6992,P106,Electronics,1516,4,2025-11-18
6993,P110,Grocery,765,1,2025-03-21
6994,P111,Home,227,1,2025-07-17
6995,P105,Grocery,881,4,2024-09-07
6996,P105,Grocery,259,1,2025-05-13
6997,P108,Sports,404,5,2025-01-19
6998,P111,Home,1323,1,2026-02-11
6999,P108,Sports,1696,3,2025-01-17
7000,P105,Grocery,1570,1,2024-07-18
7001,P110,Grocery,1829,5,2024-07-02
7002,P110,Grocery,1874,4,2025-10-14
7003,P114,Clothing,550,5,2025-07-02
7004,P107,Grocery,461,1,2025-03-05
7005,P112,Clothing,288,5,2024-06-26
7006,P113,Electronics,717,4,2025-06-30
7007,P107,Grocery,639,2,2024-11-07
7008,P113,Electronics,405,3,2024-08-17
7009,P105,Grocery,656,2,2025-11-29
7010,P109,Grocery,1318,4,2026-04-03
7011,P112,Clothing,721,5,2025-11-17
7012,P103,Home,704,4,2026-01-12
7013,P108,Sports,1482,1,2024-05-02
7014,P114,Clothing,1497,1,2024-05-05
7015,P114,Clothing,1728,1,2025-05-24
7016,P114,Clothing,1374,3,2026-03-01
7017,P111,Home,1512,5,2025-05-09
7018,P101,Electronics,984,1,2025-06-15
7019,P111,Home,1394,1,2024-07-05
7020,P100,Clothing,106,2,2025-07-08
7021,P101,Electronics,1111,1,2025-12-07
7022,P112,Clothing,1887,4,2024-11-14
7023,P105,Grocery,1687,2,2025-09-09
7024,P106,Electronics,1376,4,2025-06-02
7025,P112,Clothing,1457,5,2024-07-08
7026,P102,Home,1394,5,2025-11-24
7027,P100,Clothing,734,4,2025-05-14
7028,P105,Grocery,149,2,2025-01-22
7029,P104,Grocery,903,1,2025-01-28
7030,P113,Electronics,1552,5,2025-04-19
7031,P102,Home,224,3,2026-01-21
7032,P100,Clothing,1278,3,2026-03-20
7033,P106,Electronics,1237,3,2025-06-03
7034,P112,Clothing,783,5,2025-06-20
7035,P104,Grocery,1184,1,2026-01-04
7036,P105,Grocery,916,4,2026-01-03
7037,P109,Grocery,765,3,2025-07-24
7038,P110,Grocery,1932,2,2024-06-25
7039,P106,Electronics,572,2,2025-01-20
7040,P110,Grocery,1824,4,2025-12-08
7041,P106,Electronics,549,5,2025-12-06
7042,P103,Home,808,2,2024-08-25
7043,P107,Grocery,1731,5,2024-11-01
7044,P104,Grocery,1190,1,2025-12-23
7045,P104,Grocery,764,3,2025-03-28
7046,P107,Grocery,357,4,2025-07-14
7047,P112,Clothing,1191,1,2024-10-27
7048,P107,Grocery,1818,5,2025-03-24
7049,P107,Grocery,1182,1,2025-08-02
7050,P111,Home,417,1,2024-12-13
7051,P107,Grocery,1561,4,2024-04-26
7052,P100,Clothing,1304,3,2024-10-02
7053,P113,Electronics,452,4,2024-09-26
7054,P113,Electronics,1814,3,2025-08-08
7055,P107,Grocery,1858,1,2026-01-01
7056,P110,Grocery,1722,1,2025-07-25
7057,P102,Home,668,3,2025-11-22
7058,P104,Grocery,375,1,2026-02-14
7059,P100,Clothing,1079,3,2024-11-16
7060,P101,Electronics,1184,1,2024-12-20
7061,P100,Clothing,1960,5,2024-06-11
7062,P106,Electronics,1440,3,2026-02-02
7063,P102,Home,168,3,2026-03-07
7064,P105,Grocery,1908,3,2026-02-28
7065,P104,Grocery,848,2,2025-02-01
7066,P102,Home,983,2,2026-04-01
7067,P107,Grocery,1692,2,2025-06-01
7068,P109,Grocery,370,3,2024-04-18
7069,P106,Electronics,238,3,2025-02-27
7070,P103,Home,924,5,2024-05-09
7071,P103,Home,123,1,2026-02-12
7072,P111,Home,1722,4,2026-04-05
7073,P102,Home,1166,2,2024-09-04
7074,P101,Electronics,1202,1,2024-04-26
7075,P110,Grocery,548,4,2025-12-25
7076,P106,Electronics,825,1,2024-11-27
7077,P110,Grocery,1942,1,2025-12-26
7078,P106,Electronics,699,2,2024-11-30
7079,P101,Electronics,1449,1,2025-05-11
7080,P110,Grocery,1918,2,2025-09-20
7081,P111,Home,1534,3,2025-04-15
7082,P104,Grocery,337,4,2026-01-02
7083,P109,Grocery,1831,3,2024-05-04
7084,P107,Grocery,1506,1,2024-11-19
7085,P105,Grocery,1208,2,2024-08-29
7086,P101,Electronics,323,1,2024-07-29
7087,P101,Electronics,151,5,2026-01-19
7088,P103,Home,1483,1,2026-02-21
7089,P113,Electronics,810,5,2025-02-07
7090,P101,Electronics,1868,5,2024-07-18
7091,P101,Electronics,1356,1,2026-03-13
7092,P108,Sports,732,1,2025-08-02
7093,P100,Clothing,1882,1,2024-11-20
7094,P110,Grocery,1353,5,2026-01-11
7095,P100,Clothing,471,3,2026-01-01
7096,P110,Grocery,1312,5,2025-12-28
7097,P105,Grocery,1037,4,2026-02-12
7098,P111,Home,1812,5,2025-05-25
7099,P106,Electronics,517,5,2024-08-25
7100,P107,Grocery,489,2,2024-10-16
7101,P103,Home,1563,5,2026-02-08
7102,P108,Sports,1296,3,2026-04-14
7103,P106,Electronics,264,3,2025-12-02
7104,P102,Home,1822,4,2025-11-17
7105,P109,Grocery,560,1,2025-02-27
7106,P108,Sports,1921,3,2025-02-03
7107,P102,Home,767,3,2025-12-25
7108,P109,Grocery,1117,3,2024-10-21
7109,P104,Grocery,666,2,2025-01-01
7110,P113,Electronics,928,2,2024-05-02
7111,P105,Grocery,1049,5,2026-04-15
7112,P110,Grocery,921,5,2025-10-08
7113,P114,Clothing,351,2,2025-08-07
7114,P108,Sports,1358,4,2024-12-31
7115,P114,Clothing,1314,1,2025-03-15
7116,P100,Clothing,842,5,2026-04-14
7117,P111,Home,1569,4,2024-06-10
7118,P103,Home,703,3,2024-09-05
7119,P105,Grocery,1987,2,2025-09-04
7120,P106,Electronics,1748,4,2024-08-16
7121,P110,Grocery,1268,5,2024-12-17
7122,P110,Grocery,433,3,2024-09-13
7123,P111,Home,891,3,2025-06-29
7124,P106,Electronics,420,1,2024-09-20
7125,P111,Home,518,3,2026-01-20
7126,P104,Grocery,1028,4,2025-08-13
7127,P101,Electronics,777,5,2026-02-16
7128,P105,Grocery,1085,4,2024-12-19
7129,P111,Home,1467,2,2025-03-13
7130,P113,Electronics,1130,4,2024-05-24
7131,P110,Grocery,1585,4,2026-04-02
7132,P105,Grocery,1354,4,2025-09-30
7133,P109,Grocery,1703,3,2024-09-13
7134,P103,Home,748,5,2024-11-19
7135,P102,Home,1164,2,2025-12-23
7136,P114,Clothing,302,4,2025-03-21
7137,P111,Home,198,1,2025-11-08
7138,P107,Grocery,1231,1,2024-10-07
7139,P114,Clothing,785,5,2025-03-20
7140,P108,Sports,657,5,2024-12-14
7141,P105,Grocery,1779,1,2024-05-03
7142,P102,Home,1471,4,2025-08-04
7143,P103,Home,378,5,2026-02-21
7144,P104,Grocery,728,2,2025-04-14
7145,P107,Grocery,605,4,2025-06-03
7146,P109,Grocery,860,2,2025-11-23
7147,P114,Clothing,1868,3,2025-08-06
7148,P109,Grocery,1684,4,2025-02-26
7149,P103,Home,900,1,2024-07-10
7150,P103,Home,1877,2,2025-01-10
7151,P105,Grocery,970,2,2026-02-15
7152,P112,Clothing,931,1,2025-03-25
7153,P112,Clothing,391,1,2025-01-25
7154,P103,Home,1664,2,2025-08-21
7155,P102,Home,983,3,2024-05-31
7156,P112,Clothing,1601,3,2026-02-02
7157,P108,Sports,441,1,2025-05-24
7158,P109,Grocery,1974,2,2024-05-12
7159,P113,Electronics,1594,2,2025-04-03
7160,P107,Grocery,881,2,2025-12-28
7161,P108,Sports,429,5,2024-06-28
7162,P105,Grocery,1652,5,2024-08-13
7163,P110,Grocery,1485,4,2025-05-03
7164,P105,Grocery,1655,1,2025-08-17
7165,P101,Electronics,1548,4,2026-03-27
7166,P112,Clothing,736,1,2025-07-22
7167,P113,Electronics,130,3,2024-09-15
7168,P101,Electronics,1690,1,2026-01-20
7169,P112,Clothing,864,2,2026-04-17
7170,P102,Home,1126,5,2024-06-06
7171,P110,Grocery,1571,4,2025-04-30
7172,P112,Clothing,1178,2,2024-11-03
7173,P103,Home,1806,3,2025-05-30
7174,P100,Clothing,529,4,2025-05-27
7175,P114,Clothing,1523,1,2024-09-06
7176,P111,Home,878,5,2024-04-23
7177,P111,Home,1344,5,2025-01-31
7178,P112,Clothing,138,1,2025-05-18
7179,P100,Clothing,1739,1,2024-10-16
7180,P114,Clothing,1791,2,2024-07-09
7181,P105,Grocery,1789,3,2024-06-13
7182,P114,Clothing,1309,1,2025-05-19
7183,P106,Electronics,1883,2,2025-09-24
7184,P109,Grocery,843,5,2025-06-03
7185,P103,Home,1753,5,2026-01-20
7186,P102,Home,590,1,2025-10-10
7187,P101,Electronics,1025,2,2025-04-30
7188,P114,Clothing,749,2,2024-07-16
7189,P114,Clothing,499,1,2025-02-11
7190,P100,Clothing,1053,1,2025-12-10
7191,P103,Home,1069,1,2025-11-06
7192,P113,Electronics,1793,4,2025-03-13
7193,P111,Home,884,1,2024-05-24
7194,P111,Home,506,4,2024-10-10
7195,P110,Grocery,1162,4,2026-01-26
7196,P108,Sports,427,5,2025-10-17
7197,P103,Home,643,2,2024-10-13
7198,P100,Clothing,1847,1,2026-01-06
7199,P111,Home,428,3,2024-12-31
7200,P106,Electronics,1729,4,2025-05-24
7201,P110,Grocery,1800,3,2025-12-07
7202,P101,Electronics,242,1,2025-08-10
7203,P100,Clothing,539,1,2024-05-23
7204,P104,Grocery,1727,4,2025-11-07
7205,P107,Grocery,1670,4,2024-04-21
7206,P107,Grocery,255,5,2025-10-23
7207,P112,Clothing,881,2,2024-05-04
7208,P113,Electronics,256,2,2025-12-22
7209,P103,Home,1960,5,2025-05-31
7210,P106,Electronics,1441,3,2025-05-13
7211,P106,Electronics,185,2,2025-12-02
7212,P110,Grocery,1428,1,2024-12-21
7213,P107,Grocery,730,4,2025-01-12
7214,P114,Clothing,648,5,2026-01-15
7215,P101,Electronics,130,4,2024-07-16
7216,P109,Grocery,1641,1,2024-05-21
7217,P109,Grocery,930,2,2024-07-26
7218,P106,Electronics,1889,2,2024-10-02
7219,P100,Clothing,601,2,2025-05-30
7220,P101,Electronics,270,4,2024-11-28
7221,P106,Electronics,800,2,2025-02-27
7222,P106,Electronics,103,4,2024-11-01
7223,P113,Electronics,1254,1,2025-02-15
7224,P104,Grocery,562,5,2025-08-11
7225,P104,Grocery,285,1,2024-11-28
7226,P111,Home,189,3,2025-06-29
7227,P105,Grocery,830,5,2025-05-14
7228,P108,Sports,503,5,2025-08-18
7229,P104,Grocery,1011,5,2025-10-13
7230,P111,Home,1195,4,2025-10-21
7231,P107,Grocery,764,4,2025-04-14
7232,P109,Grocery,924,1,2024-10-12
7233,P104,Grocery,423,1,2025-08-28
7234,P100,Clothing,632,1,2025-03-03
7235,P111,Home,1517,5,2026-02-22
7236,P113,Electronics,1312,1,2026-01-25
7237,P101,Electronics,224,2,2024-09-30
7238,P103,Home,202,3,2024-04-28
7239,P113,Electronics,164,4,2024-11-04
7240,P105,Grocery,1071,4,2025-01-24
7241,P100,Clothing,1833,3,2024-10-12
7242,P104,Grocery,285,2,2025-01-15
7243,P107,Grocery,1475,4,2025-09-25
7244,P111,Home,420,5,2025-09-30
7245,P106,Electronics,1411,3,2024-05-17
7246,P102,Home,389,4,2025-06-19
7247,P113,Electronics,106,2,2025-02-16
7248,P105,Grocery,1517,3,2024-07-13
7249,P105,Grocery,955,5,2025-01-22
7250,P109,Grocery,267,1,2024-10-31
7251,P113,Electronics,1787,3,2025-10-06
7252,P110,Grocery,1889,2,2026-02-23
7253,P109,Grocery,1426,4,2026-04-13
7254,P101,Electronics,1167,3,2025-04-03
7255,P100,Clothing,1538,2,2024-10-15
7256,P108,Sports,874,1,2026-04-12
7257,P113,Electronics,1677,1,2026-04-09
7258,P114,Clothing,813,2,2025-02-22
7259,P108,Sports,1062,2,2026-01-02
7260,P102,Home,1551,3,2025-04-10
7261,P105,Grocery,206,4,2024-06-05
7262,P101,Electronics,909,1,2025-06-13
7263,P100,Clothing,768,4,2025-10-22
7264,P105,Grocery,498,2,2024-10-12
7265,P111,Home,1170,5,2025-06-25
7266,P114,Clothing,1187,3,2026-02-09
7267,P109,Grocery,627,3,2025-07-02
7268,P110,Grocery,596,5,2025-10-26
7269,P104,Grocery,851,3,2026-01-31
7270,P108,Sports,895,1,2024-12-15
7271,P104,Grocery,211,4,2025-09-28
7272,P106,Electronics,1733,2,2026-04-01
7273,P114,Clothing,1395,3,2025-11-20
7274,P112,Clothing,994,5,2026-01-28
7275,P105,Grocery,1809,3,2024-09-20
7276,P106,Electronics,1936,1,2025-07-01
7277,P109,Grocery,1956,4,2025-05-27
7278,P102,Home,280,1,2025-07-13
7279,P103,Home,1967,2,2024-06-21
7280,P102,Home,634,4,2025-01-22
7281,P105,Grocery,1299,1,2024-08-15
7282,P105,Grocery,807,5,2026-02-08
7283,P111,Home,571,1,2025-05-27
7284,P114,Clothing,1548,5,2024-07-25
7285,P109,Grocery,1667,4,2024-06-30
7286,P101,Electronics,771,5,2025-07-08
7287,P112,Clothing,1674,4,2025-11-08
7288,P103,Home,1829,3,2024-07-18
7289,P109,Grocery,538,1,2024-12-06
7290,P107,Grocery,999,5,2026-02-17
7291,P100,Clothing,355,4,2025-06-01
7292,P109,Grocery,321,3,2025-04-18
7293,P101,Electronics,788,1,2024-06-25
7294,P103,Home,1195,2,2025-06-01
7295,P110,Grocery,1114,1,2025-10-06
7296,P105,Grocery,1856,2,2025-10-25
7297,P108,Sports,1105,2,2025-09-30
7298,P113,Electronics,1836,2,2025-03-28
7299,P111,Home,582,2,2024-11-14
7300,P113,Electronics,395,4,2025-12-29
7301,P111,Home,1219,5,2024-04-20
7302,P101,Electronics,938,1,2026-01-22
7303,P110,Grocery,1156,3,2025-02-01
7304,P111,Home,771,4,2025-08-20
7305,P100,Clothing,1656,2,2025-01-18
7306,P106,Electronics,1037,3,2025-12-29
7307,P103,Home,1570,2,2024-11-28
7308,P104,Grocery,901,5,2024-11-11
7309,P105,Grocery,732,3,2024-04-28
7310,P108,Sports,1845,5,2025-04-15
7311,P114,Clothing,1333,3,2025-11-26
7312,P112,Clothing,568,5,2024-09-15
7313,P110,Grocery,1739,3,2025-02-13
7314,P110,Grocery,146,2,2026-04-10
7315,P109,Grocery,341,5,2024-10-18
7316,P100,Clothing,664,1,2026-04-01
7317,P100,Clothing,1567,1,2024-11-07
7318,P101,Electronics,1747,1,2024-05-05
7319,P107,Grocery,1971,2,2025-11-09
7320,P102,Home,370,1,2025-09-08
7321,P111,Home,1232,2,2026-03-11
7322,P101,Electronics,396,1,2026-03-30
7323,P103,Home,1074,5,2025-06-07
7324,P102,Home,711,4,2025-11-10
7325,P114,Clothing,459,2,2024-06-21
7326,P107,Grocery,1210,1,2025-11-09
7327,P107,Grocery,775,2,2024-06-30
7328,P101,Electronics,1839,3,2026-04-03
7329,P107,Grocery,1387,5,2024-10-03
7330,P113,Electronics,807,4,2025-04-03
7331,P111,Home,812,4,2025-05-03
7332,P112,Clothing,596,5,2024-10-31
7333,P104,Grocery,901,4,2025-08-30
7334,P102,Home,1565,5,2025-03-29
7335,P110,Grocery,1646,1,2025-12-24
7336,P111,Home,1284,1,2025-10-17
7337,P111,Home,109,2,2024-04-20
7338,P104,Grocery,1187,2,2024-08-26
7339,P106,Electronics,1504,2,2025-01-01
7340,P106,Electronics,1558,2,2024-10-10
7341,P106,Electronics,1608,4,2026-01-08
7342,P107,Grocery,423,2,2024-07-26
7343,P102,Home,1206,4,2025-04-03
7344,P114,Clothing,830,5,2025-11-29
7345,P102,Home,1451,5,2025-04-02
7346,P109,Grocery,303,4,2024-12-09
7347,P106,Electronics,392,3,2026-03-01
7348,P100,Clothing,1000,3,2024-04-26
7349,P113,Electronics,566,2,2025-05-05
7350,P111,Home,1813,2,2026-03-14
7351,P112,Clothing,1153,4,2024-11-30
7352,P100,Clothing,270,5,2024-07-25
7353,P111,Home,1172,1,2025-01-11
7354,P108,Sports,1096,4,2025-10-17
7355,P108,Sports,312,1,2025-09-02
7356,P107,Grocery,356,2,2025-12-02
7357,P103,Home,1287,1,2024-05-08
7358,P106,Electronics,1684,2,2025-01-27
7359,P106,Electronics,1342,2,2025-10-20
7360,P114,Clothing,1240,1,2024-11-07
7361,P101,Electronics,1492,3,2024-05-07
7362,P104,Grocery,456,3,2024-12-11
7363,P111,Home,1594,2,2024-12-03
7364,P104,Grocery,1282,4,2025-01-13
7365,P112,Clothing,1276,4,2025-02-09
7366,P112,Clothing,1228,2,2025-02-28
7367,P108,Sports,1916,1,2025-10-11
7368,P106,Electronics,938,5,2025-11-25
7369,P105,Grocery,756,4,2025-03-18
7370,P109,Grocery,215,2,2025-03-17
7371,P107,Grocery,906,3,2024-09-04
7372,P107,Grocery,170,2,2024-10-20
7373,P106,Electronics,1281,1,2025-09-22
7374,P111,Home,1850,3,2025-04-25
7375,P102,Home,1566,5,2025-12-18
7376,P110,Grocery,790,3,2025-08-20
7377,P110,Grocery,747,5,2024-06-03
7378,P104,Grocery,1718,4,2024-09-08
7379,P101,Electronics,263,4,2025-12-09
7380,P110,Grocery,1696,5,2026-02-19
7381,P113,Electronics,1165,4,2024-06-24
7382,P101,Electronics,708,4,2025-11-17
7383,P111,Home,1183,2,2025-09-10
7384,P111,Home,593,5,2024-12-04
7385,P114,Clothing,940,5,2024-09-04
7386,P112,Clothing,1497,5,2025-12-09
7387,P109,Grocery,1552,2,2024-06-29
7388,P108,Sports,1085,1,2025-12-17
7389,P103,Home,191,1,2025-10-29
7390,P111,Home,1155,3,2025-03-11
7391,P102,Home,1474,1,2024-12-18
7392,P107,Grocery,1490,2,2026-02-05
7393,P105,Grocery,987,4,2025-01-29
7394,P104,Grocery,1377,4,2025-10-08
7395,P109,Grocery,1189,4,2024-07-01
7396,P102,Home,1665,5,2024-08-21
7397,P104,Grocery,318,4,2024-11-06
7398,P101,Electronics,188,4,2024-10-07
7399,P114,Clothing,914,4,2025-01-11
7400,P105,Grocery,1874,2,2025-06-02
7401,P100,Clothing,527,2,2026-03-04
7402,P102,Home,1149,3,2026-01-02
7403,P101,Electronics,1846,2,2025-05-17
7404,P112,Clothing,1312,4,2024-12-04
7405,P104,Grocery,1759,3,2025-03-31
7406,P113,Electronics,1494,1,2024-06-20
7407,P102,Home,1479,2,2025-10-16
7408,P113,Electronics,1262,4,2024-11-03
7409,P102,Home,1323,3,2026-04-07
7410,P106,Electronics,853,3,2025-08-03
7411,P108,Sports,1981,3,2026-01-07
7412,P111,Home,1475,2,2025-09-03
7413,P101,Electronics,742,4,2025-04-07
7414,P103,Home,1886,2,2025-04-21
7415,P113,Electronics,1695,1,2024-04-25
7416,P104,Grocery,940,2,2024-09-15
7417,P112,Clothing,1301,1,2025-11-30
7418,P111,Home,851,4,2025-08-12
7419,P103,Home,386,4,2025-04-24
7420,P105,Grocery,945,4,2026-01-22
7421,P100,Clothing,1963,2,2026-03-24
7422,P102,Home,1025,5,2025-12-21
7423,P104,Grocery,1060,3,2025-11-18
7424,P102,Home,319,3,2026-01-25
7425,P108,Sports,1615,1,2024-05-13
7426,P102,Home,491,4,2025-08-21
7427,P105,Grocery,1496,2,2025-04-01
7428,P109,Grocery,1318,4,2024-09-15
7429,P112,Clothing,1411,5,2026-02-14
7430,P108,Sports,549,2,2025-06-01
7431,P104,Grocery,1814,1,2025-07-26
7432,P101,Electronics,1048,5,2025-07-28
7433,P106,Electronics,1119,2,2025-12-28
7434,P112,Clothing,1695,4,2024-05-01
7435,P101,Electronics,1865,2,2025-08-09
7436,P111,Home,441,3,2024-06-07
7437,P101,Electronics,1391,2,2024-07-11
7438,P103,Home,535,4,2025-08-06
7439,P105,Grocery,1885,3,2024-07-24
7440,P114,Clothing,205,5,2024-07-28
7441,P106,Electronics,469,2,2026-03-16
7442,P113,Electronics,1161,2,2024-08-09
7443,P110,Grocery,735,5,2024-10-21
7444,P108,Sports,1358,3,2026-01-29
7445,P114,Clothing,994,4,2024-05-26
7446,P100,Clothing,1696,4,2024-11-11
7447,P112,Clothing,1591,2,2025-03-20
7448,P113,Electronics,1447,5,2024-07-08
7449,P110,Grocery,1800,3,2025-08-08
7450,P101,Electronics,1279,3,2024-08-18
7451,P106,Electronics,1907,1,2024-11-16
7452,P101,Electronics,1579,3,2025-02-10
7453,P105,Grocery,1776,5,2026-03-28
7454,P107,Grocery,1461,3,2026-02-05
7455,P108,Sports,778,3,2024-05-18
7456,P106,Electronics,614,5,2024-10-14
7457,P107,Grocery,435,3,2024-05-22
7458,P104,Grocery,470,2,2025-08-11
7459,P110,Grocery,1718,4,2025-03-31
7460,P111,Home,1801,4,2026-02-19
7461,P110,Grocery,820,2,2025-08-28
7462,P103,Home,1239,4,2024-07-27
7463,P107,Grocery,1410,1,2026-02-04
7464,P104,Grocery,1832,5,2025-12-07
7465,P114,Clothing,1283,4,2024-07-08
7466,P102,Home,1057,2,2025-04-24
7467,P107,Grocery,199,1,2025-07-29
7468,P107,Grocery,757,5,2025-04-18
7469,P106,Electronics,1883,3,2024-07-24
7470,P112,Clothing,537,2,2026-04-16
7471,P112,Clothing,1616,2,2025-05-11
7472,P100,Clothing,482,2,2024-07-15
7473,P101,Electronics,583,3,2024-10-30
7474,P106,Electronics,390,4,2024-09-16
7475,P112,Clothing,1389,4,2024-10-02
7476,P110,Grocery,1957,3,2026-02-14
7477,P110,Grocery,1869,5,2024-06-08
7478,P109,Grocery,1381,5,2024-08-14
7479,P113,Electronics,1697,4,2025-05-24
7480,P109,Grocery,1411,3,2025-08-16
7481,P101,Electronics,1881,1,2024-07-22
7482,P103,Home,1692,4,2024-08-30
7483,P109,Grocery,1795,2,2025-02-24
7484,P104,Grocery,121,1,2024-04-18
7485,P110,Grocery,1327,5,2026-04-16
7486,P107,Grocery,1869,1,2025-05-26
7487,P113,Electronics,1935,4,2025-03-15
7488,P112,Clothing,249,3,2026-01-17
7489,P114,Clothing,958,3,2026-01-29
7490,P112,Clothing,1733,3,2026-01-01
7491,P103,Home,1972,2,2025-05-26
7492,P114,Clothing,294,3,2026-01-04
7493,P104,Grocery,180,5,2025-07-25
7494,P103,Home,1536,3,2026-03-05
7495,P100,Clothing,1749,1,2026-04-01
7496,P111,Home,457,3,2026-02-12
7497,P102,Home,1438,1,2025-03-24
7498,P102,Home,1553,2,2024-05-16
7499,P110,Grocery,556,2,2025-11-11
7500,P106,Electronics,1044,4,2024-09-23
7501,P109,Grocery,1579,5,2024-04-22
7502,P102,Home,1718,5,2025-05-18
7503,P109,Grocery,314,2,2025-08-29
7504,P113,Electronics,1940,4,2026-02-12
7505,P108,Sports,1578,1,2025-03-04
7506,P101,Electronics,1510,1,2026-01-14
7507,P114,Clothing,1512,2,2025-04-13
7508,P108,Sports,1460,5,2025-12-04
7509,P109,Grocery,1989,5,2024-08-27
7510,P114,Clothing,1266,1,2025-07-11
7511,P105,Grocery,1728,5,2025-10-06
7512,P101,Electronics,472,3,2024-09-01
7513,P113,Electronics,450,1,2025-02-17
7514,P104,Grocery,1304,2,2024-11-16
7515,P114,Clothing,1441,2,2024-07-03
7516,P108,Sports,195,4,2025-04-28
7517,P103,Home,266,2,2025-03-14
7518,P113,Electronics,419,1,2025-01-03
7519,P100,Clothing,522,1,2024-08-16
7520,P113,Electronics,404,1,2024-08-21
7521,P112,Clothing,482,4,2025-04-28
7522,P106,Electronics,183,2,2026-01-17
7523,P103,Home,1199,4,2024-06-29
7524,P100,Clothing,1532,4,2024-05-20
7525,P102,Home,534,5,2025-10-03
7526,P113,Electronics,862,3,2024-07-14
7527,P100,Clothing,885,2,2025-04-22
7528,P114,Clothing,1881,1,2024-09-07
7529,P104,Grocery,478,3,2024-04-27
7530,P111,Home,1041,1,2025-03-27
7531,P113,Electronics,446,3,2025-01-13
7532,P111,Home,1159,5,2026-03-02
7533,P110,Grocery,1001,3,2026-01-22
7534,P112,Clothing,1119,3,2025-06-16
7535,P112,Clothing,558,4,2025-03-28
7536,P102,Home,133,1,2025-01-26
7537,P103,Home,1253,5,2025-12-09
7538,P108,Sports,1508,2,2024-06-18
7539,P101,Electronics,1096,1,2026-03-25
7540,P104,Grocery,1652,1,2025-07-10
7541,P110,Grocery,572,5,2025-08-17
7542,P105,Grocery,1042,3,2025-09-25
7543,P110,Grocery,1799,3,2025-04-03
7544,P114,Clothing,449,5,2024-12-03
7545,P109,Grocery,1983,5,2025-07-22
7546,P113,Electronics,1522,2,2025-08-01
7547,P109,Grocery,1039,4,2026-03-12
7548,P102,Home,340,5,2026-02-25
7549,P105,Grocery,1774,4,2024-06-02
7550,P111,Home,1116,1,2026-03-10
7551,P111,Home,1390,3,2025-03-21
7552,P114,Clothing,246,5,2025-09-14
7553,P103,Home,1999,5,2025-05-03
7554,P112,Clothing,1550,5,2026-03-25
7555,P113,Electronics,352,2,2024-12-05
7556,P111,Home,480,1,2026-01-21
7557,P104,Grocery,1319,5,2025-09-07
7558,P100,Clothing,588,1,2024-05-27
7559,P104,Grocery,798,4,2025-06-12
7560,P101,Electronics,1541,1,2024-12-28
7561,P110,Grocery,699,3,2025-04-27
7562,P101,Electronics,1802,3,2024-09-24
7563,P106,Electronics,1660,2,2024-07-04
7564,P111,Home,201,5,2024-08-20
7565,P101,Electronics,668,4,2024-10-08
7566,P101,Electronics,1752,4,2024-07-05
7567,P100,Clothing,1443,2,2026-02-25
7568,P113,Electronics,721,5,2026-01-31
7569,P111,Home,1606,1,2025-02-24
7570,P100,Clothing,455,4,2024-10-20
7571,P108,Sports,312,2,2025-08-26
7572,P106,Electronics,754,1,2025-02-21
7573,P113,Electronics,1207,2,2025-12-10
7574,P110,Grocery,670,1,2025-04-11
7575,P100,Clothing,1214,2,2024-10-12
7576,P100,Clothing,852,2,2026-02-09
7577,P113,Electronics,568,3,2025-10-22
7578,P113,Electronics,398,3,2025-10-10
7579,P102,Home,411,1,2025-01-04
7580,P108,Sports,1409,1,2025-02-04
7581,P103,Home,1461,1,2025-02-06
7582,P106,Electronics,750,4,2024-08-02
7583,P109,Grocery,1676,3,2026-02-08
7584,P106,Electronics,1439,5,2025-10-02
7585,P111,Home,1001,4,2024-07-29
7586,P110,Grocery,155,4,2026-02-13
7587,P114,Clothing,816,3,2024-12-25
7588,P111,Home,550,3,2024-10-12
7589,P112,Clothing,1619,2,2024-12-02
7590,P108,Sports,1783,5,2025-06-13
7591,P106,Electronics,950,4,2024-07-22
7592,P109,Grocery,1090,4,2025-10-23
7593,P109,Grocery,1648,1,2025-03-11
7594,P102,Home,659,3,2026-03-23
7595,P101,Electronics,998,5,2024-09-21
7596,P102,Home,258,5,2025-11-08
7597,P105,Grocery,604,5,2024-09-27
7598,P106,Electronics,1975,2,2026-02-15
7599,P114,Clothing,721,2,2026-01-30
7600,P105,Grocery,585,4,2026-02-06
7601,P103,Home,435,2,2026-04-08
7602,P104,Grocery,630,2,2024-10-31
7603,P102,Home,981,4,2026-04-17
7604,P104,Grocery,193,3,2024-09-18
7605,P114,Clothing,851,5,2024-09-04
7606,P102,Home,330,5,2025-04-13
7607,P107,Grocery,1359,3,2025-05-04
7608,P100,Clothing,894,5,2026-01-01
7609,P107,Grocery,1244,1,2025-12-17
7610,P101,Electronics,377,4,2025-02-02
7611,P113,Electronics,1622,2,2025-06-23
7612,P102,Home,1549,4,2025-01-15
7613,P113,Electronics,1688,4,2024-05-12
7614,P106,Electronics,1137,2,2025-10-15
7615,P102,Home,576,4,2024-11-20
7616,P101,Electronics,1356,2,2025-09-19
7617,P106,Electronics,1124,5,2026-01-03
7618,P103,Home,170,1,2025-12-07
7619,P113,Electronics,1095,4,2025-04-05
7620,P105,Grocery,1096,3,2025-04-02
7621,P103,Home,301,4,2024-09-19
7622,P113,Electronics,600,2,2025-06-18
7623,P102,Home,375,1,2024-05-16
7624,P114,Clothing,1255,5,2025-12-08
7625,P105,Grocery,1289,2,2024-05-09
7626,P107,Grocery,1183,1,2025-09-02
7627,P114,Clothing,1168,5,2025-06-14
7628,P114,Clothing,1844,3,2025-10-25
7629,P112,Clothing,1828,5,2024-05-05
7630,P108,Sports,1199,5,2025-09-30
7631,P103,Home,767,2,2025-01-08
7632,P104,Grocery,171,5,2024-09-01
7633,P100,Clothing,1640,1,2024-12-02
7634,P111,Home,801,3,2025-06-01
7635,P114,Clothing,407,3,2024-10-24
7636,P112,Clothing,549,5,2026-01-21
7637,P100,Clothing,1833,2,2024-08-20
7638,P104,Grocery,747,4,2025-06-09
7639,P103,Home,1004,1,2025-02-11
7640,P100,Clothing,390,5,2024-06-10
7641,P103,Home,1186,4,2025-12-09
7642,P101,Electronics,216,2,2025-01-13
7643,P109,Grocery,1507,1,2024-08-19
7644,P101,Electronics,832,3,2024-10-31
7645,P114,Clothing,1575,1,2024-06-02
7646,P100,Clothing,1533,5,2026-01-03
7647,P104,Grocery,1030,1,2025-03-25
7648,P105,Grocery,1475,4,2024-09-03
7649,P113,Electronics,283,3,2025-03-25
7650,P104,Grocery,1312,5,2024-09-08
7651,P112,Clothing,1096,4,2025-12-12
7652,P111,Home,943,3,2025-03-21
7653,P112,Clothing,634,2,2024-05-16
7654,P113,Electronics,762,4,2025-09-09
7655,P114,Clothing,461,5,2025-11-18
7656,P111,Home,1668,3,2024-08-12
7657,P104,Grocery,498,4,2025-10-30
7658,P104,Grocery,1425,1,2025-05-28
7659,P104,Grocery,1177,5,2026-02-23
7660,P106,Electronics,1222,3,2025-03-09
7661,P103,Home,1583,1,2025-06-02
7662,P109,Grocery,1045,2,2025-01-20
7663,P110,Grocery,1643,5,2024-07-15
7664,P113,Electronics,1763,3,2025-09-29
7665,P111,Home,1721,2,2025-11-06
7666,P107,Grocery,288,1,2025-05-22
7667,P114,Clothing,275,3,2024-07-17
7668,P107,Grocery,1097,2,2025-11-04
7669,P110,Grocery,1085,2,2025-01-11
7670,P101,Electronics,971,5,2024-09-15
7671,P109,Grocery,1303,1,2024-11-16
7672,P102,Home,943,2,2024-06-25
7673,P109,Grocery,873,1,2024-05-08
7674,P111,Home,1782,1,2026-04-15
7675,P102,Home,377,3,2025-12-13
7676,P111,Home,751,5,2024-06-14
7677,P104,Grocery,196,3,2025-08-14
7678,P102,Home,104,4,2024-04-22
7679,P106,Electronics,732,5,2026-01-06
7680,P112,Clothing,1608,3,2025-11-11
7681,P108,Sports,1125,1,2026-01-02
7682,P101,Electronics,388,2,2024-09-08
7683,P107,Grocery,941,5,2025-01-27
7684,P113,Electronics,955,3,2024-12-27
7685,P105,Grocery,922,5,2024-05-16
7686,P104,Grocery,577,4,2026-04-08
7687,P101,Electronics,945,1,2024-10-23
7688,P104,Grocery,521,3,2024-11-27
7689,P111,Home,1900,3,2026-04-13
7690,P109,Grocery,1555,3,2026-04-18
7691,P103,Home,1664,2,2024-08-23
7692,P100,Clothing,256,5,2025-05-10
7693,P109,Grocery,1354,5,2024-05-07
7694,P101,Electronics,1188,1,2025-10-17
7695,P109,Grocery,715,1,2025-08-14
7696,P102,Home,741,3,2025-09-27
7697,P109,Grocery,1273,2,2025-05-27
7698,P106,Electronics,1598,5,2025-06-25
7699,P102,Home,1608,1,2024-09-25
7700,P113,Electronics,649,2,2025-01-02
7701,P105,Grocery,1050,5,2025-01-25
7702,P105,Grocery,743,2,2024-08-06
7703,P110,Grocery,607,2,2024-06-25
7704,P109,Grocery,889,4,2024-05-10
7705,P107,Grocery,1145,3,2024-06-24
7706,P112,Clothing,803,1,2024-07-20
7707,P102,Home,730,4,2025-01-17
7708,P106,Electronics,1792,2,2025-02-23
7709,P108,Sports,1702,3,2025-12-11
7710,P106,Electronics,1104,5,2025-08-28
7711,P102,Home,150,3,2024-12-11
7712,P103,Home,693,3,2024-07-12
7713,P100,Clothing,546,3,2026-01-18
7714,P104,Grocery,340,3,2025-12-08
7715,P111,Home,852,4,2025-05-09
7716,P114,Clothing,1240,5,2024-10-17
7717,P111,Home,1191,2,2025-04-16
7718,P105,Grocery,515,1,2024-07-07
7719,P101,Electronics,1121,5,2024-08-31
7720,P109,Grocery,1078,2,2024-06-14
7721,P112,Clothing,896,3,2025-07-11
7722,P108,Sports,1740,2,2024-07-29
7723,P112,Clothing,1021,5,2025-07-08
7724,P106,Electronics,798,1,2025-11-21
7725,P103,Home,508,4,2025-06-12
7726,P106,Electronics,1652,3,2024-07-25
7727,P114,Clothing,592,5,2024-05-08
7728,P104,Grocery,1903,2,2024-10-15
7729,P114,Clothing,1861,1,2024-11-15
7730,P113,Electronics,789,1,2025-08-24
7731,P100,Clothing,1796,1,2025-03-16
7732,P105,Grocery,1196,1,2025-03-20
7733,P100,Clothing,1360,2,2025-02-16
7734,P106,Electronics,175,1,2024-06-21
7735,P101,Electronics,1177,3,2025-09-22
7736,P104,Grocery,113,3,2025-07-15
7737,P111,Home,642,1,2024-08-27
7738,P113,Electronics,176,4,2024-06-09
7739,P106,Electronics,251,3,2026-02-19
7740,P102,Home,1803,5,2024-06-16
7741,P107,Grocery,153,2,2024-07-23
7742,P113,Electronics,819,2,2025-04-05
7743,P105,Grocery,1146,4,2025-08-29
7744,P114,Clothing,1210,4,2025-06-24
7745,P102,Home,1924,5,2026-01-25
7746,P113,Electronics,292,4,2024-05-07
7747,P103,Home,1206,2,2024-12-24
7748,P111,Home,1938,4,2024-11-30
7749,P107,Grocery,1311,5,2026-02-17
7750,P105,Grocery,318,5,2025-02-08
7751,P113,Electronics,345,3,2024-07-21
7752,P113,Electronics,1548,1,2026-03-30
7753,P104,Grocery,1762,1,2026-01-23
7754,P106,Electronics,561,4,2025-11-15
7755,P107,Grocery,1943,2,2024-10-08
7756,P100,Clothing,1511,1,2024-05-23
7757,P109,Grocery,1247,4,2025-05-07
7758,P111,Home,1104,1,2024-11-26
7759,P100,Clothing,917,5,2024-06-04
7760,P114,Clothing,655,5,2024-11-30
7761,P113,Electronics,1673,2,2024-04-19
7762,P103,Home,376,5,2025-09-10
7763,P105,Grocery,1161,4,2026-02-11
7764,P112,Clothing,1087,1,2024-11-22
7765,P110,Grocery,1190,4,2025-02-01
7766,P110,Grocery,1453,4,2025-12-30
7767,P100,Clothing,794,3,2026-02-08
7768,P106,Electronics,425,2,2025-10-06
7769,P110,Grocery,1600,4,2024-05-08
7770,P106,Electronics,250,5,2025-12-18
7771,P102,Home,1136,5,2025-11-20
7772,P101,Electronics,1145,5,2024-11-02
7773,P104,Grocery,1649,2,2025-01-17
7774,P107,Grocery,375,1,2025-03-27
7775,P109,Grocery,1052,5,2025-12-20
7776,P105,Grocery,211,3,2024-06-25
7777,P104,Grocery,222,2,2025-11-05
7778,P110,Grocery,110,5,2024-10-04
7779,P109,Grocery,1839,4,2025-02-20
7780,P113,Electronics,122,3,2024-12-20
7781,P106,Electronics,1290,1,2025-06-25
7782,P102,Home,1632,5,2026-04-02
7783,P106,Electronics,1737,5,2024-08-05
7784,P110,Grocery,1196,3,2024-12-08
7785,P114,Clothing,439,5,2026-03-01
7786,P111,Home,229,2,2024-10-14
7787,P113,Electronics,938,4,2025-03-08
7788,P101,Electronics,1082,2,2026-02-22
7789,P107,Grocery,153,5,2025-11-02
7790,P110,Grocery,217,5,2025-09-23
7791,P112,Clothing,1822,3,2025-02-15
7792,P102,Home,1046,4,2024-11-10
7793,P114,Clothing,1529,5,2026-02-12
7794,P103,Home,1920,3,2024-07-14
7795,P102,Home,829,3,2024-06-11
7796,P100,Clothing,1828,2,2024-11-11
7797,P102,Home,1469,3,2024-07-14
7798,P106,Electronics,1521,3,2026-01-27
7799,P108,Sports,583,4,2024-07-07
7800,P106,Electronics,1332,4,2024-06-26
7801,P110,Grocery,1379,3,2025-08-17
7802,P114,Clothing,1670,2,2025-03-24
7803,P112,Clothing,501,2,2025-09-13
7804,P107,Grocery,1754,2,2024-09-06
7805,P107,Grocery,675,4,2025-03-06
7806,P112,Clothing,1912,2,2024-05-02
7807,P104,Grocery,352,5,2024-11-01
7808,P114,Clothing,708,4,2025-11-29
7809,P100,Clothing,763,3,2025-05-05
7810,P105,Grocery,313,4,2024-07-26
7811,P111,Home,441,3,2024-12-14
7812,P112,Clothing,263,4,2024-10-12
7813,P106,Electronics,1595,1,2024-08-28
7814,P114,Clothing,423,2,2024-07-24
7815,P101,Electronics,1639,3,2024-05-02
7816,P114,Clothing,763,1,2025-09-24
7817,P105,Grocery,1054,2,2024-08-04
7818,P102,Home,1770,1,2024-10-13
7819,P104,Grocery,711,1,2025-09-03
7820,P110,Grocery,456,3,2025-04-03
7821,P110,Grocery,1566,3,2024-05-27
7822,P104,Grocery,352,1,2025-03-04
7823,P114,Clothing,994,2,2024-11-02
7824,P106,Electronics,599,4,2025-09-04
7825,P110,Grocery,1778,5,2025-05-08
7826,P102,Home,561,1,2024-11-20
7827,P109,Grocery,100,4,2026-01-02
7828,P103,Home,248,2,2024-11-04
7829,P114,Clothing,1085,4,2025-11-13
7830,P106,Electronics,1107,4,2024-10-01
7831,P104,Grocery,1210,3,2025-04-21
7832,P110,Grocery,1313,5,2025-05-06
7833,P100,Clothing,221,4,2024-11-02
7834,P111,Home,1294,3,2025-09-30
7835,P102,Home,680,4,2025-01-24
7836,P113,Electronics,1704,2,2026-01-13
7837,P113,Electronics,757,5,2024-07-28
7838,P104,Grocery,1331,3,2025-08-05
7839,P108,Sports,709,1,2025-10-03
7840,P104,Grocery,172,1,2025-02-22
7841,P113,Electronics,356,2,2024-08-05
7842,P109,Grocery,1303,2,2024-12-30
7843,P100,Clothing,212,4,2025-06-06
7844,P112,Clothing,1434,3,2025-06-27
7845,P111,Home,117,2,2024-09-01
7846,P106,Electronics,1512,3,2024-11-22
7847,P108,Sports,1183,3,2024-06-19
7848,P106,Electronics,957,3,2025-10-06
7849,P108,Sports,1968,2,2025-05-22
7850,P105,Grocery,286,5,2024-05-18
7851,P104,Grocery,403,1,2025-07-24
7852,P106,Electronics,1073,1,2025-12-11
7853,P109,Grocery,134,5,2025-12-13
7854,P103,Home,1276,2,2025-11-11
7855,P113,Electronics,1658,2,2025-11-05
7856,P106,Electronics,263,4,2024-12-14
7857,P113,Electronics,948,4,2025-10-25
7858,P102,Home,657,2,2024-05-04
7859,P106,Electronics,1367,3,2026-03-29
7860,P106,Electronics,286,3,2025-08-07
7861,P111,Home,1624,4,2024-11-02
7862,P111,Home,271,2,2025-05-11
7863,P114,Clothing,1827,2,2024-04-27
7864,P110,Grocery,1403,2,2026-03-21
7865,P109,Grocery,1841,5,2026-04-01
7866,P102,Home,433,2,2025-06-06
7867,P105,Grocery,1838,2,2025-08-31
7868,P113,Electronics,385,4,2025-07-15
7869,P105,Grocery,220,3,2025-04-21
7870,P113,Electronics,1820,1,2026-04-03
7871,P102,Home,1696,1,2024-12-05
7872,P113,Electronics,1493,1,2025-04-03
7873,P110,Grocery,1864,3,2025-05-19
7874,P104,Grocery,1974,2,2026-01-26
7875,P105,Grocery,671,2,2025-06-08
7876,P107,Grocery,592,2,2024-08-17
7877,P104,Grocery,711,1,2024-12-10
7878,P110,Grocery,334,1,2024-08-30
7879,P107,Grocery,138,4,2024-04-26
7880,P109,Grocery,466,1,2025-04-01
7881,P113,Electronics,1642,4,2025-01-25
7882,P109,Grocery,1323,1,2025-04-10
7883,P110,Grocery,994,3,2025-04-08
7884,P106,Electronics,876,5,2025-01-10
7885,P108,Sports,1596,4,2026-02-10
7886,P104,Grocery,740,5,2024-08-20
7887,P111,Home,690,4,2025-09-03
7888,P105,Grocery,1039,4,2024-06-15
7889,P106,Electronics,897,5,2025-12-10
7890,P108,Sports,1343,1,2024-11-18
7891,P102,Home,1955,4,2026-01-09
7892,P101,Electronics,1682,1,2024-05-07
7893,P102,Home,264,1,2026-04-16
7894,P102,Home,1951,1,2025-08-04
7895,P112,Clothing,315,5,2025-02-06
7896,P113,Electronics,192,4,2025-12-26
7897,P101,Electronics,357,3,2024-10-13
7898,P109,Grocery,576,1,2025-09-05
7899,P106,Electronics,1537,2,2025-03-20
7900,P106,Electronics,343,5,2025-04-13
7901,P112,Clothing,1949,1,2025-11-12
7902,P111,Home,1640,3,2024-08-26
7903,P102,Home,823,4,2026-02-06
7904,P104,Grocery,376,5,2024-08-26
7905,P104,Grocery,1883,4,2025-02-01
7906,P107,Grocery,524,5,2025-02-21
7907,P108,Sports,311,4,2024-11-29
7908,P109,Grocery,1941,1,2025-04-23
7909,P103,Home,307,1,2024-07-23
7910,P102,Home,990,3,2025-10-22
7911,P101,Electronics,1891,5,2025-12-31
7912,P110,Grocery,131,3,2025-12-09
7913,P107,Grocery,688,3,2025-10-14
7914,P107,Grocery,1183,4,2024-07-23
7915,P100,Clothing,1733,1,2025-03-03
7916,P103,Home,1153,4,2025-04-05
7917,P108,Sports,435,3,2024-09-21
7918,P101,Electronics,119,5,2026-03-16
7919,P100,Clothing,1327,1,2026-01-01
7920,P101,Electronics,1994,1,2026-02-05
7921,P100,Clothing,926,1,2024-10-25
7922,P100,Clothing,1902,3,2025-01-25
7923,P110,Grocery,255,3,2025-11-04
7924,P111,Home,1058,2,2024-09-26
7925,P110,Grocery,963,2,2024-12-21
7926,P114,Clothing,1387,2,2025-08-06
7927,P110,Grocery,621,2,2024-08-13
7928,P103,Home,445,4,2024-10-09
7929,P105,Grocery,1656,4,2024-11-23
7930,P112,Clothing,1246,3,2026-03-30
7931,P109,Grocery,405,2,2024-09-07
7932,P109,Grocery,1996,1,2024-07-17
7933,P105,Grocery,1842,1,2025-06-27
7934,P106,Electronics,324,4,2024-04-29
7935,P101,Electronics,1118,1,2025-04-25
7936,P113,Electronics,1582,1,2024-08-15
7937,P110,Grocery,696,4,2024-12-19
7938,P105,Grocery,1995,4,2025-12-18
7939,P104,Grocery,1883,5,2025-05-31
7940,P106,Electronics,873,4,2025-04-17
7941,P112,Clothing,974,5,2025-09-28
7942,P106,Electronics,290,3,2026-03-09
7943,P114,Clothing,906,2,2024-12-04
7944,P100,Clothing,1782,2,2025-10-16
7945,P109,Grocery,1365,1,2026-02-16
7946,P104,Grocery,1727,2,2026-04-14
7947,P103,Home,306,3,2025-05-06
7948,P105,Grocery,1367,5,2026-01-12
7949,P105,Grocery,1300,3,2024-05-23
7950,P101,Electronics,1075,1,2025-09-26
7951,P102,Home,449,5,2026-01-15
7952,P101,Electronics,333,3,2025-12-29
7953,P102,Home,1694,2,2025-01-31
7954,P107,Grocery,666,3,2025-02-12
7955,P110,Grocery,1460,5,2025-01-09
7956,P109,Grocery,910,2,2024-12-05
7957,P111,Home,106,5,2025-06-01
7958,P100,Clothing,1472,4,2024-06-17
7959,P108,Sports,1740,3,2024-12-27
7960,P111,Home,452,4,2026-02-18
7961,P107,Grocery,1542,2,2025-08-15
7962,P114,Clothing,1860,3,2025-02-15
7963,P108,Sports,1020,4,2026-02-01
7964,P111,Home,1371,2,2026-01-24
7965,P110,Grocery,1177,1,2024-12-30
7966,P112,Clothing,326,4,2025-07-24
7967,P113,Electronics,1833,3,2025-06-22
7968,P107,Grocery,1154,4,2024-08-26
7969,P104,Grocery,1887,1,2025-08-05
7970,P114,Clothing,287,5,2026-03-15
7971,P101,Electronics,316,2,2024-06-22
7972,P112,Clothing,1432,3,2024-08-23
7973,P105,Grocery,732,4,2025-05-06
7974,P100,Clothing,1734,1,2025-09-29
7975,P103,Home,464,1,2026-01-08
7976,P104,Grocery,618,4,2024-10-21
7977,P105,Grocery,928,4,2024-11-01
7978,P100,Clothing,1158,3,2026-03-06
7979,P113,Electronics,1432,4,2025-06-03
7980,P108,Sports,683,3,2025-12-09
7981,P109,Grocery,1825,5,2024-06-26
7982,P106,Electronics,1131,5,2024-11-05
7983,P109,Grocery,1183,3,2024-06-12
7984,P108,Sports,1412,1,2025-08-21
7985,P100,Clothing,892,3,2025-11-08
7986,P103,Home,519,1,2024-11-07
7987,P107,Grocery,285,3,2025-09-21
7988,P112,Clothing,366,1,2024-10-10
7989,P106,Electronics,207,3,2025-02-21
7990,P112,Clothing,1736,2,2025-12-17
7991,P112,Clothing,1137,5,2024-04-19
7992,P101,Electronics,169,2,2026-02-18
7993,P110,Grocery,616,4,2024-09-12
7994,P105,Grocery,1788,2,2024-07-28
7995,P108,Sports,1545,1,2024-05-30
7996,P108,Sports,298,5,2025-05-18
7997,P105,Grocery,1030,2,2025-10-15
7998,P112,Clothing,850,5,2025-06-11
7999,P111,Home,799,2,2026-04-12
8000,P105,Grocery,1101,1,2025-07-18
8001,P111,Home,1276,1,2025-09-19
8002,P108,Sports,1376,2,2025-05-03
8003,P103,Home,1924,4,2024-12-19
8004,P112,Clothing,750,1,2025-10-09
8005,P112,Clothing,1396,5,2024-10-12
8006,P102,Home,405,1,2025-09-02
8007,P105,Grocery,542,2,2025-03-04
8008,P102,Home,1563,5,2024-04-24
8009,P102,Home,407,5,2025-11-12
8010,P105,Grocery,324,3,2024-08-15
8011,P111,Home,804,1,2024-10-27
8012,P101,Electronics,793,1,2026-02-06
8013,P110,Grocery,1949,3,2025-09-20
8014,P104,Grocery,1033,5,2024-07-22
8015,P111,Home,1009,3,2024-09-25
8016,P102,Home,320,1,2025-06-03
8017,P109,Grocery,1556,4,2024-07-30
8018,P107,Grocery,287,5,2025-02-18
8019,P113,Electronics,1371,2,2024-11-01
8020,P107,Grocery,1553,5,2025-12-18
8021,P114,Clothing,966,3,2025-12-30
8022,P103,Home,142,4,2024-10-25
8023,P109,Grocery,1663,3,2025-04-27
8024,P103,Home,126,3,2025-03-19
8025,P109,Grocery,843,5,2025-02-04
8026,P101,Electronics,1105,1,2024-09-26
8027,P110,Grocery,1759,3,2025-03-22
8028,P105,Grocery,991,1,2025-10-29
8029,P100,Clothing,564,5,2024-05-29
8030,P107,Grocery,979,2,2024-12-09
8031,P103,Home,422,3,2024-08-16
8032,P112,Clothing,373,5,2024-11-04
8033,P107,Grocery,1952,5,2025-01-14
8034,P100,Clothing,348,3,2026-03-13
8035,P105,Grocery,393,1,2025-09-04
8036,P105,Grocery,527,3,2024-07-07
8037,P110,Grocery,1849,3,2025-09-24
8038,P100,Clothing,487,4,2025-12-01
8039,P103,Home,500,4,2025-03-13
8040,P104,Grocery,1724,4,2025-06-26
8041,P101,Electronics,1637,5,2024-12-13
8042,P110,Grocery,1167,1,2025-09-11
8043,P109,Grocery,167,5,2026-02-14
8044,P109,Grocery,596,4,2024-10-28
8045,P109,Grocery,208,5,2024-08-22
8046,P111,Home,1454,3,2024-05-30
8047,P107,Grocery,256,3,2025-04-10
8048,P105,Grocery,687,3,2024-08-23
8049,P108,Sports,449,5,2025-08-21
8050,P111,Home,1769,4,2026-02-04
8051,P105,Grocery,1806,2,2025-01-27
8052,P100,Clothing,774,3,2025-10-05
8053,P104,Grocery,523,3,2024-05-03
8054,P106,Electronics,364,4,2025-05-17
8055,P111,Home,1178,4,2026-03-21
8056,P108,Sports,1030,1,2025-12-24
8057,P103,Home,1921,2,2026-04-13
8058,P100,Clothing,1129,2,2025-01-29
8059,P100,Clothing,1828,2,2026-01-25
8060,P112,Clothing,119,2,2025-08-30
8061,P109,Grocery,611,4,2025-05-08
8062,P104,Grocery,803,1,2024-11-12
8063,P100,Clothing,1232,5,2025-01-08
8064,P104,Grocery,150,1,2025-01-26
8065,P104,Grocery,143,4,2026-01-19
8066,P108,Sports,1992,4,2024-05-16
8067,P108,Sports,1051,3,2026-01-27
8068,P103,Home,1019,2,2025-05-31
8069,P111,Home,1305,1,2025-08-08
8070,P112,Clothing,1700,5,2025-11-14
8071,P106,Electronics,869,2,2026-02-22
8072,P105,Grocery,1013,1,2025-06-07
8073,P106,Electronics,1248,5,2025-03-12
8074,P114,Clothing,260,3,2024-06-16
8075,P111,Home,1099,3,2025-08-21
8076,P105,Grocery,1409,4,2025-02-17
8077,P106,Electronics,1857,2,2024-12-06
8078,P104,Grocery,823,2,2025-03-07
8079,P105,Grocery,1062,2,2025-07-02
8080,P101,Electronics,748,5,2025-07-30
8081,P110,Grocery,657,4,2024-11-25
8082,P113,Electronics,358,1,2024-08-26
8083,P100,Clothing,444,3,2026-01-03
8084,P106,Electronics,1619,4,2025-09-26
8085,P114,Clothing,1049,3,2024-04-26
8086,P104,Grocery,834,2,2024-10-23
8087,P110,Grocery,1245,3,2024-10-05
8088,P114,Clothing,1522,5,2024-05-15
8089,P105,Grocery,1276,3,2025-03-06
8090,P111,Home,929,2,2025-12-09
8091,P114,Clothing,290,1,2024-10-02
8092,P112,Clothing,785,4,2024-12-30
8093,P101,Electronics,1704,3,2026-02-14
8094,P100,Clothing,100,5,2025-06-13
8095,P113,Electronics,415,3,2026-04-06
8096,P105,Grocery,1395,3,2025-08-12
8097,P102,Home,1275,1,2024-05-17
8098,P109,Grocery,738,5,2025-04-18
8099,P108,Sports,1791,5,2024-07-09
8100,P102,Home,351,4,2024-09-22
8101,P111,Home,752,3,2025-10-11
8102,P102,Home,964,4,2025-12-06
8103,P104,Grocery,1716,1,2025-06-03
8104,P101,Electronics,839,1,2024-07-08
8105,P108,Sports,804,2,2024-12-26
8106,P114,Clothing,1911,1,2025-07-10
8107,P107,Grocery,687,4,2025-09-16
8108,P109,Grocery,1478,4,2025-02-25
8109,P103,Home,1329,5,2025-10-03
8110,P111,Home,298,2,2025-02-15
8111,P113,Electronics,339,4,2024-07-08
8112,P103,Home,1268,4,2025-02-08
8113,P102,Home,1774,5,2024-08-07
8114,P111,Home,324,3,2025-05-27
8115,P106,Electronics,1769,3,2025-01-10
8116,P101,Electronics,1768,5,2024-06-11
8117,P102,Home,1800,3,2024-06-28
8118,P106,Electronics,1153,2,2024-09-04
8119,P113,Electronics,1130,4,2024-12-12
8120,P107,Grocery,1069,2,2025-02-11
8121,P114,Clothing,1138,3,2026-02-22
8122,P102,Home,323,5,2025-10-07
8123,P105,Grocery,339,2,2025-09-21
8124,P110,Grocery,1994,1,2025-07-04
8125,P104,Grocery,248,4,2025-02-20
8126,P111,Home,509,4,2024-08-04
8127,P104,Grocery,798,4,2024-10-27
8128,P111,Home,272,5,2024-08-15
8129,P113,Electronics,704,4,2024-11-24
8130,P103,Home,1732,1,2024-08-15
8131,P112,Clothing,1539,3,2025-06-26
8132,P110,Grocery,324,2,2024-08-30
8133,P111,Home,667,2,2025-11-07
8134,P110,Grocery,772,1,2025-08-18
8135,P101,Electronics,1150,1,2024-08-10
8136,P100,Clothing,1045,5,2025-03-08
8137,P106,Electronics,1226,2,2025-03-13
8138,P108,Sports,412,2,2025-08-10
8139,P100,Clothing,1709,4,2025-01-31
8140,P104,Grocery,735,5,2025-03-21
8141,P100,Clothing,1950,2,2025-05-07
8142,P107,Grocery,1086,5,2026-01-18
8143,P107,Grocery,1841,2,2024-08-15
8144,P109,Grocery,1203,5,2025-10-04
8145,P104,Grocery,106,3,2026-02-03
8146,P100,Clothing,486,2,2025-04-24
8147,P111,Home,1600,1,2024-05-11
8148,P114,Clothing,1454,5,2026-03-01
8149,P109,Grocery,1355,5,2025-05-29
8150,P112,Clothing,121,5,2025-06-14
8151,P102,Home,403,1,2024-11-29
8152,P108,Sports,483,3,2025-02-10
8153,P111,Home,1630,3,2025-05-06
8154,P111,Home,151,1,2024-05-17
8155,P105,Grocery,1608,2,2025-12-13
8156,P109,Grocery,453,1,2024-09-28
8157,P109,Grocery,1240,5,2025-05-22
8158,P105,Grocery,1019,1,2025-05-20
8159,P111,Home,877,5,2025-04-17
8160,P102,Home,1544,3,2025-07-13
8161,P106,Electronics,1611,3,2025-12-06
8162,P106,Electronics,811,1,2026-03-30
8163,P109,Grocery,1887,1,2024-08-06
8164,P106,Electronics,249,4,2024-05-25
8165,P104,Grocery,1865,2,2026-01-02
8166,P103,Home,1895,3,2025-10-20
8167,P114,Clothing,1759,3,2025-05-16
8168,P108,Sports,1772,5,2024-12-22
8169,P112,Clothing,276,4,2024-04-28
8170,P110,Grocery,1496,2,2025-01-25
8171,P114,Clothing,1607,2,2025-12-20
8172,P101,Electronics,866,3,2025-06-19
8173,P112,Clothing,1829,3,2024-08-15
8174,P109,Grocery,252,4,2025-04-13
8175,P114,Clothing,1107,5,2025-03-08
8176,P101,Electronics,1442,2,2025-10-14
8177,P103,Home,1326,1,2025-10-01
8178,P114,Clothing,1665,3,2024-11-30
8179,P100,Clothing,1595,1,2025-01-23
8180,P107,Grocery,834,2,2025-03-16
8181,P107,Grocery,199,3,2025-11-22
8182,P111,Home,1974,4,2026-02-07
8183,P103,Home,1345,2,2026-03-13
8184,P107,Grocery,444,3,2025-03-24
8185,P114,Clothing,171,1,2024-07-12
8186,P108,Sports,631,5,2025-07-20
8187,P107,Grocery,496,4,2025-11-14
8188,P110,Grocery,180,5,2026-02-14
8189,P114,Clothing,1660,2,2026-04-06
8190,P104,Grocery,631,2,2024-08-15
8191,P113,Electronics,1203,5,2025-08-24
8192,P103,Home,1640,4,2025-11-13
8193,P111,Home,1897,1,2026-03-21
8194,P114,Clothing,129,2,2024-07-05
8195,P110,Grocery,1587,5,2025-07-17
8196,P108,Sports,690,1,2025-11-04
8197,P113,Electronics,1615,1,2025-07-19
8198,P105,Grocery,1328,3,2025-07-28
8199,P103,Home,1911,5,2025-05-15
8200,P105,Grocery,1404,1,2025-10-19
8201,P108,Sports,1133,5,2024-05-05
8202,P114,Clothing,1904,4,2024-11-30
8203,P111,Home,1532,2,2024-10-13
8204,P104,Grocery,1121,1,2026-04-18
8205,P106,Electronics,1465,5,2024-08-28
8206,P114,Clothing,812,5,2025-09-16
8207,P111,Home,269,5,2024-09-28
8208,P100,Clothing,666,3,2025-07-05
8209,P113,Electronics,893,1,2026-02-23
8210,P112,Clothing,1040,1,2025-06-07
8211,P104,Grocery,1364,1,2024-06-24
8212,P113,Electronics,1874,4,2025-11-23
8213,P111,Home,1287,1,2025-04-15
8214,P103,Home,275,1,2026-02-20
8215,P113,Electronics,137,2,2026-01-25
8216,P111,Home,634,3,2024-09-11
8217,P102,Home,155,1,2024-08-14
8218,P111,Home,156,4,2024-10-24
8219,P105,Grocery,746,5,2025-11-18
8220,P107,Grocery,132,5,2026-03-25
8221,P111,Home,1956,1,2025-08-16
8222,P103,Home,1610,4,2025-04-14
8223,P112,Clothing,471,4,2025-11-17
8224,P109,Grocery,222,5,2024-09-21
8225,P103,Home,1480,1,2025-09-28
8226,P114,Clothing,151,2,2025-02-26
8227,P111,Home,1124,4,2026-01-21
8228,P112,Clothing,1649,5,2025-08-30
8229,P100,Clothing,1398,4,2025-12-14
8230,P114,Clothing,1026,2,2026-02-12
8231,P101,Electronics,1632,1,2024-07-10
8232,P112,Clothing,1622,4,2025-01-04
8233,P105,Grocery,810,2,2025-10-04
8234,P101,Electronics,1704,3,2025-02-11
8235,P101,Electronics,604,3,2026-01-19
8236,P104,Grocery,1515,4,2024-09-05
8237,P114,Clothing,1188,2,2025-02-03
8238,P113,Electronics,617,5,2024-09-29
8239,P110,Grocery,1683,2,2025-03-31
8240,P107,Grocery,464,3,2025-04-02
8241,P105,Grocery,345,4,2024-12-30
8242,P104,Grocery,1411,3,2025-02-08
8243,P102,Home,1488,4,2025-04-11
8244,P102,Home,1817,3,2025-08-20
8245,P102,Home,1016,4,2024-05-19
8246,P102,Home,1244,5,2024-12-08
8247,P106,Electronics,799,5,2024-10-12
8248,P104,Grocery,259,1,2024-08-26
8249,P104,Grocery,402,1,2025-04-29
8250,P111,Home,1321,5,2026-01-10
8251,P103,Home,975,2,2024-05-16
8252,P102,Home,1730,3,2026-04-10
8253,P106,Electronics,1742,4,2024-10-31
8254,P108,Sports,759,5,2026-01-30
8255,P114,Clothing,376,1,2025-07-17
8256,P100,Clothing,313,2,2025-03-12
8257,P105,Grocery,1340,2,2025-10-31
8258,P102,Home,1140,3,2025-08-19
8259,P112,Clothing,1253,5,2024-11-20
8260,P103,Home,1547,5,2024-07-21
8261,P109,Grocery,1444,1,2025-01-29
8262,P109,Grocery,343,3,2024-07-28
8263,P101,Electronics,527,2,2026-02-19
8264,P103,Home,1250,2,2025-08-08
8265,P107,Grocery,1339,4,2024-07-05
8266,P107,Grocery,751,1,2024-10-01
8267,P104,Grocery,1879,1,2025-05-04
8268,P112,Clothing,1439,5,2025-09-05
8269,P109,Grocery,1702,1,2024-09-20
8270,P108,Sports,507,5,2025-02-20
8271,P112,Clothing,892,4,2024-05-14
8272,P109,Grocery,392,3,2025-06-26
8273,P100,Clothing,911,2,2024-09-18
8274,P105,Grocery,1239,3,2024-05-15
8275,P102,Home,930,4,2024-09-04
8276,P101,Electronics,1771,1,2024-12-09
8277,P112,Clothing,1107,1,2025-12-08
8278,P104,Grocery,1837,5,2024-07-19
8279,P106,Electronics,1251,5,2025-10-29
8280,P113,Electronics,478,4,2024-10-21
8281,P112,Clothing,1138,3,2025-10-15
8282,P113,Electronics,803,1,2024-08-05
8283,P105,Grocery,245,3,2025-03-03
8284,P105,Grocery,1203,3,2025-07-31
8285,P114,Clothing,632,3,2024-10-21
8286,P107,Grocery,249,3,2025-12-08
8287,P111,Home,1892,5,2024-06-09
8288,P104,Grocery,1748,5,2025-09-03
8289,P113,Electronics,120,2,2025-01-10
8290,P111,Home,702,1,2024-06-29
8291,P105,Grocery,675,1,2024-06-15
8292,P100,Clothing,385,3,2024-05-01
8293,P110,Grocery,111,5,2024-08-27
8294,P101,Electronics,1506,4,2025-06-22
8295,P109,Grocery,1905,5,2024-08-29
8296,P112,Clothing,1503,1,2024-08-31
8297,P108,Sports,756,1,2026-02-22
8298,P105,Grocery,564,5,2025-05-29
8299,P102,Home,1311,1,2024-09-11
8300,P111,Home,1970,5,2025-12-14
8301,P103,Home,1412,1,2025-11-26
8302,P107,Grocery,700,2,2025-02-14
8303,P113,Electronics,197,3,2025-05-10
8304,P105,Grocery,480,4,2024-12-24
8305,P107,Grocery,1657,4,2025-10-18
8306,P100,Clothing,1162,2,2024-11-13
8307,P101,Electronics,1238,5,2025-10-20
8308,P108,Sports,1673,2,2025-12-12
8309,P103,Home,676,5,2026-02-13
8310,P105,Grocery,1864,2,2025-10-16
8311,P104,Grocery,1879,2,2026-03-03
8312,P108,Sports,1566,4,2024-08-04
8313,P103,Home,718,5,2024-10-26
8314,P112,Clothing,726,1,2024-07-07
8315,P106,Electronics,785,3,2025-03-21
8316,P106,Electronics,575,1,2024-12-10
8317,P107,Grocery,612,4,2024-06-08
8318,P113,Electronics,971,3,2025-02-01
8319,P100,Clothing,1214,3,2025-12-27
8320,P104,Grocery,1154,3,2026-02-22
8321,P107,Grocery,1873,5,2025-06-23
8322,P107,Grocery,1447,4,2026-03-20
8323,P102,Home,1506,3,2024-09-21
8324,P114,Clothing,1612,3,2024-05-14
8325,P112,Clothing,1022,5,2024-09-19
8326,P114,Clothing,1136,1,2026-01-14
8327,P101,Electronics,1827,5,2025-01-29
8328,P110,Grocery,1794,4,2024-09-03
8329,P100,Clothing,1488,2,2025-04-18
8330,P108,Sports,600,2,2025-05-18
8331,P109,Grocery,1714,3,2025-12-29
8332,P101,Electronics,1544,2,2025-02-11
8333,P109,Grocery,354,2,2026-01-31
8334,P114,Clothing,1841,5,2024-12-24
8335,P100,Clothing,1309,4,2024-09-01
8336,P102,Home,1697,5,2024-10-10
8337,P107,Grocery,1631,3,2026-01-08
8338,P110,Grocery,307,2,2026-04-06
8339,P104,Grocery,1447,5,2025-12-11
8340,P109,Grocery,922,3,2025-07-29
8341,P104,Grocery,1591,5,2024-07-28
8342,P103,Home,1052,4,2024-04-21
8343,P105,Grocery,861,1,2025-08-07
8344,P104,Grocery,890,2,2026-03-22
8345,P109,Grocery,1948,1,2025-02-19
8346,P109,Grocery,1867,5,2025-09-26
8347,P114,Clothing,1957,1,2025-03-26
8348,P113,Electronics,1885,4,2024-05-23
8349,P105,Grocery,1763,5,2026-04-03
8350,P114,Clothing,1606,1,2024-12-16
8351,P112,Clothing,648,2,2025-08-14
8352,P101,Electronics,1748,1,2025-10-18
8353,P112,Clothing,214,5,2024-08-16
8354,P105,Grocery,1199,4,2024-08-30
8355,P113,Electronics,513,4,2025-06-13
8356,P114,Clothing,458,2,2024-07-27
8357,P111,Home,1176,5,2025-03-16
8358,P100,Clothing,144,1,2024-08-07
8359,P112,Clothing,1607,1,2025-04-17
8360,P111,Home,723,2,2025-01-28
8361,P108,Sports,635,4,2024-05-13
8362,P101,Electronics,1078,2,2025-02-03
8363,P102,Home,749,5,2024-08-17
8364,P100,Clothing,1823,3,2025-02-13
8365,P114,Clothing,1827,5,2025-04-05
8366,P107,Grocery,985,1,2024-07-27
8367,P110,Grocery,791,2,2024-11-22
8368,P113,Electronics,131,1,2026-01-14
8369,P112,Clothing,295,4,2025-07-06
8370,P107,Grocery,512,5,2024-05-23
8371,P105,Grocery,1844,1,2024-06-03
8372,P103,Home,863,5,2026-02-14
8373,P103,Home,796,4,2025-11-02
8374,P112,Clothing,837,5,2025-08-20
8375,P104,Grocery,1732,5,2026-02-26
8376,P105,Grocery,799,4,2025-08-12
8377,P101,Electronics,1466,1,2024-11-30
8378,P100,Clothing,1013,2,2025-01-19
8379,P105,Grocery,707,4,2025-11-28
8380,P113,Electronics,231,1,2025-06-13
8381,P108,Sports,143,4,2025-08-16
8382,P111,Home,248,3,2025-06-15
8383,P102,Home,1210,4,2026-03-17
8384,P106,Electronics,1378,4,2025-07-10
8385,P110,Grocery,1236,1,2025-11-17
8386,P112,Clothing,971,4,2025-05-15
8387,P113,Electronics,1681,5,2025-07-31
8388,P106,Electronics,191,5,2025-09-06
8389,P114,Clothing,1370,4,2025-11-28
8390,P105,Grocery,1263,3,2024-05-05
8391,P100,Clothing,154,3,2025-12-20
8392,P112,Clothing,308,3,2025-10-23
8393,P107,Grocery,608,5,2024-06-05
8394,P103,Home,343,4,2025-09-12
8395,P105,Grocery,1063,3,2025-05-06
8396,P112,Clothing,1884,2,2026-01-29
8397,P110,Grocery,1233,1,2024-06-27
8398,P107,Grocery,925,2,2025-10-08
8399,P103,Home,237,3,2025-04-17
8400,P111,Home,344,2,2026-02-26
8401,P104,Grocery,1607,2,2025-12-31
8402,P101,Electronics,767,1,2025-01-23
8403,P102,Home,1023,1,2024-07-29
8404,P100,Clothing,715,2,2025-02-25
8405,P102,Home,102,2,2025-01-16
8406,P107,Grocery,806,1,2024-08-02
8407,P111,Home,1586,5,2024-10-30
8408,P106,Electronics,784,4,2025-11-24
8409,P110,Grocery,1185,4,2024-09-16
8410,P103,Home,1628,5,2024-11-29
8411,P103,Home,1025,2,2024-11-17
8412,P108,Sports,1101,5,2025-08-23
8413,P108,Sports,268,3,2025-12-04
8414,P103,Home,953,4,2025-07-01
8415,P107,Grocery,1965,1,2025-04-02
8416,P105,Grocery,370,2,2024-12-21
8417,P109,Grocery,1698,3,2025-04-06
8418,P105,Grocery,1212,3,2026-04-02
8419,P106,Electronics,1247,5,2025-03-31
8420,P100,Clothing,1365,1,2024-08-15
8421,P100,Clothing,128,2,2025-12-25
8422,P113,Electronics,162,4,2026-02-28
8423,P111,Home,927,1,2026-04-08
8424,P106,Electronics,1977,3,2025-12-05
8425,P108,Sports,1169,3,2025-11-22
8426,P110,Grocery,716,1,2024-11-13
8427,P101,Electronics,1159,5,2025-12-19
8428,P103,Home,614,5,2025-01-28
8429,P109,Grocery,1300,2,2024-07-18
8430,P106,Electronics,1412,4,2024-09-23
8431,P106,Electronics,1438,5,2025-12-25
8432,P112,Clothing,1003,4,2024-08-08
8433,P101,Electronics,1784,1,2025-03-04
8434,P108,Sports,232,2,2025-01-31
8435,P109,Grocery,1664,2,2024-11-30
8436,P102,Home,190,5,2025-02-04
8437,P102,Home,1290,5,2025-08-16
8438,P108,Sports,604,1,2025-03-23
8439,P108,Sports,122,4,2025-05-12
8440,P113,Electronics,1643,1,2024-06-22
8441,P108,Sports,455,2,2025-04-15
8442,P101,Electronics,891,2,2026-02-03
8443,P107,Grocery,1836,4,2025-10-03
8444,P113,Electronics,749,3,2024-06-18
8445,P101,Electronics,634,2,2025-05-24
8446,P110,Grocery,958,3,2025-04-05
8447,P110,Grocery,1326,5,2025-10-20
8448,P101,Electronics,172,4,2024-11-11
8449,P113,Electronics,1863,3,2024-06-10
8450,P113,Electronics,1425,4,2024-08-25
8451,P102,Home,1006,3,2026-03-08
8452,P114,Clothing,299,2,2024-06-17
8453,P105,Grocery,1078,4,2025-03-23
8454,P106,Electronics,1723,5,2024-08-03
8455,P100,Clothing,1944,1,2024-10-13
8456,P107,Grocery,1782,3,2024-05-31
8457,P109,Grocery,1375,5,2024-12-24
8458,P102,Home,1071,5,2025-06-22
8459,P113,Electronics,1241,3,2026-02-28
8460,P113,Electronics,809,5,2025-11-11
8461,P111,Home,1018,4,2024-09-07
8462,P111,Home,198,5,2024-06-13
8463,P101,Electronics,573,1,2025-12-12
8464,P100,Clothing,1032,5,2024-06-23
8465,P100,Clothing,233,1,2024-11-09
8466,P113,Electronics,1130,3,2024-05-19
8467,P103,Home,395,5,2025-04-09
8468,P106,Electronics,332,2,2026-03-22
8469,P102,Home,1510,4,2025-09-07
8470,P108,Sports,1939,4,2026-02-21
8471,P102,Home,1061,4,2026-04-01
8472,P109,Grocery,525,2,2025-05-19
8473,P102,Home,278,4,2025-10-23
8474,P105,Grocery,1783,4,2024-12-22
8475,P106,Electronics,117,1,2025-12-21
8476,P114,Clothing,782,5,2024-07-10
8477,P101,Electronics,445,3,2024-08-16
8478,P108,Sports,1667,4,2025-12-11
8479,P105,Grocery,1651,3,2024-05-03
8480,P105,Grocery,1467,4,2025-09-23
8481,P111,Home,1581,3,2026-03-27
8482,P110,Grocery,1867,3,2024-08-30
8483,P104,Grocery,936,5,2024-08-06
8484,P107,Grocery,596,5,2025-09-22
8485,P110,Grocery,136,2,2025-09-01
8486,P106,Electronics,381,4,2024-07-03
8487,P111,Home,842,5,2025-03-18
8488,P104,Grocery,789,4,2025-08-15
8489,P106,Electronics,1818,5,2025-10-12
8490,P106,Electronics,1806,4,2024-04-23
8491,P102,Home,1417,1,2025-05-22
8492,P110,Grocery,1710,1,2024-11-10
8493,P107,Grocery,769,5,2025-06-03
8494,P103,Home,1222,5,2024-12-13
8495,P108,Sports,1793,1,2025-02-09
8496,P109,Grocery,1425,5,2024-07-17
8497,P112,Clothing,1513,5,2024-08-01
8498,P111,Home,1311,2,2024-06-23
8499,P104,Grocery,954,2,2025-07-12
8500,P114,Clothing,225,4,2025-05-28
8501,P106,Electronics,348,2,2025-03-23
8502,P112,Clothing,989,2,2024-07-15
8503,P106,Electronics,1764,4,2025-09-26
8504,P114,Clothing,931,4,2025-06-27
8505,P103,Home,1349,5,2026-03-02
8506,P110,Grocery,558,4,2025-04-06
8507,P104,Grocery,1022,3,2025-06-19
8508,P106,Electronics,637,3,2024-09-17
8509,P112,Clothing,606,2,2026-01-22
8510,P111,Home,1198,4,2025-01-06
8511,P108,Sports,1564,5,2025-06-30
8512,P105,Grocery,1869,1,2025-02-22
8513,P109,Grocery,148,4,2024-05-21
8514,P100,Clothing,702,1,2024-11-07
8515,P101,Electronics,1587,3,2025-06-16
8516,P100,Clothing,1644,4,2024-09-21
8517,P102,Home,1498,5,2024-07-26
8518,P100,Clothing,1830,2,2025-11-02
8519,P101,Electronics,163,3,2025-03-02
8520,P103,Home,1226,3,2024-12-19
8521,P100,Clothing,1080,4,2024-06-14
8522,P111,Home,1942,3,2025-01-30
8523,P106,Electronics,1130,1,2025-09-13
8524,P103,Home,1393,3,2025-06-27
8525,P100,Clothing,808,3,2025-12-14
8526,P106,Electronics,845,3,2025-10-31
8527,P102,Home,708,3,2024-09-13
8528,P100,Clothing,873,5,2025-12-08
8529,P109,Grocery,399,2,2025-12-21
8530,P112,Clothing,914,1,2024-09-09
8531,P110,Grocery,213,1,2024-09-17
8532,P105,Grocery,1870,5,2026-03-14
8533,P108,Sports,1597,4,2025-05-28
8534,P111,Home,1764,1,2026-03-28
8535,P109,Grocery,601,2,2025-12-13
8536,P111,Home,324,3,2025-06-15
8537,P109,Grocery,828,3,2025-09-11
8538,P109,Grocery,375,4,2025-05-27
8539,P114,Clothing,375,5,2024-07-03
8540,P101,Electronics,230,2,2025-11-20
8541,P104,Grocery,100,5,2025-08-17
8542,P101,Electronics,1068,3,2025-11-10
8543,P113,Electronics,1072,1,2025-03-07
8544,P110,Grocery,793,2,2024-05-19
8545,P108,Sports,562,2,2025-02-20
8546,P108,Sports,773,4,2025-05-22
8547,P113,Electronics,152,4,2025-05-07
8548,P111,Home,1479,3,2025-10-29
8549,P109,Grocery,470,4,2024-04-26
8550,P106,Electronics,833,2,2025-11-27
8551,P103,Home,837,3,2026-02-18
8552,P108,Sports,807,2,2025-11-22
8553,P114,Clothing,703,1,2025-02-04
8554,P111,Home,1458,5,2025-07-01
8555,P109,Grocery,599,3,2024-12-26
8556,P102,Home,1431,1,2025-11-28
8557,P100,Clothing,378,1,2024-11-06
8558,P103,Home,1946,2,2024-08-07
8559,P110,Grocery,654,1,2026-01-10
8560,P107,Grocery,1507,2,2025-12-06
8561,P104,Grocery,509,3,2025-09-07
8562,P101,Electronics,1687,1,2024-09-07
8563,P109,Grocery,440,2,2024-07-22
8564,P104,Grocery,1449,4,2024-06-20
8565,P110,Grocery,1675,3,2024-07-19
8566,P109,Grocery,579,4,2026-01-14
8567,P110,Grocery,155,3,2025-05-16
8568,P113,Electronics,1291,4,2025-07-09
8569,P103,Home,1902,5,2025-09-30
8570,P101,Electronics,1018,4,2024-06-17
8571,P108,Sports,1034,4,2025-01-12
8572,P113,Electronics,1456,1,2025-03-24
8573,P113,Electronics,1819,4,2025-05-05
8574,P112,Clothing,1891,1,2025-12-11
8575,P103,Home,734,1,2025-12-28
8576,P103,Home,1235,1,2025-01-20
8577,P110,Grocery,223,4,2026-01-02
8578,P100,Clothing,1891,5,2025-02-02
8579,P110,Grocery,993,2,2026-03-23
8580,P111,Home,994,1,2024-07-22
8581,P109,Grocery,991,4,2024-10-05
8582,P103,Home,1971,2,2024-08-10
8583,P110,Grocery,339,4,2024-08-12
8584,P103,Home,987,5,2025-06-11
8585,P114,Clothing,1077,3,2025-12-08
8586,P104,Grocery,1767,4,2025-09-14
8587,P108,Sports,312,2,2024-04-22
8588,P109,Grocery,1196,4,2025-09-23
8589,P105,Grocery,1421,4,2025-02-09
8590,P101,Electronics,1241,5,2025-12-20
8591,P114,Clothing,708,3,2025-03-05
8592,P102,Home,212,3,2025-12-23
8593,P111,Home,1348,3,2024-10-20
8594,P100,Clothing,1977,3,2026-03-28
8595,P108,Sports,372,2,2025-09-07
8596,P111,Home,634,3,2025-09-03
8597,P112,Clothing,410,3,2024-06-30
8598,P109,Grocery,657,3,2026-02-21
8599,P113,Electronics,224,4,2025-09-03
8600,P114,Clothing,1879,3,2025-05-18
8601,P100,Clothing,525,5,2024-10-16
8602,P101,Electronics,806,1,2024-12-01
8603,P107,Grocery,455,4,2024-10-27
8604,P105,Grocery,517,5,2025-12-04
8605,P103,Home,221,4,2025-03-27
8606,P104,Grocery,1290,5,2026-02-24
8607,P108,Sports,1477,3,2024-11-08
8608,P103,Home,1830,1,2024-12-09
8609,P104,Grocery,193,4,2024-09-09
8610,P106,Electronics,1881,1,2026-01-16
8611,P106,Electronics,1079,3,2025-06-23
8612,P101,Electronics,1860,4,2024-06-18
8613,P106,Electronics,1866,4,2026-03-28
8614,P114,Clothing,889,2,2024-09-14
8615,P114,Clothing,1264,4,2025-09-07
8616,P109,Grocery,1645,4,2025-07-22
8617,P106,Electronics,1799,1,2024-09-20
8618,P113,Electronics,1904,2,2025-09-08
8619,P101,Electronics,254,5,2024-06-19
8620,P111,Home,220,3,2024-06-15
8621,P108,Sports,1114,2,2025-01-10
8622,P104,Grocery,1640,2,2024-07-30
8623,P107,Grocery,1949,4,2025-06-29
8624,P100,Clothing,896,4,2024-10-04
8625,P112,Clothing,679,1,2024-08-01
8626,P106,Electronics,279,5,2025-09-15
8627,P103,Home,1505,4,2025-08-30
8628,P110,Grocery,543,4,2025-06-16
8629,P103,Home,1673,4,2025-03-24
8630,P111,Home,1097,2,2024-09-02
8631,P103,Home,657,2,2025-06-19
8632,P107,Grocery,793,1,2024-05-14
8633,P103,Home,508,3,2024-07-19
8634,P102,Home,1827,3,2024-08-18
8635,P112,Clothing,1704,2,2025-06-15
8636,P109,Grocery,1024,5,2026-02-22
8637,P104,Grocery,888,4,2026-04-09
8638,P100,Clothing,529,5,2024-12-02
8639,P105,Grocery,1911,5,2025-01-26
8640,P109,Grocery,807,5,2025-06-18
8641,P103,Home,1137,4,2024-12-22
8642,P113,Electronics,1914,4,2025-10-26
8643,P104,Grocery,361,2,2025-07-30
8644,P113,Electronics,183,3,2025-02-23
8645,P108,Sports,1370,5,2025-01-15
8646,P102,Home,984,1,2025-10-09
8647,P110,Grocery,1072,3,2024-04-20
8648,P111,Home,879,2,2025-05-15
8649,P111,Home,1537,2,2026-02-23
8650,P101,Electronics,1159,4,2026-01-04
8651,P107,Grocery,753,4,2025-02-08
8652,P100,Clothing,1653,3,2025-04-27
8653,P103,Home,306,4,2026-01-04
8654,P101,Electronics,384,4,2024-07-16
8655,P111,Home,1769,1,2025-02-10
8656,P103,Home,1409,1,2024-06-13
8657,P101,Electronics,791,5,2024-11-27
8658,P104,Grocery,1169,1,2025-04-14
8659,P104,Grocery,204,5,2025-07-09
8660,P103,Home,1871,2,2024-08-27
8661,P105,Grocery,722,5,2025-03-19
8662,P106,Electronics,169,5,2026-01-28
8663,P111,Home,579,2,2025-04-08
8664,P102,Home,1325,4,2024-06-19
8665,P104,Grocery,991,2,2025-01-24
8666,P109,Grocery,1893,1,2024-06-03
8667,P109,Grocery,1779,1,2024-07-28
8668,P102,Home,603,1,2024-12-26
8669,P100,Clothing,1649,5,2026-01-26
8670,P110,Grocery,347,3,2025-11-02
8671,P102,Home,461,3,2025-06-02
8672,P111,Home,1591,5,2024-07-04
8673,P114,Clothing,1272,5,2025-12-06
8674,P108,Sports,1533,4,2025-05-31
8675,P109,Grocery,1548,1,2025-05-26
8676,P102,Home,814,1,2024-07-03
8677,P102,Home,1832,1,2024-05-27
8678,P100,Clothing,1449,3,2024-09-10
8679,P111,Home,673,3,2024-06-30
8680,P107,Grocery,1527,5,2026-01-11
8681,P114,Clothing,1229,2,2025-04-04
8682,P112,Clothing,106,4,2026-02-17
8683,P101,Electronics,311,5,2025-11-09
8684,P102,Home,1305,3,2025-06-06
8685,P101,Electronics,314,1,2024-05-28
8686,P108,Sports,1263,4,2025-05-21
8687,P111,Home,1427,4,2024-07-01
8688,P110,Grocery,532,5,2025-06-29
8689,P108,Sports,785,4,2025-06-11
8690,P112,Clothing,271,1,2025-02-28
8691,P108,Sports,779,4,2025-02-03
8692,P113,Electronics,106,3,2024-07-04
8693,P107,Grocery,497,5,2025-07-14
8694,P113,Electronics,803,2,2025-04-15
8695,P100,Clothing,847,4,2024-04-18
8696,P105,Grocery,1697,2,2025-03-16
8697,P110,Grocery,1157,2,2025-06-06
8698,P103,Home,924,1,2025-10-24
8699,P113,Electronics,567,5,2024-11-02
8700,P102,Home,844,3,2025-05-09
8701,P101,Electronics,328,2,2025-09-14
8702,P104,Grocery,102,2,2026-01-24
8703,P103,Home,770,3,2025-12-28
8704,P109,Grocery,203,2,2024-05-16
8705,P105,Grocery,987,2,2025-10-30
8706,P104,Grocery,1527,4,2024-05-04
8707,P102,Home,1106,2,2024-08-26
8708,P102,Home,1485,2,2025-12-15
8709,P102,Home,1480,1,2024-10-12
8710,P107,Grocery,468,2,2024-11-24
8711,P105,Grocery,205,4,2024-05-02
8712,P110,Grocery,1775,2,2024-06-09
8713,P108,Sports,1699,5,2025-07-17
8714,P108,Sports,554,4,2025-09-07
8715,P107,Grocery,589,3,2025-06-11
8716,P110,Grocery,1352,3,2025-01-10
8717,P113,Electronics,775,4,2024-05-17
8718,P100,Clothing,978,5,2024-12-23
8719,P106,Electronics,419,4,2025-06-18
8720,P107,Grocery,1038,1,2025-04-11
8721,P104,Grocery,863,4,2026-03-08
8722,P113,Electronics,1839,1,2024-09-17
8723,P109,Grocery,587,3,2026-02-26
8724,P109,Grocery,1806,4,2025-01-14
8725,P105,Grocery,1430,5,2024-09-27
8726,P106,Electronics,1097,5,2024-04-21
8727,P109,Grocery,1716,4,2025-04-12
8728,P103,Home,1141,4,2025-06-08
8729,P112,Clothing,1575,5,2025-09-17
8730,P113,Electronics,1364,1,2024-07-28
8731,P111,Home,1639,3,2025-05-23
8732,P110,Grocery,1371,3,2024-04-28
8733,P109,Grocery,1684,2,2024-11-23
8734,P108,Sports,1132,4,2024-10-05
8735,P113,Electronics,1437,5,2025-01-20
8736,P100,Clothing,1826,3,2024-06-04
8737,P114,Clothing,1602,3,2024-06-11
8738,P114,Clothing,410,1,2026-02-16
8739,P106,Electronics,1396,3,2025-11-01
8740,P107,Grocery,1283,2,2024-08-27
8741,P112,Clothing,1212,4,2025-04-29
8742,P105,Grocery,1990,5,2025-08-11
8743,P114,Clothing,1040,5,2024-09-26
8744,P100,Clothing,1200,1,2025-05-24
8745,P107,Grocery,1647,4,2025-06-12
8746,P113,Electronics,1757,4,2025-11-26
8747,P111,Home,1926,2,2024-12-02
8748,P104,Grocery,1254,4,2025-10-29
8749,P100,Clothing,170,3,2025-09-26
8750,P113,Electronics,1564,3,2025-07-19
8751,P102,Home,1179,3,2024-09-07
8752,P108,Sports,1796,3,2024-05-12
8753,P113,Electronics,1336,4,2025-04-17
8754,P100,Clothing,999,2,2024-09-09
8755,P113,Electronics,996,4,2024-04-23
8756,P103,Home,997,5,2024-05-28
8757,P112,Clothing,757,1,2025-01-16
8758,P112,Clothing,923,2,2024-10-27
8759,P105,Grocery,461,3,2024-07-25
8760,P102,Home,155,4,2025-07-26
8761,P111,Home,783,5,2025-05-14
8762,P105,Grocery,820,4,2025-08-04
8763,P100,Clothing,1921,2,2025-05-26
8764,P101,Electronics,1580,2,2025-03-25
8765,P103,Home,877,5,2024-11-12
8766,P109,Grocery,1807,5,2024-06-12
8767,P101,Electronics,985,5,2024-07-21
8768,P114,Clothing,1227,5,2025-06-29
8769,P114,Clothing,920,4,2024-07-01
8770,P112,Clothing,730,2,2025-04-10
8771,P110,Grocery,514,2,2025-02-04
8772,P113,Electronics,1337,1,2026-01-31
8773,P105,Grocery,1071,1,2024-08-02
8774,P105,Grocery,1590,2,2025-11-07
8775,P101,Electronics,752,4,2024-09-04
8776,P114,Clothing,468,2,2024-11-23
8777,P113,Electronics,668,1,2025-10-12
8778,P101,Electronics,544,2,2025-06-27
8779,P114,Clothing,549,3,2024-05-23
8780,P107,Grocery,1045,5,2025-06-07
8781,P102,Home,1821,4,2024-06-23
8782,P106,Electronics,410,2,2024-08-28
8783,P110,Grocery,178,1,2025-08-19
8784,P110,Grocery,1470,2,2025-08-27
8785,P112,Clothing,1479,2,2024-07-29
8786,P109,Grocery,483,2,2025-11-10
8787,P110,Grocery,794,4,2025-04-01
8788,P113,Electronics,1011,4,2025-11-18
8789,P103,Home,1678,5,2024-10-23
8790,P102,Home,313,2,2025-11-06
8791,P107,Grocery,1619,5,2026-01-26
8792,P112,Clothing,713,4,2025-08-01
8793,P108,Sports,467,2,2024-08-26
8794,P102,Home,267,3,2024-12-12
8795,P105,Grocery,523,2,2025-11-21
8796,P110,Grocery,1812,4,2024-10-29
8797,P112,Clothing,1536,4,2026-02-13
8798,P100,Clothing,590,5,2025-10-02
8799,P107,Grocery,634,4,2025-08-24
8800,P107,Grocery,486,1,2025-10-19
8801,P108,Sports,1040,4,2024-09-18
8802,P104,Grocery,824,3,2025-12-14
8803,P107,Grocery,740,4,2024-05-26
8804,P114,Clothing,1706,4,2026-02-01
8805,P101,Electronics,1290,2,2024-06-19
8806,P103,Home,227,2,2025-06-11
8807,P100,Clothing,1295,1,2024-05-10
8808,P108,Sports,1594,2,2024-09-11
8809,P106,Electronics,876,3,2025-09-26
8810,P112,Clothing,694,5,2024-06-16
8811,P104,Grocery,1397,4,2024-10-16
8812,P113,Electronics,118,5,2024-11-12
8813,P112,Clothing,575,1,2026-03-12
8814,P113,Electronics,728,3,2024-06-13
8815,P111,Home,188,3,2024-06-20
8816,P112,Clothing,312,3,2026-03-03
8817,P105,Grocery,1649,4,2026-04-02
8818,P105,Grocery,1069,1,2025-05-20
8819,P114,Clothing,1840,2,2025-11-08
8820,P113,Electronics,1361,5,2024-05-18
8821,P113,Electronics,1179,4,2024-11-18
8822,P114,Clothing,169,4,2024-12-22
8823,P100,Clothing,1827,1,2024-06-14
8824,P106,Electronics,654,2,2025-10-28
8825,P103,Home,510,5,2024-09-15
8826,P104,Grocery,405,5,2025-12-02
8827,P107,Grocery,1027,3,2025-01-05
8828,P109,Grocery,476,5,2025-06-24
8829,P103,Home,807,5,2025-09-27
8830,P103,Home,175,2,2024-04-22
8831,P103,Home,1273,2,2025-02-03
8832,P111,Home,1732,1,2024-11-10
8833,P104,Grocery,985,3,2025-08-08
8834,P100,Clothing,1498,4,2025-02-13
8835,P103,Home,1406,5,2026-04-12
8836,P105,Grocery,1924,4,2024-07-09
8837,P113,Electronics,1616,3,2025-04-30
8838,P109,Grocery,1812,1,2024-06-30
8839,P107,Grocery,1823,1,2026-02-03
8840,P109,Grocery,302,4,2025-08-08
8841,P114,Clothing,1765,4,2025-05-10
8842,P112,Clothing,596,2,2024-11-15
8843,P105,Grocery,1655,2,2025-10-12
8844,P109,Grocery,1216,5,2025-01-03
8845,P109,Grocery,1996,3,2025-09-28
8846,P114,Clothing,1027,5,2026-02-11
8847,P110,Grocery,630,2,2026-04-01
8848,P112,Clothing,1915,1,2026-02-08
8849,P103,Home,849,5,2024-04-23
8850,P113,Electronics,548,5,2024-05-26
8851,P107,Grocery,186,3,2024-12-09
8852,P111,Home,988,3,2025-11-18
8853,P114,Clothing,1465,5,2024-08-24
8854,P110,Grocery,1944,5,2025-04-17
8855,P113,Electronics,1316,1,2025-05-16
8856,P111,Home,1779,1,2026-03-07
8857,P111,Home,1454,2,2025-07-16
8858,P103,Home,256,2,2024-06-22
8859,P104,Grocery,1832,4,2025-05-10
8860,P112,Clothing,1122,2,2024-09-30
8861,P109,Grocery,271,5,2025-06-18
8862,P110,Grocery,505,4,2025-07-04
8863,P101,Electronics,781,2,2026-02-27
8864,P113,Electronics,578,2,2024-06-22
8865,P101,Electronics,1694,3,2024-09-27
8866,P107,Grocery,296,1,2025-04-22
8867,P101,Electronics,1353,5,2025-06-23
8868,P107,Grocery,729,4,2025-09-06
8869,P107,Grocery,1268,3,2025-03-07
8870,P110,Grocery,773,1,2025-04-13
8871,P101,Electronics,917,2,2025-06-26
8872,P102,Home,568,2,2025-07-25
8873,P108,Sports,372,3,2025-05-30
8874,P100,Clothing,1017,1,2025-11-23
8875,P113,Electronics,1727,4,2024-05-10
8876,P106,Electronics,1542,4,2024-08-31
8877,P110,Grocery,1137,1,2025-04-12
8878,P114,Clothing,2000,4,2025-01-23
8879,P113,Electronics,223,3,2024-05-30
8880,P103,Home,1446,5,2026-03-19
8881,P105,Grocery,1245,3,2025-12-30
8882,P101,Electronics,783,4,2025-07-19
8883,P102,Home,426,4,2024-06-12
8884,P100,Clothing,1203,1,2025-12-29
8885,P109,Grocery,1925,3,2025-09-21
8886,P100,Clothing,1158,2,2025-11-22
8887,P102,Home,1822,4,2024-10-03
8888,P112,Clothing,1089,5,2024-09-22
8889,P114,Clothing,1245,5,2025-12-29
8890,P103,Home,702,2,2024-07-27
8891,P107,Grocery,532,5,2025-11-17
8892,P104,Grocery,1440,3,2026-03-18
8893,P103,Home,1375,2,2024-05-01
8894,P106,Electronics,426,4,2026-04-02
8895,P108,Sports,1460,4,2025-07-09
8896,P111,Home,196,1,2024-05-08
8897,P107,Grocery,1879,5,2024-05-13
8898,P103,Home,927,4,2025-03-09
8899,P112,Clothing,510,2,2025-09-20
8900,P112,Clothing,1013,3,2024-06-22
8901,P102,Home,353,1,2025-03-30
8902,P106,Electronics,1487,2,2025-11-02
8903,P108,Sports,1131,4,2026-04-04
8904,P112,Clothing,185,4,2026-04-18
8905,P102,Home,1459,3,2025-04-21
8906,P100,Clothing,1116,3,2024-07-14
8907,P113,Electronics,1946,5,2025-08-10
8908,P107,Grocery,741,4,2026-04-07
8909,P112,Clothing,838,2,2025-06-06
8910,P106,Electronics,805,1,2025-03-01
8911,P114,Clothing,1899,5,2025-04-21
8912,P105,Grocery,1467,2,2025-02-07
8913,P104,Grocery,1760,1,2024-09-30
8914,P109,Grocery,1116,4,2025-10-23
8915,P104,Grocery,1031,1,2025-04-06
8916,P102,Home,495,5,2025-03-09
8917,P112,Clothing,573,4,2025-05-04
8918,P114,Clothing,1229,1,2025-11-01
8919,P106,Electronics,995,2,2025-10-06
8920,P105,Grocery,1116,5,2024-12-13
8921,P105,Grocery,1031,2,2025-12-29
8922,P106,Electronics,1273,1,2025-12-09
8923,P113,Electronics,877,3,2025-04-20
8924,P110,Grocery,470,3,2025-09-08
8925,P111,Home,1636,4,2024-09-26
8926,P114,Clothing,1130,2,2025-12-30
8927,P109,Grocery,641,4,2024-06-17
8928,P114,Clothing,1728,5,2025-02-20
8929,P102,Home,1309,3,2025-05-13
8930,P112,Clothing,931,4,2025-03-04
8931,P105,Grocery,370,1,2025-06-22
8932,P104,Grocery,1739,3,2024-10-08
8933,P103,Home,1121,5,2025-09-28
8934,P105,Grocery,1856,2,2025-09-16
8935,P102,Home,1922,2,2024-05-23
8936,P112,Clothing,778,2,2024-06-15
8937,P108,Sports,394,2,2025-02-12
8938,P102,Home,417,1,2025-11-04
8939,P105,Grocery,1703,2,2024-12-23
8940,P106,Electronics,588,4,2026-04-05
8941,P107,Grocery,933,1,2026-04-13
8942,P103,Home,1918,1,2025-03-19
8943,P108,Sports,1575,4,2025-08-02
8944,P103,Home,1811,2,2024-12-08
8945,P105,Grocery,881,4,2025-05-19
8946,P112,Clothing,351,1,2025-11-08
8947,P105,Grocery,1042,1,2025-06-03
8948,P104,Grocery,1056,4,2024-07-30
8949,P101,Electronics,1056,4,2024-06-26
8950,P104,Grocery,1477,3,2025-03-31
8951,P108,Sports,217,3,2024-09-21
8952,P102,Home,909,3,2024-07-01
8953,P104,Grocery,249,4,2025-08-09
8954,P110,Grocery,1680,5,2025-09-27
8955,P104,Grocery,457,3,2024-10-13
8956,P114,Clothing,1668,1,2025-01-05
8957,P114,Clothing,1909,4,2025-08-23
8958,P101,Electronics,1199,4,2025-10-08
8959,P102,Home,973,5,2024-10-26
8960,P105,Grocery,770,2,2024-09-21
8961,P103,Home,1939,4,2026-03-14
8962,P108,Sports,1013,5,2024-07-25
8963,P102,Home,858,2,2025-09-04
8964,P106,Electronics,1512,3,2025-06-03
8965,P112,Clothing,1767,2,2025-05-29
8966,P102,Home,653,5,2024-09-25
8967,P106,Electronics,761,5,2026-03-15
8968,P113,Electronics,897,4,2026-02-27
8969,P114,Clothing,686,3,2025-09-07
8970,P105,Grocery,1704,5,2024-07-17
8971,P112,Clothing,1696,5,2024-08-08
8972,P109,Grocery,1072,4,2025-12-02
8973,P109,Grocery,1992,4,2024-09-24
8974,P102,Home,503,3,2024-11-16
8975,P102,Home,576,1,2025-12-13
8976,P107,Grocery,1387,5,2025-05-20
8977,P110,Grocery,733,5,2025-08-13
8978,P102,Home,472,4,2024-10-01
8979,P107,Grocery,1363,5,2025-01-03
8980,P110,Grocery,1951,2,2026-02-22
8981,P108,Sports,652,5,2024-07-30
8982,P110,Grocery,1075,2,2025-11-23
8983,P112,Clothing,1349,5,2026-01-10
8984,P101,Electronics,1464,3,2024-06-16
8985,P105,Grocery,718,3,2025-03-11
8986,P112,Clothing,1110,4,2026-03-22
8987,P108,Sports,690,1,2025-06-11
8988,P101,Electronics,488,4,2026-01-12
8989,P101,Electronics,1343,2,2026-01-04
8990,P107,Grocery,775,1,2024-07-28
8991,P113,Electronics,571,3,2025-01-31
8992,P111,Home,1919,5,2025-03-03
8993,P102,Home,878,4,2024-05-02
8994,P104,Grocery,1841,2,2024-10-31
8995,P105,Grocery,1653,1,2026-01-03
8996,P101,Electronics,1299,5,2026-02-14
8997,P102,Home,242,2,2026-02-20
8998,P107,Grocery,1057,5,2025-09-08
8999,P114,Clothing,116,2,2025-10-03
9000,P108,Sports,392,3,2025-10-07
9001,P102,Home,264,5,2026-01-01
9002,P108,Sports,1873,2,2025-11-18
9003,P109,Grocery,269,5,2025-11-25
9004,P113,Electronics,101,5,2025-12-16
9005,P110,Grocery,503,2,2025-10-29
9006,P111,Home,1505,3,2025-07-19
9007,P114,Clothing,242,4,2025-05-22
9008,P111,Home,1747,3,2025-11-20
9009,P113,Electronics,1419,4,2025-12-24
9010,P108,Sports,153,1,2025-03-31
9011,P101,Electronics,1517,2,2025-07-03
9012,P107,Grocery,537,5,2024-11-27
9013,P108,Sports,1253,3,2025-02-01
9014,P102,Home,1325,5,2024-08-22
9015,P112,Clothing,551,4,2025-01-08
9016,P108,Sports,985,5,2024-12-01
9017,P112,Clothing,1445,4,2025-04-11
9018,P113,Electronics,1058,2,2024-06-05
9019,P114,Clothing,947,4,2025-04-18
9020,P105,Grocery,1860,5,2025-08-06
9021,P103,Home,823,2,2025-04-20
9022,P103,Home,672,1,2025-06-12
9023,P110,Grocery,915,4,2024-06-12
9024,P102,Home,1378,1,2024-10-14
9025,P112,Clothing,1962,4,2025-03-12
9026,P106,Electronics,291,5,2024-07-24
9027,P108,Sports,307,3,2026-01-26
9028,P106,Electronics,1462,2,2024-07-25
9029,P109,Grocery,285,5,2024-09-25
9030,P110,Grocery,150,3,2026-01-17
9031,P102,Home,1279,1,2024-09-30
9032,P102,Home,251,5,2024-06-30
9033,P114,Clothing,1997,1,2026-04-07
9034,P111,Home,271,2,2024-06-30
9035,P114,Clothing,1425,5,2024-08-13
9036,P111,Home,950,5,2025-02-24
9037,P106,Electronics,640,1,2024-04-27
9038,P109,Grocery,1370,2,2024-12-17
9039,P109,Grocery,417,4,2026-04-02
9040,P105,Grocery,1121,4,2025-10-14
9041,P101,Electronics,768,2,2024-05-25
9042,P113,Electronics,543,2,2024-10-13
9043,P109,Grocery,391,5,2025-12-08
9044,P101,Electronics,805,5,2026-02-05
9045,P109,Grocery,1294,3,2026-04-11
9046,P100,Clothing,1159,3,2024-11-13
9047,P102,Home,937,5,2025-07-01
9048,P110,Grocery,278,1,2026-03-10
9049,P109,Grocery,1710,1,2025-08-06
9050,P101,Electronics,1347,5,2024-11-30
9051,P107,Grocery,325,4,2024-10-11
9052,P108,Sports,107,5,2025-10-22
9053,P108,Sports,869,3,2024-09-26
9054,P104,Grocery,1347,4,2025-03-09
9055,P107,Grocery,848,2,2025-07-02
9056,P102,Home,941,1,2024-04-25
9057,P104,Grocery,1515,1,2024-08-28
9058,P105,Grocery,1599,4,2024-08-10
9059,P111,Home,945,4,2024-05-11
9060,P103,Home,1307,4,2025-11-09
9061,P110,Grocery,486,5,2025-04-02
9062,P113,Electronics,850,1,2024-05-27
9063,P111,Home,1282,3,2025-08-17
9064,P114,Clothing,799,4,2025-06-05
9065,P111,Home,415,4,2026-03-05
9066,P100,Clothing,645,3,2025-05-30
9067,P106,Electronics,1178,3,2024-10-08
9068,P103,Home,1435,2,2024-07-15
9069,P107,Grocery,1187,5,2024-05-12
9070,P108,Sports,192,2,2024-11-04
9071,P113,Electronics,272,5,2025-11-07
9072,P107,Grocery,636,5,2025-07-14
9073,P109,Grocery,1481,1,2026-01-19
9074,P101,Electronics,1579,5,2026-02-08
9075,P107,Grocery,380,4,2026-03-23
9076,P105,Grocery,1791,2,2025-05-23
9077,P114,Clothing,1343,3,2026-04-11
9078,P114,Clothing,1450,5,2024-11-16
9079,P104,Grocery,596,3,2024-07-11
9080,P102,Home,1094,4,2025-06-29
9081,P100,Clothing,1760,4,2024-07-20
9082,P103,Home,1567,1,2025-03-10
9083,P110,Grocery,411,2,2025-11-22
9084,P106,Electronics,243,4,2025-07-03
9085,P113,Electronics,549,1,2024-07-09
9086,P110,Grocery,1666,4,2024-05-28
9087,P112,Clothing,1437,1,2024-04-30
9088,P102,Home,1662,3,2024-11-13
9089,P104,Grocery,652,2,2024-08-17
9090,P100,Clothing,1563,3,2025-07-03
9091,P109,Grocery,1049,2,2024-09-14
9092,P104,Grocery,421,3,2025-07-12
9093,P111,Home,917,3,2024-10-18
9094,P111,Home,1897,5,2025-11-02
9095,P106,Electronics,166,5,2024-11-16
9096,P110,Grocery,462,2,2024-08-28
9097,P101,Electronics,514,2,2025-04-08
9098,P111,Home,1669,5,2026-04-15
9099,P109,Grocery,918,1,2024-09-14
9100,P109,Grocery,206,1,2025-01-23
9101,P106,Electronics,861,3,2025-01-07
9102,P106,Electronics,1112,3,2026-03-05
9103,P102,Home,592,3,2025-04-26
9104,P101,Electronics,395,1,2024-11-15
9105,P113,Electronics,451,2,2024-10-30
9106,P108,Sports,1508,2,2024-06-11
9107,P111,Home,1152,3,2025-08-02
9108,P109,Grocery,1534,2,2024-11-17
9109,P103,Home,1153,5,2025-03-01
9110,P104,Grocery,1460,2,2024-12-07
9111,P114,Clothing,300,4,2025-11-28
9112,P112,Clothing,1149,3,2025-10-26
9113,P111,Home,1766,5,2024-12-14
9114,P100,Clothing,1676,5,2025-01-04
9115,P112,Clothing,666,3,2024-11-30
9116,P105,Grocery,1864,3,2024-12-05
9117,P106,Electronics,316,1,2025-07-08
9118,P109,Grocery,941,2,2025-05-26
9119,P101,Electronics,1837,3,2024-08-05
9120,P105,Grocery,248,2,2025-05-31
9121,P106,Electronics,1060,2,2025-10-30
9122,P104,Grocery,1602,2,2025-05-24
9123,P108,Sports,677,5,2025-11-23
9124,P104,Grocery,1667,1,2025-05-13
9125,P104,Grocery,1481,2,2025-03-06
9126,P103,Home,1401,1,2024-08-20
9127,P113,Electronics,1280,3,2024-12-29
9128,P109,Grocery,1854,3,2025-05-22
9129,P104,Grocery,817,2,2026-02-03
9130,P100,Clothing,1795,1,2024-08-29
9131,P101,Electronics,532,5,2025-02-04
9132,P109,Grocery,799,4,2025-09-10
9133,P110,Grocery,430,4,2025-06-28
9134,P107,Grocery,417,1,2025-11-06
9135,P106,Electronics,804,1,2025-05-16
9136,P102,Home,1949,1,2025-01-25
9137,P100,Clothing,423,2,2024-10-27
9138,P101,Electronics,1122,4,2025-11-03
9139,P107,Grocery,1737,3,2025-09-25
9140,P105,Grocery,687,1,2026-03-25
9141,P104,Grocery,1859,4,2025-10-08
9142,P109,Grocery,1905,5,2024-05-07
9143,P108,Sports,576,5,2026-01-02
9144,P113,Electronics,724,3,2024-06-18
9145,P114,Clothing,926,4,2024-06-23
9146,P100,Clothing,1715,3,2024-10-28
9147,P113,Electronics,1282,5,2025-05-20
9148,P104,Grocery,1879,2,2025-09-25
9149,P113,Electronics,1673,1,2025-05-11
9150,P104,Grocery,1821,1,2025-10-23
9151,P111,Home,1946,1,2025-05-04
9152,P113,Electronics,1606,3,2025-01-20
9153,P109,Grocery,265,3,2026-03-07
9154,P112,Clothing,1260,1,2024-09-15
9155,P104,Grocery,138,4,2024-11-25
9156,P114,Clothing,472,4,2024-12-18
9157,P104,Grocery,1202,2,2024-11-05
9158,P101,Electronics,1812,2,2025-10-29
9159,P113,Electronics,1760,3,2025-09-21
9160,P109,Grocery,1448,4,2025-03-13
9161,P100,Clothing,1052,2,2024-10-01
9162,P108,Sports,291,3,2024-07-28
9163,P110,Grocery,635,1,2025-12-14
9164,P103,Home,1284,1,2024-09-27
9165,P114,Clothing,1071,2,2025-03-29
9166,P111,Home,1254,1,2025-12-02
9167,P104,Grocery,291,3,2025-11-19
9168,P114,Clothing,1535,2,2026-02-20
9169,P100,Clothing,528,4,2026-03-19
9170,P112,Clothing,327,4,2025-01-29
9171,P114,Clothing,1822,2,2024-08-06
9172,P109,Grocery,1705,1,2026-01-13
9173,P102,Home,1894,1,2025-05-31
9174,P113,Electronics,914,1,2024-12-12
9175,P107,Grocery,1513,2,2025-05-30
9176,P112,Clothing,1646,4,2025-10-25
9177,P107,Grocery,1279,4,2025-02-12
9178,P102,Home,624,2,2025-01-10
9179,P106,Electronics,809,5,2026-04-08
9180,P109,Grocery,1141,4,2025-01-08
9181,P105,Grocery,1788,5,2025-05-26
9182,P102,Home,1157,1,2025-06-15
9183,P105,Grocery,1696,3,2025-07-13
9184,P111,Home,902,1,2024-11-20
9185,P109,Grocery,1521,5,2025-04-19
9186,P102,Home,1480,2,2026-01-16
9187,P106,Electronics,1779,3,2024-05-29
9188,P108,Sports,1306,4,2026-02-25
9189,P112,Clothing,1155,4,2025-07-27
9190,P101,Electronics,905,2,2026-03-21
9191,P104,Grocery,241,4,2026-04-18
9192,P114,Clothing,1773,3,2024-11-03
9193,P107,Grocery,442,2,2025-06-03
9194,P110,Grocery,1450,3,2024-05-14
9195,P108,Sports,1302,2,2025-08-01
9196,P114,Clothing,1526,5,2026-04-12
9197,P101,Electronics,395,1,2024-11-08
9198,P113,Electronics,987,3,2025-02-15
9199,P104,Grocery,1045,4,2026-01-10
9200,P101,Electronics,664,4,2026-02-09
9201,P112,Clothing,1533,2,2024-11-02
9202,P110,Grocery,1237,1,2024-12-07
9203,P101,Electronics,718,1,2024-06-05
9204,P100,Clothing,891,3,2024-07-01
9205,P101,Electronics,1470,1,2024-11-11
9206,P100,Clothing,1183,1,2024-10-07
9207,P110,Grocery,1112,4,2024-12-29
9208,P104,Grocery,1303,5,2025-12-22
9209,P102,Home,1459,5,2025-12-16
9210,P104,Grocery,994,5,2024-09-14
9211,P114,Clothing,1044,4,2024-07-03
9212,P102,Home,578,5,2025-09-12
9213,P104,Grocery,1137,2,2025-06-24
9214,P105,Grocery,1388,4,2026-03-02
9215,P112,Clothing,1209,2,2024-09-04
9216,P101,Electronics,1763,5,2024-11-28
9217,P108,Sports,172,2,2025-05-02
9218,P110,Grocery,345,4,2026-02-16
9219,P105,Grocery,196,4,2024-05-09
9220,P110,Grocery,1587,2,2024-08-17
9221,P106,Electronics,895,2,2026-02-24
9222,P100,Clothing,1354,2,2025-06-03
9223,P114,Clothing,1451,5,2025-02-02
9224,P102,Home,1217,3,2024-08-30
9225,P111,Home,530,4,2026-03-02
9226,P114,Clothing,110,4,2025-03-24
9227,P108,Sports,549,2,2025-11-09
9228,P107,Grocery,1173,2,2026-01-28
9229,P110,Grocery,1797,3,2024-06-23
9230,P108,Sports,223,4,2026-01-03
9231,P105,Grocery,177,5,2026-03-04
9232,P106,Electronics,1055,5,2025-10-26
9233,P103,Home,1801,1,2024-05-25
9234,P112,Clothing,124,2,2025-03-10
9235,P108,Sports,983,3,2025-09-29
9236,P109,Grocery,518,2,2024-06-12
9237,P106,Electronics,173,5,2025-04-26
9238,P107,Grocery,490,1,2025-01-27
9239,P112,Clothing,187,1,2024-12-23
9240,P107,Grocery,1756,5,2025-07-16
9241,P107,Grocery,526,2,2025-11-27
9242,P111,Home,554,2,2026-01-29
9243,P100,Clothing,379,1,2024-05-14
9244,P113,Electronics,1954,5,2025-12-15
9245,P103,Home,1991,1,2025-01-23
9246,P104,Grocery,1872,2,2026-03-23
9247,P100,Clothing,1147,5,2025-06-19
9248,P113,Electronics,723,1,2025-01-25
9249,P100,Clothing,906,3,2025-12-16
9250,P107,Grocery,404,4,2025-12-11
9251,P110,Grocery,352,4,2025-01-11
9252,P108,Sports,168,4,2026-03-02
9253,P103,Home,1099,5,2025-02-22
9254,P102,Home,255,5,2025-11-01
9255,P109,Grocery,1486,4,2025-09-03
9256,P110,Grocery,1820,2,2024-10-24
9257,P113,Electronics,1843,4,2024-09-28
9258,P111,Home,643,1,2024-05-17
9259,P101,Electronics,403,3,2025-04-29
9260,P111,Home,357,3,2026-03-08
9261,P108,Sports,1682,3,2024-05-29
9262,P106,Electronics,600,3,2025-04-21
9263,P107,Grocery,1624,2,2025-06-25
9264,P112,Clothing,1172,1,2025-09-03
9265,P107,Grocery,1379,5,2024-04-27
9266,P105,Grocery,668,1,2025-03-02
9267,P105,Grocery,974,5,2026-03-04
9268,P109,Grocery,299,3,2025-04-02
9269,P111,Home,117,3,2025-10-04
9270,P101,Electronics,1468,1,2025-10-10
9271,P113,Electronics,1092,4,2025-08-11
9272,P112,Clothing,1248,4,2025-09-11
9273,P114,Clothing,1172,4,2025-06-09
9274,P100,Clothing,1104,3,2025-12-10
9275,P101,Electronics,1165,2,2025-04-06
9276,P111,Home,410,1,2025-05-01
9277,P108,Sports,1376,1,2024-06-18
9278,P113,Electronics,595,4,2025-03-29
9279,P110,Grocery,1950,2,2025-06-29
9280,P114,Clothing,997,1,2025-07-12
9281,P101,Electronics,578,5,2025-05-24
9282,P109,Grocery,867,3,2024-09-15
9283,P102,Home,594,4,2026-03-20
9284,P110,Grocery,1769,5,2025-04-17
9285,P109,Grocery,1016,5,2024-12-24
9286,P113,Electronics,1274,1,2025-01-12
9287,P106,Electronics,1107,3,2025-10-22
9288,P101,Electronics,873,2,2024-09-23
9289,P103,Home,734,3,2025-03-27
9290,P107,Grocery,1695,4,2025-05-08
9291,P105,Grocery,1611,5,2025-09-09
9292,P103,Home,162,1,2026-04-16
9293,P102,Home,1134,4,2024-10-13
9294,P101,Electronics,1660,4,2024-05-03
9295,P111,Home,1275,4,2026-04-01
9296,P100,Clothing,171,4,2025-11-01
9297,P102,Home,1435,5,2024-10-18
9298,P103,Home,684,1,2025-10-21
9299,P100,Clothing,501,2,2026-02-27
9300,P112,Clothing,1940,3,2025-04-12
9301,P104,Grocery,1962,3,2025-06-03
9302,P105,Grocery,1469,4,2025-05-23
9303,P105,Grocery,1190,5,2026-03-10
9304,P114,Clothing,1289,4,2026-01-06
9305,P101,Electronics,783,1,2024-09-26
9306,P112,Clothing,1633,2,2025-08-26
9307,P111,Home,424,3,2025-06-27
9308,P105,Grocery,786,1,2025-05-17
9309,P108,Sports,256,1,2024-12-02
9310,P107,Grocery,1894,3,2025-12-11
9311,P103,Home,180,3,2025-05-28
9312,P114,Clothing,1533,4,2024-09-05
9313,P106,Electronics,1078,5,2025-01-10
9314,P113,Electronics,362,5,2024-05-13
9315,P108,Sports,1000,1,2025-11-25
9316,P106,Electronics,612,1,2025-01-29
9317,P104,Grocery,524,3,2026-02-25
9318,P101,Electronics,993,3,2025-12-22
9319,P106,Electronics,233,5,2025-08-20
9320,P105,Grocery,1319,4,2026-01-23
9321,P114,Clothing,755,5,2024-06-08
9322,P103,Home,1443,3,2025-12-02
9323,P114,Clothing,752,3,2025-08-17
9324,P101,Electronics,418,2,2025-11-13
9325,P100,Clothing,1454,1,2025-05-11
9326,P110,Grocery,795,5,2025-06-11
9327,P105,Grocery,1366,5,2024-07-26
9328,P112,Clothing,1310,2,2025-05-23
9329,P107,Grocery,1343,1,2025-05-25
9330,P114,Clothing,416,5,2025-04-17
9331,P109,Grocery,1111,3,2025-10-26
9332,P113,Electronics,1410,1,2025-06-05
9333,P106,Electronics,1037,5,2026-03-27
9334,P102,Home,1627,5,2025-09-10
9335,P108,Sports,123,3,2025-02-28
9336,P100,Clothing,973,1,2025-03-26
9337,P114,Clothing,680,2,2024-11-22
9338,P106,Electronics,1830,4,2025-06-07
9339,P108,Sports,1310,4,2024-08-19
9340,P112,Clothing,1152,4,2025-09-11
9341,P106,Electronics,518,4,2024-11-06
9342,P101,Electronics,1769,5,2026-04-04
9343,P104,Grocery,649,1,2025-12-08
9344,P113,Electronics,1205,2,2025-05-05
9345,P112,Clothing,1784,1,2024-06-23
9346,P104,Grocery,944,5,2024-09-22
9347,P100,Clothing,1279,1,2025-09-15
9348,P111,Home,867,2,2026-01-29
9349,P114,Clothing,499,2,2024-11-24
9350,P104,Grocery,823,3,2026-04-05
9351,P110,Grocery,1872,5,2024-06-15
9352,P111,Home,766,3,2024-07-01
9353,P101,Electronics,1446,3,2026-02-27
9354,P103,Home,1862,4,2026-01-24
9355,P107,Grocery,1672,2,2024-11-11
9356,P107,Grocery,627,2,2024-12-30
9357,P103,Home,356,1,2026-01-07
9358,P111,Home,1799,3,2025-09-17
9359,P114,Clothing,997,3,2025-11-04
9360,P110,Grocery,720,4,2026-02-01
9361,P105,Grocery,1167,5,2025-04-12
9362,P104,Grocery,758,2,2024-11-18
9363,P113,Electronics,1641,3,2024-07-12
9364,P102,Home,1075,4,2025-09-14
9365,P110,Grocery,1243,2,2025-09-25
9366,P106,Electronics,571,5,2025-08-25
9367,P101,Electronics,1706,4,2026-02-05
9368,P102,Home,859,1,2025-12-07
9369,P105,Grocery,109,2,2025-10-26
9370,P110,Grocery,1021,4,2026-04-05
9371,P114,Clothing,1607,4,2025-01-29
9372,P113,Electronics,1570,1,2024-05-30
9373,P111,Home,282,5,2026-02-14
9374,P110,Grocery,1568,1,2024-09-14
9375,P110,Grocery,595,3,2024-06-25
9376,P101,Electronics,310,2,2026-03-27
9377,P111,Home,1787,5,2025-12-22
9378,P107,Grocery,1046,5,2026-04-18
9379,P105,Grocery,1887,3,2025-08-21
9380,P101,Electronics,1717,5,2025-06-20
9381,P111,Home,312,1,2024-10-19
9382,P112,Clothing,1250,5,2024-04-20
9383,P105,Grocery,268,4,2026-04-16
9384,P102,Home,166,5,2026-02-14
9385,P104,Grocery,1305,3,2025-03-14
9386,P113,Electronics,532,3,2024-08-17
9387,P109,Grocery,1962,4,2025-02-18
9388,P102,Home,650,4,2024-06-13
9389,P111,Home,1532,5,2026-02-04
9390,P105,Grocery,1993,5,2024-09-27
9391,P103,Home,1993,4,2025-04-09
9392,P108,Sports,986,3,2026-03-06
9393,P107,Grocery,789,5,2025-11-25
9394,P108,Sports,126,1,2024-09-29
9395,P101,Electronics,1450,1,2026-02-20
9396,P104,Grocery,1002,3,2024-05-14
9397,P106,Electronics,1415,1,2025-02-15
9398,P105,Grocery,1035,5,2025-01-19
9399,P102,Home,1374,5,2024-07-21
9400,P103,Home,1337,5,2025-08-11
9401,P112,Clothing,959,4,2025-05-20
9402,P110,Grocery,1091,4,2025-08-28
9403,P100,Clothing,183,2,2025-12-07
9404,P114,Clothing,356,5,2024-07-15
9405,P100,Clothing,1635,4,2025-11-06
9406,P111,Home,241,5,2025-05-01
9407,P100,Clothing,1782,5,2026-04-14
9408,P113,Electronics,370,2,2025-11-26
9409,P114,Clothing,974,5,2026-03-11
9410,P100,Clothing,871,4,2025-08-20
9411,P100,Clothing,1272,2,2024-10-04
9412,P111,Home,1842,1,2025-09-29
9413,P112,Clothing,1500,5,2024-12-12
9414,P107,Grocery,1469,2,2025-05-17
9415,P113,Electronics,730,5,2025-12-02
9416,P108,Sports,1042,3,2025-05-04
9417,P101,Electronics,1198,4,2024-08-02
9418,P105,Grocery,1518,5,2025-07-26
9419,P107,Grocery,1500,2,2026-01-26
9420,P111,Home,852,4,2025-02-06
9421,P108,Sports,1310,4,2025-10-24
9422,P108,Sports,663,1,2024-07-31
9423,P111,Home,650,2,2025-03-22
9424,P103,Home,1343,3,2025-07-10
9425,P102,Home,883,4,2024-09-26
9426,P100,Clothing,1782,1,2025-03-15
9427,P108,Sports,1830,5,2025-09-14
9428,P113,Electronics,691,3,2024-07-19
9429,P107,Grocery,1830,5,2024-09-05
9430,P112,Clothing,1280,2,2026-04-09
9431,P108,Sports,441,3,2026-03-25
9432,P107,Grocery,727,1,2025-12-08
9433,P104,Grocery,864,5,2025-06-26
9434,P112,Clothing,261,1,2025-11-08
9435,P112,Clothing,1746,3,2025-05-25
9436,P107,Grocery,587,4,2026-04-05
9437,P103,Home,348,1,2024-11-29
9438,P106,Electronics,510,5,2024-05-06
9439,P103,Home,1779,2,2026-03-21
9440,P103,Home,467,2,2025-02-20
9441,P102,Home,1733,4,2025-06-21
9442,P113,Electronics,1726,4,2025-11-01
9443,P103,Home,330,1,2025-08-23
9444,P102,Home,1187,5,2024-10-02
9445,P111,Home,141,4,2024-09-18
9446,P110,Grocery,1159,4,2024-12-13
9447,P112,Clothing,1009,4,2026-01-31
9448,P103,Home,820,4,2025-04-14
9449,P112,Clothing,1235,1,2024-08-27
9450,P108,Sports,1716,1,2025-03-04
9451,P104,Grocery,711,2,2025-05-19
9452,P110,Grocery,197,4,2025-05-26
9453,P111,Home,1289,2,2025-03-08
9454,P113,Electronics,274,3,2025-06-22
9455,P105,Grocery,159,1,2025-05-23
9456,P107,Grocery,1631,4,2025-09-20
9457,P103,Home,1529,3,2025-09-17
9458,P100,Clothing,1255,4,2025-11-16
9459,P104,Grocery,1235,4,2025-05-21
9460,P108,Sports,1277,1,2024-12-24
9461,P112,Clothing,1419,1,2024-08-03
9462,P112,Clothing,1293,5,2024-12-01
9463,P105,Grocery,1538,5,2026-04-08
9464,P105,Grocery,633,3,2026-01-27
9465,P109,Grocery,1951,2,2024-05-15
9466,P107,Grocery,1440,2,2025-07-21
9467,P104,Grocery,843,1,2025-01-02
9468,P107,Grocery,841,2,2025-03-16
9469,P112,Clothing,1264,1,2024-12-09
9470,P104,Grocery,1713,4,2026-01-21
9471,P108,Sports,991,2,2024-05-22
9472,P103,Home,1492,2,2026-02-24
9473,P107,Grocery,646,5,2025-08-14
9474,P102,Home,983,5,2025-05-20
9475,P102,Home,729,2,2025-06-05
9476,P110,Grocery,1767,2,2026-04-06
9477,P112,Clothing,1497,2,2025-04-26
9478,P100,Clothing,701,1,2025-12-28
9479,P100,Clothing,1880,4,2025-01-23
9480,P111,Home,804,2,2025-02-11
9481,P108,Sports,1121,4,2024-10-24
9482,P107,Grocery,1205,4,2026-04-02
9483,P104,Grocery,1385,1,2024-05-26
9484,P104,Grocery,916,2,2024-10-27
9485,P110,Grocery,606,1,2025-12-12
9486,P110,Grocery,479,5,2025-04-17
9487,P111,Home,335,1,2025-12-25
9488,P111,Home,1076,5,2025-08-29
9489,P113,Electronics,1940,3,2024-04-23
9490,P114,Clothing,1309,2,2024-09-04
9491,P109,Grocery,1059,4,2026-02-15
9492,P101,Electronics,1290,2,2025-06-05
9493,P103,Home,774,3,2025-02-26
9494,P105,Grocery,151,5,2025-05-20
9495,P113,Electronics,1299,1,2024-09-18
9496,P111,Home,1992,5,2025-08-25
9497,P112,Clothing,1512,3,2026-03-18
9498,P112,Clothing,1117,3,2025-12-27
9499,P105,Grocery,1966,5,2025-07-29
9500,P100,Clothing,1910,2,2025-04-06
9501,P105,Grocery,450,4,2025-10-29
9502,P104,Grocery,1481,2,2026-02-15
9503,P104,Grocery,312,2,2026-03-09
9504,P106,Electronics,1150,3,2024-07-18
9505,P114,Clothing,562,1,2024-12-13
9506,P110,Grocery,653,5,2024-11-12
9507,P103,Home,684,1,2026-03-06
9508,P109,Grocery,1057,4,2025-04-11
9509,P101,Electronics,1629,4,2024-12-25
9510,P100,Clothing,966,2,2025-06-03
9511,P111,Home,1614,5,2025-07-15
9512,P111,Home,332,3,2024-12-22
9513,P114,Clothing,1965,3,2025-01-13
9514,P111,Home,967,3,2025-11-19
9515,P101,Electronics,547,4,2024-11-06
9516,P102,Home,1709,4,2025-03-16
9517,P113,Electronics,1114,5,2025-07-03
9518,P107,Grocery,548,1,2024-07-21
9519,P108,Sports,526,2,2025-04-01
9520,P111,Home,371,2,2024-11-03
9521,P101,Electronics,186,3,2024-11-26
9522,P112,Clothing,1416,4,2024-09-14
9523,P105,Grocery,1197,1,2025-04-10
9524,P100,Clothing,1326,5,2025-04-17
9525,P114,Clothing,703,1,2025-03-13
9526,P110,Grocery,990,3,2026-02-20
9527,P114,Clothing,1929,2,2025-11-09
9528,P100,Clothing,1746,1,2024-11-26
9529,P107,Grocery,1013,5,2025-07-21
9530,P104,Grocery,1765,2,2024-09-19
9531,P112,Clothing,1379,4,2026-01-16
9532,P106,Electronics,1323,4,2024-09-16
9533,P114,Clothing,1830,2,2025-12-31
9534,P108,Sports,867,4,2024-09-12
9535,P113,Electronics,1952,3,2024-05-08
9536,P112,Clothing,969,2,2025-04-23
9537,P113,Electronics,1921,3,2025-03-17
9538,P114,Clothing,684,3,2024-07-23
9539,P104,Grocery,1273,5,2025-01-22
9540,P107,Grocery,1088,2,2025-04-13
9541,P100,Clothing,829,3,2025-12-01
9542,P100,Clothing,1510,4,2025-11-18
9543,P112,Clothing,1273,4,2026-01-28
9544,P104,Grocery,770,4,2025-08-23
9545,P103,Home,118,4,2025-03-07
9546,P107,Grocery,1704,4,2026-03-21
9547,P113,Electronics,1013,5,2025-10-09
9548,P112,Clothing,1008,3,2025-01-16
9549,P114,Clothing,452,4,2024-06-26
9550,P114,Clothing,1477,5,2024-07-16
9551,P104,Grocery,273,1,2026-01-10
9552,P109,Grocery,1427,1,2024-05-24
9553,P109,Grocery,479,2,2025-03-04
9554,P113,Electronics,570,1,2025-08-05
9555,P110,Grocery,1436,3,2024-11-04
9556,P114,Clothing,1636,1,2024-05-29
9557,P108,Sports,1934,5,2025-09-11
9558,P106,Electronics,843,2,2025-12-12
9559,P112,Clothing,1456,1,2024-11-30
9560,P110,Grocery,755,5,2026-02-10
9561,P102,Home,1772,2,2025-12-29
9562,P103,Home,480,5,2024-10-21
9563,P101,Electronics,384,4,2025-01-16
9564,P103,Home,1724,5,2024-07-26
9565,P103,Home,1286,4,2025-08-28
9566,P107,Grocery,620,1,2025-03-19
9567,P107,Grocery,677,2,2025-04-09
9568,P101,Electronics,376,3,2024-06-04
9569,P105,Grocery,328,5,2025-06-15
9570,P100,Clothing,426,3,2024-07-04
9571,P114,Clothing,386,2,2025-10-24
9572,P102,Home,452,1,2024-10-06
9573,P114,Clothing,1925,1,2025-02-09
9574,P109,Grocery,829,2,2024-08-29
9575,P105,Grocery,1497,2,2026-02-13
9576,P101,Electronics,1167,2,2025-06-28
9577,P104,Grocery,1729,4,2025-06-30
9578,P114,Clothing,996,3,2025-10-08
9579,P105,Grocery,1993,4,2024-08-13
9580,P110,Grocery,1319,4,2026-01-19
9581,P110,Grocery,1935,4,2024-09-10
9582,P107,Grocery,525,3,2026-01-20
9583,P101,Electronics,1465,5,2026-03-04
9584,P103,Home,1757,3,2024-08-09
9585,P101,Electronics,1915,4,2025-11-16
9586,P107,Grocery,334,5,2025-10-18
9587,P111,Home,474,2,2025-10-31
9588,P113,Electronics,652,2,2025-12-23
9589,P108,Sports,1546,5,2024-06-04
9590,P110,Grocery,1552,4,2024-11-23
9591,P108,Sports,1764,1,2025-01-23
9592,P104,Grocery,1172,3,2024-05-01
9593,P109,Grocery,364,1,2025-05-07
9594,P113,Electronics,556,2,2025-02-26
9595,P110,Grocery,745,4,2024-06-21
9596,P102,Home,770,4,2025-06-14
9597,P108,Sports,1141,3,2024-12-23
9598,P100,Clothing,1453,3,2025-04-10
9599,P114,Clothing,781,5,2025-03-03
9600,P114,Clothing,824,4,2025-04-09
9601,P110,Grocery,498,5,2026-03-17
9602,P107,Grocery,1531,4,2025-03-30
9603,P110,Grocery,1013,2,2025-10-28
9604,P105,Grocery,1517,1,2025-07-21
9605,P110,Grocery,436,3,2025-12-07
9606,P109,Grocery,1394,4,2025-09-07
9607,P113,Electronics,1191,2,2026-04-17
9608,P113,Electronics,1847,5,2026-03-07
9609,P109,Grocery,242,5,2025-02-09
9610,P100,Clothing,814,2,2025-07-13
9611,P108,Sports,1540,5,2024-12-22
9612,P105,Grocery,159,5,2024-09-22
9613,P105,Grocery,496,2,2025-03-24
9614,P100,Clothing,705,5,2025-08-07
9615,P102,Home,290,2,2024-11-08
9616,P102,Home,1485,1,2026-02-18
9617,P111,Home,1752,1,2024-09-22
9618,P101,Electronics,1731,5,2024-10-18
9619,P112,Clothing,725,2,2024-12-16
9620,P109,Grocery,764,5,2024-06-11
9621,P106,Electronics,352,1,2026-03-21
9622,P113,Electronics,1627,5,2025-07-15
9623,P104,Grocery,854,3,2026-03-08
9624,P100,Clothing,286,1,2024-08-16
9625,P108,Sports,177,4,2024-05-19
9626,P105,Grocery,201,5,2026-03-24
9627,P109,Grocery,998,3,2026-01-13
9628,P104,Grocery,917,1,2025-02-06
9629,P109,Grocery,1920,5,2024-05-09
9630,P101,Electronics,1262,3,2024-04-21
9631,P105,Grocery,317,1,2026-02-16
9632,P104,Grocery,1264,4,2025-01-29
9633,P102,Home,1607,2,2025-02-12
9634,P105,Grocery,1899,3,2025-05-01
9635,P109,Grocery,1919,5,2024-07-07
9636,P108,Sports,768,3,2025-03-03
9637,P105,Grocery,1815,2,2024-08-15
9638,P111,Home,1223,1,2025-07-11
9639,P106,Electronics,331,3,2025-09-17
9640,P102,Home,1456,4,2025-05-13
9641,P101,Electronics,1422,5,2024-05-06
9642,P111,Home,832,1,2024-08-12
9643,P110,Grocery,335,4,2025-02-18
9644,P102,Home,130,1,2024-07-31
9645,P111,Home,402,1,2025-11-10
9646,P100,Clothing,678,3,2024-05-21
9647,P102,Home,1730,1,2025-06-21
9648,P114,Clothing,1241,2,2025-06-10
9649,P103,Home,559,2,2024-05-31
9650,P111,Home,1408,3,2024-10-25
9651,P105,Grocery,1992,4,2025-06-03
9652,P113,Electronics,914,5,2025-04-16
9653,P105,Grocery,254,2,2025-04-05
9654,P104,Grocery,444,3,2025-06-05
9655,P107,Grocery,1387,5,2025-08-01
9656,P110,Grocery,1036,1,2025-04-18
9657,P109,Grocery,1035,3,2024-11-04
9658,P100,Clothing,217,3,2025-12-05
9659,P110,Grocery,191,2,2025-01-02
9660,P105,Grocery,1941,1,2024-11-10
9661,P103,Home,1485,2,2025-07-26
9662,P114,Clothing,1618,1,2025-04-16
9663,P101,Electronics,1646,2,2026-03-08
9664,P105,Grocery,349,4,2024-09-02
9665,P114,Clothing,143,3,2025-09-16
9666,P107,Grocery,523,3,2024-10-25
9667,P106,Electronics,1794,4,2026-03-03
9668,P102,Home,1980,3,2024-07-31
9669,P107,Grocery,1744,5,2025-11-07
9670,P108,Sports,697,3,2025-10-02
9671,P111,Home,405,2,2026-02-28
9672,P100,Clothing,1008,1,2025-05-25
9673,P102,Home,599,3,2024-10-12
9674,P104,Grocery,1010,1,2026-03-06
9675,P100,Clothing,1212,2,2024-08-29
9676,P105,Grocery,867,1,2026-02-05
9677,P106,Electronics,126,3,2025-05-23
9678,P105,Grocery,1202,4,2025-04-10
9679,P100,Clothing,1940,5,2024-12-08
9680,P103,Home,971,3,2024-08-25
9681,P104,Grocery,1756,4,2025-02-13
9682,P106,Electronics,1481,3,2024-07-22
9683,P104,Grocery,1662,1,2024-12-20
9684,P102,Home,1245,5,2025-03-16
9685,P110,Grocery,1716,1,2024-05-12
9686,P107,Grocery,1865,2,2025-09-08
9687,P109,Grocery,360,5,2025-04-22
9688,P104,Grocery,1092,1,2024-10-16
9689,P110,Grocery,281,3,2025-04-10
9690,P104,Grocery,559,2,2024-06-27
9691,P103,Home,737,2,2024-04-29
9692,P114,Clothing,1001,4,2024-08-17
9693,P109,Grocery,630,3,2025-11-04
9694,P101,Electronics,934,5,2025-08-04
9695,P109,Grocery,1002,4,2024-10-21
9696,P110,Grocery,1672,4,2025-05-06
9697,P105,Grocery,906,3,2024-07-26
9698,P108,Sports,464,2,2025-12-02
9699,P104,Grocery,1727,1,2024-05-23
9700,P112,Clothing,1046,3,2024-05-21
9701,P113,Electronics,308,2,2024-05-12
9702,P100,Clothing,1882,4,2026-03-29
9703,P114,Clothing,1092,2,2025-05-16
9704,P101,Electronics,129,4,2024-07-05
9705,P104,Grocery,892,5,2025-10-11
9706,P102,Home,1437,5,2025-12-07
9707,P111,Home,387,4,2024-07-25
9708,P102,Home,517,3,2024-07-16
9709,P104,Grocery,755,4,2024-08-05
9710,P114,Clothing,734,4,2025-12-16
9711,P100,Clothing,1389,2,2025-05-31
9712,P101,Electronics,576,5,2024-11-29
9713,P108,Sports,1492,3,2025-07-19
9714,P107,Grocery,703,3,2024-07-23
9715,P114,Clothing,1938,5,2025-11-29
9716,P104,Grocery,1535,4,2025-07-19
9717,P102,Home,683,3,2025-03-16
9718,P101,Electronics,335,1,2024-08-03
9719,P103,Home,1406,1,2024-06-28
9720,P114,Clothing,175,2,2025-03-02
9721,P110,Grocery,854,2,2024-07-04
9722,P102,Home,1626,5,2025-12-05
9723,P105,Grocery,967,5,2024-08-28
9724,P113,Electronics,1469,5,2026-03-14
9725,P111,Home,234,2,2024-11-24
9726,P110,Grocery,284,1,2024-06-30
9727,P103,Home,1909,5,2025-01-06
9728,P102,Home,600,4,2024-12-28
9729,P101,Electronics,622,2,2024-08-05
9730,P107,Grocery,194,4,2025-05-10
9731,P102,Home,850,3,2025-07-29
9732,P106,Electronics,257,3,2026-01-24
9733,P107,Grocery,969,1,2024-05-30
9734,P110,Grocery,731,2,2025-04-16
9735,P110,Grocery,1212,1,2026-04-09
9736,P103,Home,1884,5,2025-07-08
9737,P110,Grocery,1429,5,2026-02-14
9738,P101,Electronics,644,2,2025-02-02
9739,P103,Home,1206,3,2024-10-06
9740,P112,Clothing,332,4,2025-04-14
9741,P102,Home,1211,1,2024-07-21
9742,P107,Grocery,1190,2,2025-07-02
9743,P114,Clothing,108,4,2025-12-13
9744,P114,Clothing,1247,1,2025-02-15
9745,P103,Home,1224,5,2025-08-01
9746,P109,Grocery,362,3,2025-07-25
9747,P110,Grocery,1025,5,2025-07-05
9748,P105,Grocery,833,5,2024-08-19
9749,P104,Grocery,469,3,2026-03-13
9750,P104,Grocery,562,2,2026-01-14
9751,P114,Clothing,362,3,2024-12-25
9752,P100,Clothing,506,2,2026-04-09
9753,P106,Electronics,902,1,2025-10-11
9754,P108,Sports,1062,4,2025-09-12
9755,P114,Clothing,997,2,2026-04-08
9756,P100,Clothing,1178,2,2025-03-22
9757,P109,Grocery,985,3,2024-05-25
9758,P100,Clothing,719,3,2025-09-06
9759,P102,Home,944,5,2025-08-23
9760,P107,Grocery,415,4,2025-07-24
9761,P102,Home,1097,1,2026-01-13
9762,P103,Home,442,1,2025-05-08
9763,P108,Sports,137,5,2025-09-29
9764,P113,Electronics,1325,1,2024-04-27
9765,P114,Clothing,1685,1,2026-03-07
9766,P112,Clothing,1225,4,2026-03-29
9767,P107,Grocery,1071,1,2025-10-09
9768,P105,Grocery,1758,2,2025-06-01
9769,P112,Clothing,468,3,2025-12-22
9770,P102,Home,1758,3,2026-04-07
9771,P109,Grocery,463,4,2025-10-11
9772,P105,Grocery,1212,2,2025-03-18
9773,P114,Clothing,1589,4,2024-08-25
9774,P105,Grocery,1412,3,2025-10-14
9775,P112,Clothing,736,4,2025-06-07
9776,P111,Home,1177,5,2025-04-07
9777,P114,Clothing,1155,1,2025-11-24
9778,P102,Home,119,4,2025-05-10
9779,P102,Home,178,1,2024-08-09
9780,P104,Grocery,586,1,2025-10-29
9781,P108,Sports,1576,5,2025-02-25
9782,P104,Grocery,1001,4,2026-02-05
9783,P111,Home,1451,1,2025-06-30
9784,P103,Home,974,3,2024-11-30
9785,P107,Grocery,981,2,2024-09-29
9786,P112,Clothing,1198,2,2025-04-02
9787,P112,Clothing,746,1,2024-11-12
9788,P110,Grocery,155,4,2026-03-31
9789,P104,Grocery,1224,5,2024-05-23
9790,P101,Electronics,881,1,2025-12-02
9791,P114,Clothing,273,4,2024-06-12
9792,P112,Clothing,1894,2,2025-06-29
9793,P108,Sports,1893,4,2024-04-26
9794,P106,Electronics,975,4,2025-06-09
9795,P101,Electronics,343,5,2025-12-05
9796,P104,Grocery,927,3,2026-03-02
9797,P101,Electronics,1472,5,2025-06-17
9798,P102,Home,392,4,2026-03-05
9799,P112,Clothing,1133,3,2025-07-07
9800,P101,Electronics,448,1,2025-06-03
9801,P111,Home,1182,4,2025-11-22
9802,P103,Home,1412,5,2025-02-13
9803,P113,Electronics,765,4,2025-06-25
9804,P100,Clothing,1629,1,2025-01-31
9805,P111,Home,1687,4,2025-10-11
9806,P113,Electronics,1277,3,2026-01-22
9807,P106,Electronics,228,4,2025-12-18
9808,P108,Sports,1654,5,2024-05-16
9809,P110,Grocery,1174,1,2025-06-20
9810,P106,Electronics,812,5,2024-10-19
9811,P106,Electronics,1273,2,2025-02-23
9812,P103,Home,968,5,2026-04-04
9813,P114,Clothing,1260,5,2025-12-29
9814,P113,Electronics,616,4,2025-10-20
9815,P101,Electronics,220,3,2024-05-23
9816,P108,Sports,1483,5,2025-02-18
9817,P114,Clothing,316,1,2026-02-16
9818,P110,Grocery,126,5,2025-11-10
9819,P106,Electronics,585,3,2025-03-25
9820,P100,Clothing,1426,3,2025-08-10
9821,P103,Home,691,3,2024-12-17
9822,P110,Grocery,1829,4,2025-01-21
9823,P111,Home,1260,1,2026-01-29
9824,P100,Clothing,1152,2,2025-05-21
9825,P111,Home,340,3,2024-12-19
9826,P111,Home,1595,2,2025-05-21
9827,P102,Home,1948,2,2024-12-15
9828,P112,Clothing,1617,2,2025-08-12
9829,P110,Grocery,1576,2,2025-04-09
9830,P102,Home,1445,5,2025-07-28
9831,P110,Grocery,1502,4,2025-05-06
9832,P108,Sports,1708,5,2026-01-12
9833,P113,Electronics,793,2,2024-07-08
9834,P102,Home,1729,3,2026-03-28
9835,P103,Home,1431,2,2025-03-25
9836,P103,Home,701,1,2024-10-15
9837,P111,Home,1251,4,2025-03-04
9838,P101,Electronics,389,5,2024-12-03
9839,P108,Sports,1884,1,2025-12-21
9840,P104,Grocery,1752,5,2025-03-31
9841,P111,Home,855,1,2024-08-17
9842,P102,Home,1492,5,2025-04-07
9843,P109,Grocery,1557,2,2025-06-04
9844,P114,Clothing,496,4,2025-03-15
9845,P103,Home,479,2,2026-02-09
9846,P112,Clothing,448,3,2025-04-19
9847,P109,Grocery,1903,5,2025-09-06
9848,P114,Clothing,382,4,2025-09-28
9849,P102,Home,1679,4,2024-04-30
9850,P100,Clothing,114,3,2024-07-18
9851,P112,Clothing,313,1,2025-03-30
9852,P104,Grocery,568,1,2025-01-09
9853,P104,Grocery,1354,5,2025-01-08
9854,P102,Home,1081,2,2025-09-21
9855,P111,Home,1157,1,2025-07-05
9856,P108,Sports,1011,1,2025-08-08
9857,P107,Grocery,1489,3,2024-12-18
9858,P105,Grocery,407,3,2025-02-26
9859,P107,Grocery,449,1,2025-11-21
9860,P104,Grocery,588,3,2025-07-24
9861,P107,Grocery,373,3,2026-01-30
9862,P114,Clothing,776,5,2025-10-26
9863,P114,Clothing,1853,2,2024-06-05
9864,P108,Sports,1079,2,2025-01-23
9865,P111,Home,795,4,2024-09-05
9866,P113,Electronics,1955,5,2024-05-01
9867,P103,Home,1873,2,2024-05-13
9868,P114,Clothing,381,2,2024-11-28
9869,P110,Grocery,1725,3,2025-11-23
9870,P101,Electronics,888,1,2025-07-27
9871,P103,Home,832,2,2024-09-23
9872,P113,Electronics,836,4,2024-06-02
9873,P112,Clothing,1340,1,2024-06-03
9874,P108,Sports,496,5,2024-08-25
9875,P102,Home,128,4,2024-09-06
9876,P100,Clothing,948,2,2026-03-07
9877,P107,Grocery,983,5,2026-01-18
9878,P103,Home,196,4,2026-01-13
9879,P101,Electronics,1666,5,2024-10-01
9880,P110,Grocery,1680,1,2026-02-13
9881,P112,Clothing,1222,3,2024-11-23
9882,P113,Electronics,1644,2,2025-11-23
9883,P110,Grocery,351,4,2024-12-29
9884,P111,Home,218,1,2025-02-14
9885,P114,Clothing,799,5,2025-06-23
9886,P114,Clothing,478,5,2026-03-21
9887,P105,Grocery,1637,5,2024-05-07
9888,P103,Home,508,3,2024-06-17
9889,P105,Grocery,1648,5,2025-01-17
9890,P101,Electronics,664,1,2024-12-09
9891,P104,Grocery,1803,1,2025-06-30
9892,P100,Clothing,1200,2,2026-01-04
9893,P100,Clothing,1920,2,2025-05-31
9894,P105,Grocery,748,2,2026-01-03
9895,P100,Clothing,1319,4,2025-09-29
9896,P112,Clothing,332,1,2024-09-10
9897,P106,Electronics,1295,4,2026-02-09
9898,P105,Grocery,596,4,2026-01-15
9899,P100,Clothing,823,5,2024-10-17
9900,P110,Grocery,681,1,2025-03-16
9901,P105,Grocery,767,4,2024-08-23
9902,P113,Electronics,909,2,2024-10-25
9903,P101,Electronics,288,4,2026-01-23
9904,P112,Clothing,345,1,2024-12-20
9905,P107,Grocery,448,3,2024-06-01
9906,P100,Clothing,176,4,2025-03-20
9907,P106,Electronics,1280,1,2025-04-09
9908,P104,Grocery,1882,1,2025-04-22
9909,P106,Electronics,1221,1,2026-01-07
9910,P109,Grocery,1323,4,2025-08-15
9911,P102,Home,1376,5,2025-03-15
9912,P103,Home,1420,1,2026-02-07
9913,P106,Electronics,1728,4,2024-10-23
9914,P109,Grocery,1832,3,2025-09-03
9915,P112,Clothing,135,2,2025-06-20
9916,P102,Home,1595,1,2026-03-31
9917,P109,Grocery,1663,1,2025-07-06
9918,P111,Home,514,3,2024-11-28
9919,P102,Home,1784,3,2025-03-11
9920,P103,Home,958,5,2025-06-21
9921,P113,Electronics,449,3,2025-03-02
9922,P113,Electronics,220,1,2024-08-11
9923,P101,Electronics,349,5,2026-02-19
9924,P100,Clothing,939,3,2025-12-21
9925,P113,Electronics,1990,4,2025-05-24
9926,P105,Grocery,300,4,2025-07-27
9927,P108,Sports,148,2,2026-02-22
9928,P108,Sports,872,3,2026-04-08
9929,P106,Electronics,455,2,2024-10-21
9930,P113,Electronics,696,3,2024-09-09
9931,P104,Grocery,106,5,2025-08-28
9932,P110,Grocery,331,5,2025-11-25
9933,P105,Grocery,1020,4,2025-03-26
9934,P105,Grocery,785,3,2025-03-13
9935,P111,Home,1168,4,2026-02-27
9936,P110,Grocery,930,3,2024-10-12
9937,P113,Electronics,801,2,2025-05-05
9938,P103,Home,920,5,2024-10-06
9939,P100,Clothing,307,1,2026-03-13
9940,P113,Electronics,1252,1,2026-03-06
9941,P100,Clothing,1341,3,2025-02-02
9942,P101,Electronics,814,2,2025-10-20
9943,P105,Grocery,895,2,2026-03-05
9944,P113,Electronics,537,3,2025-08-17
9945,P103,Home,1697,1,2025-12-25
9946,P109,Grocery,308,2,2025-07-28
9947,P109,Grocery,1267,5,2025-05-27
9948,P106,Electronics,1921,1,2026-03-15
9949,P104,Grocery,1079,2,2025-08-28
9950,P103,Home,1087,2,2025-06-20
9951,P108,Sports,1468,2,2025-08-30
9952,P101,Electronics,902,5,2025-03-31
9953,P108,Sports,1998,2,2024-08-14
9954,P103,Home,543,1,2024-05-26
9955,P108,Sports,849,5,2025-07-25
9956,P102,Home,1628,2,2026-03-13
9957,P113,Electronics,914,3,2024-07-09
9958,P100,Clothing,137,2,2024-12-07
9959,P111,Home,1446,3,2024-05-12
9960,P108,Sports,1256,5,2025-09-26
9961,P101,Electronics,313,1,2025-03-27
9962,P101,Electronics,1429,1,2024-06-27
9963,P106,Electronics,706,1,2025-02-24
9964,P103,Home,439,1,2024-09-08
9965,P107,Grocery,335,4,2024-07-07
9966,P114,Clothing,993,3,2026-03-27
9967,P100,Clothing,476,3,2025-05-19
9968,P111,Home,1571,1,2025-09-05
9969,P100,Clothing,900,1,2025-08-06
9970,P102,Home,677,2,2026-01-22
9971,P101,Electronics,1674,3,2025-07-09
9972,P105,Grocery,1178,1,2025-11-06
9973,P111,Home,217,5,2026-03-25
9974,P109,Grocery,968,1,2024-06-02
9975,P106,Electronics,235,4,2025-12-16
9976,P102,Home,701,5,2026-01-25
9977,P100,Clothing,1304,2,2026-03-26
9978,P105,Grocery,1878,2,2024-05-24
9979,P108,Sports,392,2,2025-04-01
9980,P107,Grocery,960,2,2024-09-12
9981,P112,Clothing,668,3,2025-11-08
9982,P100,Clothing,1874,1,2025-03-22
9983,P107,Grocery,1823,5,2025-01-30
9984,P100,Clothing,732,1,2025-04-20
9985,P104,Grocery,442,2,2024-06-02
9986,P114,Clothing,158,1,2024-11-15
9987,P103,Home,1712,5,2025-12-28
9988,P100,Clothing,479,2,2024-08-16
9989,P103,Home,250,4,2025-03-21
9990,P113,Electronics,1725,5,2024-12-02
9991,P109,Grocery,1102,2,2025-02-22
9992,P109,Grocery,1575,2,2025-04-07
9993,P101,Electronics,1149,3,2026-01-11
9994,P102,Home,489,3,2024-11-18
9995,P112,Clothing,120,1,2026-04-01
9996,P104,Grocery,155,5,2025-02-05
9997,P112,Clothing,619,3,2024-09-25
9998,P101,Electronics,476,1,2026-02-25
9999,P100,Clothing,994,4,2025-11-28
10000,P105,Grocery,904,4,2024-08-17
10001,P112,Clothing,962,2,2026-03-17
10002,P114,Clothing,1899,4,2026-03-07
10003,P103,Home,1062,3,2026-03-02
10004,P111,Home,260,3,2024-10-09
10005,P112,Clothing,737,5,2024-09-05
10006,P113,Electronics,581,1,2025-05-18
10007,P113,Electronics,370,2,2025-06-11
10008,P106,Electronics,892,4,2025-11-13
10009,P105,Grocery,1478,2,2025-08-18
10010,P104,Grocery,1732,2,2024-08-13
10011,P111,Home,1956,5,2026-01-04
10012,P100,Clothing,715,2,2025-01-29
10013,P102,Home,916,1,2024-12-29
10014,P110,Grocery,386,3,2026-01-31
10015,P101,Electronics,1438,2,2026-04-12
10016,P106,Electronics,1340,1,2025-10-12
10017,P100,Clothing,1165,4,2024-12-05
10018,P108,Sports,1170,3,2025-03-17
10019,P105,Grocery,1727,4,2025-12-02
10020,P102,Home,1529,1,2024-07-08
10021,P106,Electronics,1824,5,2024-04-20
10022,P111,Home,1633,5,2024-07-10
10023,P100,Clothing,837,5,2024-05-27
10024,P111,Home,1450,5,2024-07-10
10025,P113,Electronics,1395,5,2026-03-26
10026,P107,Grocery,104,5,2024-06-11
10027,P112,Clothing,175,2,2025-10-24
10028,P113,Electronics,1551,2,2026-03-02
10029,P105,Grocery,1485,2,2025-07-26
10030,P112,Clothing,1489,1,2025-01-17
10031,P113,Electronics,1267,1,2025-09-21
10032,P105,Grocery,1945,2,2025-11-17
10033,P102,Home,1511,1,2024-06-01
10034,P107,Grocery,1522,4,2025-07-25
10035,P102,Home,1863,4,2025-09-28
10036,P100,Clothing,843,1,2024-04-20
10037,P112,Clothing,1511,3,2024-12-27
10038,P108,Sports,1491,1,2026-03-08
10039,P103,Home,169,1,2025-08-05
10040,P102,Home,733,1,2024-10-05
10041,P101,Electronics,495,3,2025-02-09
10042,P112,Clothing,971,3,2024-04-18
10043,P103,Home,478,2,2026-02-27
10044,P113,Electronics,801,2,2025-01-07
10045,P113,Electronics,996,3,2024-12-16
10046,P103,Home,536,2,2024-10-03
10047,P108,Sports,1148,2,2025-10-16
10048,P109,Grocery,1470,4,2024-12-03
10049,P114,Clothing,443,5,2024-12-05
10050,P109,Grocery,1884,3,2025-02-20
10051,P108,Sports,1017,3,2025-08-19
10052,P101,Electronics,330,5,2024-09-02
10053,P106,Electronics,1733,3,2024-10-08
10054,P104,Grocery,293,1,2025-03-18
10055,P103,Home,928,3,2025-03-10
10056,P101,Electronics,1376,5,2024-06-26
10057,P111,Home,1239,2,2024-06-08
10058,P104,Grocery,864,4,2024-12-03
10059,P111,Home,1332,1,2024-08-07
10060,P113,Electronics,1286,2,2025-03-07
10061,P111,Home,586,1,2025-01-22
10062,P104,Grocery,113,3,2024-05-23
10063,P102,Home,789,3,2025-09-19
10064,P105,Grocery,1956,2,2025-10-08
10065,P102,Home,994,5,2024-06-04
10066,P102,Home,1967,4,2024-06-11
10067,P107,Grocery,882,5,2024-06-21
10068,P111,Home,1961,3,2026-01-11
10069,P106,Electronics,249,4,2026-04-08
10070,P105,Grocery,321,1,2025-05-24
10071,P107,Grocery,630,2,2026-04-17
10072,P109,Grocery,1956,5,2025-12-17
10073,P102,Home,839,2,2025-09-24
10074,P109,Grocery,442,3,2025-02-07
10075,P100,Clothing,1952,1,2025-04-08
10076,P106,Electronics,993,4,2024-11-25
10077,P104,Grocery,1147,5,2025-01-12
10078,P113,Electronics,1915,5,2024-08-23
10079,P111,Home,847,5,2025-05-01
10080,P110,Grocery,142,5,2024-08-29
10081,P109,Grocery,298,2,2024-12-18
10082,P108,Sports,1743,5,2025-12-12
10083,P106,Electronics,363,3,2025-07-04
10084,P106,Electronics,1852,2,2025-07-20
10085,P107,Grocery,135,2,2025-05-19
10086,P102,Home,526,2,2025-03-14
10087,P114,Clothing,1283,4,2024-12-27
10088,P108,Sports,1515,1,2024-08-15
10089,P102,Home,1854,1,2024-04-18
10090,P102,Home,1787,2,2025-03-05
10091,P106,Electronics,513,4,2025-04-17
10092,P110,Grocery,1644,1,2025-12-10
10093,P102,Home,172,3,2025-09-12
10094,P110,Grocery,671,4,2025-09-08
10095,P100,Clothing,565,2,2026-02-09
10096,P112,Clothing,186,1,2025-06-26
10097,P112,Clothing,463,5,2024-05-08
10098,P109,Grocery,262,1,2025-09-26
10099,P101,Electronics,761,5,2025-09-24
10100,P113,Electronics,1696,5,2025-08-05
10101,P101,Electronics,790,3,2025-01-07
10102,P102,Home,1933,5,2025-03-08
10103,P106,Electronics,1401,4,2025-09-18
10104,P101,Electronics,1708,2,2026-04-07
10105,P111,Home,1313,1,2024-05-06
10106,P109,Grocery,1913,5,2024-08-16
10107,P109,Grocery,1701,3,2024-09-16
10108,P105,Grocery,458,3,2025-10-09
10109,P112,Clothing,878,5,2025-04-25
10110,P106,Electronics,1733,2,2024-08-17
10111,P104,Grocery,213,5,2025-07-02
10112,P114,Clothing,1472,2,2026-03-03
10113,P105,Grocery,1177,4,2026-01-16
10114,P105,Grocery,1835,1,2026-03-09
10115,P109,Grocery,1622,1,2025-01-09
10116,P112,Clothing,333,2,2024-09-24
10117,P100,Clothing,789,1,2025-03-25
10118,P104,Grocery,205,2,2025-05-27
10119,P106,Electronics,157,5,2025-07-09
10120,P112,Clothing,974,5,2024-07-05
10121,P100,Clothing,1917,4,2025-01-25
10122,P104,Grocery,763,1,2025-09-29
10123,P104,Grocery,896,1,2026-02-16
10124,P112,Clothing,413,1,2024-04-26
10125,P104,Grocery,914,3,2025-10-30
10126,P102,Home,1140,4,2025-08-26
10127,P103,Home,1372,4,2025-05-18
10128,P103,Home,1979,5,2025-10-03
10129,P108,Sports,526,1,2025-11-17
10130,P105,Grocery,1540,5,2025-01-22
10131,P100,Clothing,1183,3,2025-07-09
10132,P112,Clothing,504,5,2025-08-05
10133,P102,Home,1765,2,2024-09-12
10134,P104,Grocery,548,2,2024-05-28
10135,P105,Grocery,1029,2,2024-09-25
10136,P101,Electronics,1669,1,2025-04-10
10137,P101,Electronics,596,3,2025-02-27
10138,P112,Clothing,1220,1,2024-06-13
10139,P104,Grocery,357,3,2025-05-17
10140,P100,Clothing,1408,5,2025-09-19
10141,P113,Electronics,1594,5,2024-11-21
10142,P100,Clothing,363,1,2026-01-13
10143,P112,Clothing,1877,5,2024-11-09
10144,P114,Clothing,1231,5,2024-04-22
10145,P105,Grocery,181,3,2025-04-05
10146,P102,Home,1774,3,2024-04-29
10147,P111,Home,490,1,2025-06-05
10148,P107,Grocery,239,1,2025-01-29
10149,P110,Grocery,1284,2,2024-08-18
10150,P113,Electronics,1153,5,2025-08-06
10151,P104,Grocery,1498,4,2025-07-18
10152,P104,Grocery,1070,3,2024-05-01
10153,P101,Electronics,1506,4,2024-12-02
10154,P111,Home,305,2,2026-01-05
10155,P111,Home,1087,2,2025-03-18
10156,P104,Grocery,385,3,2025-11-25
10157,P104,Grocery,1910,5,2025-05-25
10158,P114,Clothing,187,1,2025-04-30
10159,P107,Grocery,1491,3,2026-03-05
10160,P102,Home,975,2,2024-04-28
10161,P112,Clothing,1407,1,2025-09-04
10162,P104,Grocery,1059,5,2024-04-20
10163,P113,Electronics,899,2,2025-07-01
10164,P114,Clothing,734,2,2025-10-09
10165,P106,Electronics,265,3,2025-07-10
10166,P105,Grocery,1778,4,2025-06-27
10167,P104,Grocery,1802,1,2025-11-19
10168,P100,Clothing,1648,2,2026-04-08
10169,P101,Electronics,981,2,2026-01-23
10170,P100,Clothing,331,2,2024-12-31
10171,P109,Grocery,1445,3,2024-10-01
10172,P112,Clothing,213,1,2024-11-10
10173,P108,Sports,938,2,2025-11-16
10174,P106,Electronics,1824,2,2026-02-10
10175,P103,Home,1821,2,2024-11-23
10176,P107,Grocery,881,3,2024-12-02
10177,P103,Home,1111,3,2024-11-14
10178,P113,Electronics,1591,3,2024-05-08
10179,P109,Grocery,1422,1,2024-10-19
10180,P111,Home,962,2,2024-08-27
10181,P110,Grocery,1031,5,2026-02-09
10182,P100,Clothing,1048,3,2025-09-08
10183,P103,Home,1297,1,2024-11-08
10184,P113,Electronics,446,4,2025-08-05
10185,P112,Clothing,1129,2,2025-04-04
10186,P102,Home,1035,5,2024-08-17
10187,P106,Electronics,1590,3,2024-12-05
10188,P100,Clothing,365,5,2024-09-20
10189,P113,Electronics,1673,3,2024-10-08
10190,P107,Grocery,171,5,2024-07-10
10191,P106,Electronics,110,3,2024-06-27
10192,P102,Home,1107,2,2025-01-27
10193,P105,Grocery,346,5,2025-10-28
10194,P110,Grocery,1548,2,2026-04-11
10195,P114,Clothing,792,1,2025-08-18
10196,P108,Sports,803,1,2025-12-17
10197,P109,Grocery,192,4,2025-12-08
10198,P111,Home,786,4,2025-03-04
10199,P112,Clothing,408,4,2025-01-13
10200,P104,Grocery,1702,5,2024-12-05
10201,P100,Clothing,1405,4,2026-01-13
10202,P114,Clothing,1453,2,2024-10-06
10203,P106,Electronics,1685,3,2025-04-17
10204,P111,Home,379,5,2025-05-02
10205,P105,Grocery,224,5,2026-01-21
10206,P110,Grocery,426,2,2025-12-18
10207,P108,Sports,355,3,2025-04-22
10208,P102,Home,282,2,2025-03-02
10209,P111,Home,1445,4,2025-03-23
10210,P113,Electronics,562,2,2024-08-19
10211,P104,Grocery,145,1,2026-01-04
10212,P112,Clothing,1274,2,2025-03-24
10213,P103,Home,1043,1,2025-12-31
10214,P110,Grocery,1886,2,2024-11-04
10215,P102,Home,973,3,2025-02-18
10216,P108,Sports,1211,3,2024-05-06
10217,P102,Home,788,1,2025-02-01
10218,P101,Electronics,1927,3,2024-10-26
10219,P114,Clothing,861,5,2024-11-29
10220,P100,Clothing,1838,1,2025-06-10
10221,P114,Clothing,779,1,2025-08-04
10222,P105,Grocery,1831,4,2025-04-27
10223,P114,Clothing,113,4,2024-11-05
10224,P114,Clothing,1321,1,2025-01-31
10225,P103,Home,1859,1,2025-02-21
10226,P100,Clothing,864,5,2025-04-23
10227,P101,Electronics,1537,1,2025-12-17
10228,P112,Clothing,1682,3,2025-09-26
10229,P109,Grocery,1903,3,2026-02-16
10230,P100,Clothing,339,4,2024-07-03
10231,P106,Electronics,215,2,2024-12-10
10232,P107,Grocery,811,1,2026-01-25
10233,P112,Clothing,1919,1,2025-04-11
10234,P113,Electronics,952,1,2024-06-28
10235,P106,Electronics,300,2,2024-12-29
10236,P100,Clothing,544,3,2026-02-18
10237,P109,Grocery,1518,3,2025-06-05
10238,P114,Clothing,796,4,2025-12-11
10239,P108,Sports,1680,1,2025-05-22
10240,P109,Grocery,1620,2,2025-04-06
10241,P112,Clothing,757,4,2025-03-03
10242,P108,Sports,451,2,2024-12-13
10243,P103,Home,1804,5,2025-01-12
10244,P108,Sports,1519,1,2025-11-29
10245,P110,Grocery,664,5,2026-03-22
10246,P109,Grocery,700,1,2025-11-09
10247,P101,Electronics,448,3,2025-06-25
10248,P103,Home,1264,3,2025-10-31
10249,P104,Grocery,1493,5,2025-09-25
10250,P110,Grocery,119,2,2025-03-13
10251,P112,Clothing,1456,2,2024-11-14
10252,P112,Clothing,227,4,2025-02-05
10253,P109,Grocery,1182,5,2025-12-27
10254,P108,Sports,721,2,2024-12-03
10255,P106,Electronics,1293,4,2025-01-12
10256,P112,Clothing,1116,3,2025-11-15
10257,P113,Electronics,1862,5,2025-05-05
10258,P105,Grocery,1186,4,2025-10-03
10259,P101,Electronics,1427,1,2024-08-23
10260,P112,Clothing,291,1,2024-08-25
10261,P101,Electronics,1655,1,2024-11-09
10262,P113,Electronics,1970,1,2025-02-01
10263,P105,Grocery,467,4,2025-11-07
10264,P108,Sports,451,1,2025-05-16
10265,P105,Grocery,1624,2,2024-11-29
10266,P112,Clothing,1668,3,2024-11-29
10267,P107,Grocery,1555,5,2024-07-10
10268,P100,Clothing,1406,1,2025-01-10
10269,P109,Grocery,653,2,2024-06-19
10270,P110,Grocery,378,3,2024-07-31
10271,P107,Grocery,1510,1,2025-10-15
10272,P106,Electronics,1554,1,2025-08-24
10273,P113,Electronics,666,3,2025-09-30
10274,P107,Grocery,510,1,2025-02-28
10275,P110,Grocery,1631,2,2026-03-06
10276,P114,Clothing,194,4,2026-04-11
10277,P104,Grocery,237,4,2025-04-11
10278,P114,Clothing,235,4,2025-08-26
10279,P109,Grocery,1353,2,2025-03-22
10280,P101,Electronics,537,2,2025-05-19
10281,P106,Electronics,1759,5,2026-03-01
10282,P109,Grocery,672,2,2025-08-15
10283,P110,Grocery,381,2,2024-11-08
10284,P104,Grocery,739,1,2025-05-21
10285,P112,Clothing,1793,5,2026-02-24
10286,P100,Clothing,1238,5,2024-10-30
10287,P102,Home,459,1,2025-01-18
10288,P110,Grocery,1442,4,2025-06-12
10289,P114,Clothing,846,5,2025-08-12
10290,P108,Sports,116,5,2025-07-07
10291,P107,Grocery,1584,1,2024-07-21
10292,P102,Home,486,4,2025-12-25
10293,P106,Electronics,1519,5,2025-06-22
10294,P114,Clothing,322,2,2024-10-17
10295,P105,Grocery,817,3,2026-04-18
10296,P112,Clothing,797,1,2024-05-22
10297,P105,Grocery,1518,3,2024-09-18
10298,P103,Home,141,3,2024-06-28
10299,P114,Clothing,1886,4,2025-02-06
10300,P113,Electronics,496,3,2025-09-18
10301,P104,Grocery,689,3,2026-02-06
10302,P107,Grocery,399,2,2025-04-21
10303,P103,Home,463,3,2025-12-30
10304,P106,Electronics,1235,4,2024-12-20
10305,P110,Grocery,1074,1,2025-11-19
10306,P102,Home,1788,4,2025-06-23
10307,P114,Clothing,1955,4,2024-08-26
10308,P104,Grocery,1555,2,2025-12-28
10309,P105,Grocery,1293,5,2026-04-08
10310,P103,Home,1426,1,2024-09-01
10311,P113,Electronics,1177,4,2024-07-30
10312,P102,Home,321,3,2026-03-12
10313,P112,Clothing,447,2,2025-12-22
10314,P107,Grocery,1511,2,2024-10-11
10315,P108,Sports,1005,3,2026-01-31
10316,P100,Clothing,449,1,2025-10-05
10317,P103,Home,1915,2,2024-06-07
10318,P100,Clothing,1726,5,2025-04-29
10319,P108,Sports,1386,1,2026-04-16
10320,P104,Grocery,1370,4,2025-08-12
10321,P105,Grocery,1516,1,2025-02-01
10322,P107,Grocery,1546,1,2024-10-27
10323,P110,Grocery,595,1,2025-10-27
10324,P104,Grocery,931,5,2025-05-03
10325,P114,Clothing,1328,2,2024-08-08
10326,P110,Grocery,434,5,2025-10-09
10327,P114,Clothing,805,5,2025-11-01
10328,P111,Home,385,1,2025-01-18
10329,P107,Grocery,1803,1,2025-09-01
10330,P104,Grocery,1381,5,2025-04-11
10331,P114,Clothing,1708,4,2025-08-21
10332,P114,Clothing,1046,2,2025-11-14
10333,P113,Electronics,522,4,2024-09-01
10334,P112,Clothing,308,4,2025-09-24
10335,P110,Grocery,1569,5,2024-04-30
10336,P102,Home,1788,2,2025-03-20
10337,P113,Electronics,1736,3,2025-04-10
10338,P106,Electronics,1934,3,2026-04-15
10339,P108,Sports,1330,5,2024-12-26
10340,P108,Sports,1871,2,2024-07-21
10341,P101,Electronics,550,2,2025-01-08
10342,P113,Electronics,260,1,2025-04-04
10343,P114,Clothing,191,2,2024-05-03
10344,P105,Grocery,1728,2,2025-09-21
10345,P111,Home,377,1,2025-01-23
10346,P107,Grocery,860,3,2025-07-26
10347,P104,Grocery,1403,2,2025-09-01
10348,P108,Sports,188,2,2025-10-11
10349,P113,Electronics,1186,4,2025-03-15
10350,P102,Home,727,2,2025-09-30
10351,P113,Electronics,477,1,2024-11-11
10352,P111,Home,1741,4,2025-10-11
10353,P114,Clothing,1856,4,2024-10-31
10354,P102,Home,152,5,2025-10-21
10355,P111,Home,876,4,2024-06-18
10356,P112,Clothing,611,1,2025-02-04
10357,P114,Clothing,1679,3,2024-06-20
10358,P111,Home,1222,3,2025-06-23
10359,P101,Electronics,175,4,2024-07-23
10360,P113,Electronics,1165,4,2024-12-27
10361,P106,Electronics,1727,5,2025-06-22
10362,P114,Clothing,1063,3,2025-08-03
10363,P105,Grocery,503,4,2024-12-31
10364,P106,Electronics,303,2,2025-11-28
10365,P114,Clothing,1742,2,2024-09-05
10366,P107,Grocery,1938,5,2024-09-09
10367,P113,Electronics,657,3,2025-08-23
10368,P100,Clothing,252,5,2025-04-09
10369,P103,Home,250,1,2025-03-08
10370,P101,Electronics,445,5,2025-12-17
10371,P100,Clothing,1782,5,2026-01-26
10372,P100,Clothing,256,2,2024-09-24
10373,P106,Electronics,624,1,2024-05-10
10374,P111,Home,1996,4,2024-07-04
10375,P111,Home,1676,2,2024-04-19
10376,P102,Home,889,1,2024-12-28
10377,P112,Clothing,1471,3,2025-06-12
10378,P113,Electronics,1987,4,2024-05-18
10379,P107,Grocery,290,4,2025-12-12
10380,P108,Sports,694,1,2025-05-27
10381,P110,Grocery,212,2,2025-10-30
10382,P106,Electronics,195,2,2025-07-01
10383,P107,Grocery,388,3,2025-06-29
10384,P102,Home,1187,5,2024-05-30
10385,P109,Grocery,599,2,2026-02-17
10386,P101,Electronics,1121,4,2024-10-22
10387,P109,Grocery,1358,2,2024-11-16
10388,P108,Sports,284,2,2024-05-15
10389,P105,Grocery,1648,5,2024-09-16
10390,P105,Grocery,1017,5,2026-01-28
10391,P114,Clothing,1455,2,2025-09-19
10392,P108,Sports,628,1,2025-12-18
10393,P101,Electronics,307,1,2025-08-18
10394,P100,Clothing,384,2,2025-03-09
10395,P107,Grocery,776,2,2025-09-01
10396,P111,Home,1683,3,2024-10-12
10397,P107,Grocery,999,2,2025-04-12
10398,P106,Electronics,1298,2,2024-12-30
10399,P106,Electronics,1681,1,2024-05-30
10400,P100,Clothing,1774,4,2026-01-27
10401,P105,Grocery,1011,1,2024-12-28
10402,P114,Clothing,1129,3,2024-08-07
10403,P104,Grocery,124,3,2024-09-03
10404,P103,Home,556,5,2026-03-30
10405,P101,Electronics,700,3,2025-05-21
10406,P111,Home,683,1,2025-11-17
10407,P108,Sports,484,3,2025-10-01
10408,P112,Clothing,1207,5,2025-05-31
10409,P113,Electronics,1219,2,2025-04-21
10410,P104,Grocery,931,3,2026-01-16
10411,P100,Clothing,1882,1,2024-08-13
10412,P105,Grocery,1143,2,2025-07-22
10413,P109,Grocery,1856,1,2026-04-06
10414,P107,Grocery,1722,5,2025-07-29
10415,P109,Grocery,1251,5,2025-05-15
10416,P105,Grocery,1207,2,2024-12-05
10417,P112,Clothing,1193,2,2025-09-03
10418,P106,Electronics,946,4,2025-06-09
10419,P114,Clothing,1697,5,2025-11-09
10420,P100,Clothing,1279,1,2025-06-09
10421,P100,Clothing,489,1,2024-07-01
10422,P109,Grocery,1688,4,2025-11-17
10423,P102,Home,309,5,2026-01-29
10424,P109,Grocery,1721,4,2025-01-31
10425,P101,Electronics,235,2,2025-11-17
10426,P114,Clothing,796,5,2025-03-26
10427,P104,Grocery,923,5,2024-12-20
10428,P105,Grocery,368,2,2025-12-10
10429,P112,Clothing,675,2,2024-08-23
10430,P114,Clothing,1370,5,2025-11-06
10431,P112,Clothing,1839,3,2024-06-04
10432,P109,Grocery,861,1,2024-04-22
10433,P107,Grocery,831,2,2024-12-03
10434,P109,Grocery,1944,4,2025-03-24
10435,P106,Electronics,1967,2,2025-11-15
10436,P111,Home,1714,4,2025-02-15
10437,P113,Electronics,1891,4,2024-11-21
10438,P108,Sports,479,4,2026-04-13
10439,P103,Home,1578,5,2025-01-18
10440,P110,Grocery,119,1,2024-12-23
10441,P113,Electronics,516,2,2024-11-22
10442,P105,Grocery,1962,5,2024-09-15
10443,P109,Grocery,884,2,2025-04-07
10444,P106,Electronics,1555,4,2024-09-23
10445,P109,Grocery,506,2,2024-11-09
10446,P105,Grocery,1900,2,2024-08-25
10447,P110,Grocery,373,5,2025-01-22
10448,P104,Grocery,1230,3,2025-06-29
10449,P104,Grocery,1886,1,2024-05-03
10450,P114,Clothing,1049,4,2025-07-21
10451,P113,Electronics,1885,4,2025-09-28
10452,P101,Electronics,861,5,2025-03-11
10453,P113,Electronics,1076,3,2025-03-20
10454,P112,Clothing,760,2,2025-07-23
10455,P110,Grocery,760,1,2025-01-02
10456,P104,Grocery,1279,3,2025-12-12
10457,P110,Grocery,503,1,2024-06-30
10458,P110,Grocery,238,3,2026-02-24
10459,P106,Electronics,1988,3,2026-03-25
10460,P105,Grocery,1861,5,2025-10-05
10461,P105,Grocery,1404,5,2024-05-22
10462,P102,Home,1537,2,2024-06-05
10463,P110,Grocery,676,1,2025-10-19
10464,P112,Clothing,857,2,2025-03-14
10465,P113,Electronics,327,2,2025-11-22
10466,P106,Electronics,1722,4,2025-09-25
10467,P113,Electronics,447,2,2024-10-16
10468,P112,Clothing,749,4,2025-10-03
10469,P102,Home,1444,3,2024-12-14
10470,P102,Home,1229,4,2025-10-04
10471,P113,Electronics,392,5,2025-10-10
10472,P103,Home,1841,3,2025-05-23
10473,P113,Electronics,1522,2,2025-03-04
10474,P104,Grocery,281,3,2025-03-14
10475,P104,Grocery,176,2,2024-07-10
10476,P105,Grocery,1179,3,2025-12-08
10477,P107,Grocery,918,3,2025-02-20
10478,P109,Grocery,1418,1,2025-03-24
10479,P111,Home,389,3,2025-07-27
10480,P113,Electronics,1104,2,2025-05-26
10481,P102,Home,1756,4,2025-12-20
10482,P112,Clothing,638,4,2024-10-24
10483,P102,Home,1949,5,2025-06-17
10484,P100,Clothing,522,3,2024-04-20
10485,P102,Home,460,3,2025-09-09
10486,P106,Electronics,259,1,2025-06-02
10487,P107,Grocery,911,2,2024-08-20
10488,P108,Sports,1442,4,2025-06-16
10489,P107,Grocery,465,4,2025-01-02
10490,P114,Clothing,1162,5,2025-08-01
10491,P113,Electronics,1528,1,2025-06-22
10492,P103,Home,157,2,2025-12-18
10493,P112,Clothing,1043,1,2025-02-22
10494,P100,Clothing,1694,3,2024-12-24
10495,P102,Home,1554,4,2024-12-28
10496,P114,Clothing,448,4,2025-08-21
10497,P110,Grocery,129,5,2025-07-31
10498,P101,Electronics,600,4,2024-07-06
10499,P111,Home,1433,2,2025-09-01
10500,P106,Electronics,1839,5,2026-02-18
10501,P112,Clothing,276,5,2025-08-01
10502,P105,Grocery,1630,4,2025-08-16
10503,P112,Clothing,1631,3,2025-03-27
10504,P112,Clothing,1626,4,2025-05-07
10505,P106,Electronics,1689,4,2025-09-29
10506,P101,Electronics,420,5,2025-03-14
10507,P104,Grocery,465,4,2024-09-11
10508,P103,Home,938,2,2026-01-26
10509,P109,Grocery,954,1,2025-05-28
10510,P109,Grocery,1316,2,2026-04-17
10511,P109,Grocery,823,3,2026-02-02
10512,P110,Grocery,302,1,2024-10-24
10513,P103,Home,886,4,2025-11-10
10514,P100,Clothing,355,1,2024-07-01
10515,P109,Grocery,901,4,2025-09-04
10516,P104,Grocery,727,2,2025-09-14
10517,P103,Home,1531,4,2025-10-12
10518,P109,Grocery,506,3,2025-05-20
10519,P103,Home,1990,5,2024-06-22
10520,P101,Electronics,918,5,2024-07-01
10521,P104,Grocery,1623,3,2025-12-13
10522,P114,Clothing,1189,2,2024-05-02
10523,P101,Electronics,731,1,2025-06-02
10524,P104,Grocery,797,1,2024-04-19
10525,P103,Home,1584,3,2024-12-04
10526,P110,Grocery,1765,2,2025-11-15
10527,P112,Clothing,1755,5,2025-06-12
10528,P109,Grocery,314,5,2024-08-07
10529,P100,Clothing,1008,2,2024-09-24
10530,P103,Home,1213,3,2024-05-23
10531,P110,Grocery,967,3,2024-10-01
10532,P101,Electronics,982,4,2025-10-07
10533,P108,Sports,574,5,2026-01-13
10534,P102,Home,291,1,2025-11-05
10535,P104,Grocery,1793,3,2025-01-30
10536,P110,Grocery,1483,3,2025-12-27
10537,P101,Electronics,1776,1,2025-03-26
10538,P110,Grocery,1354,5,2026-04-11
10539,P102,Home,1394,4,2025-09-01
10540,P101,Electronics,758,4,2025-04-14
10541,P105,Grocery,1160,5,2026-04-15
10542,P110,Grocery,117,5,2024-10-04
10543,P103,Home,589,3,2025-04-11
10544,P103,Home,557,1,2024-12-28
10545,P106,Electronics,1880,1,2026-01-05
10546,P100,Clothing,978,2,2025-06-17
10547,P105,Grocery,105,5,2024-08-30
10548,P112,Clothing,1061,5,2024-05-02
10549,P105,Grocery,375,3,2025-03-12
10550,P109,Grocery,453,4,2025-08-06
10551,P114,Clothing,1270,4,2025-09-28
10552,P101,Electronics,1109,5,2025-08-10
10553,P107,Grocery,104,5,2025-03-16
10554,P114,Clothing,1993,2,2026-01-22
10555,P108,Sports,863,2,2025-02-03
10556,P105,Grocery,1816,3,2026-01-22
10557,P109,Grocery,495,3,2024-05-30
10558,P101,Electronics,1632,1,2025-01-03
10559,P100,Clothing,542,3,2026-03-12
10560,P109,Grocery,1988,5,2024-07-05
10561,P112,Clothing,1412,4,2025-09-29
10562,P112,Clothing,794,2,2025-09-18
10563,P109,Grocery,268,2,2025-01-27
10564,P104,Grocery,106,4,2025-08-13
10565,P102,Home,849,5,2024-05-29
10566,P107,Grocery,1858,5,2026-03-02
10567,P110,Grocery,1288,5,2025-11-14
10568,P105,Grocery,1304,3,2024-05-25
10569,P105,Grocery,775,3,2024-06-28
10570,P106,Electronics,1588,2,2024-06-07
10571,P110,Grocery,570,4,2026-01-13
10572,P109,Grocery,1487,4,2025-08-02
10573,P100,Clothing,1328,2,2025-07-28
10574,P105,Grocery,522,4,2024-07-16
10575,P113,Electronics,317,4,2026-03-28
10576,P106,Electronics,1787,5,2024-11-24
10577,P111,Home,199,1,2025-12-12
10578,P101,Electronics,984,3,2025-02-08
10579,P114,Clothing,1231,4,2024-11-12
10580,P112,Clothing,1315,1,2024-09-22
10581,P106,Electronics,1424,1,2025-09-30
10582,P107,Grocery,1414,5,2024-08-29
10583,P113,Electronics,1896,3,2025-09-01
10584,P109,Grocery,1799,5,2024-10-28
10585,P104,Grocery,1534,1,2024-05-07
10586,P101,Electronics,780,3,2025-05-27
10587,P112,Clothing,1649,2,2024-07-18
10588,P101,Electronics,994,5,2025-10-13
10589,P112,Clothing,1520,2,2025-07-04
10590,P109,Grocery,1573,2,2025-01-13
10591,P101,Electronics,1941,4,2025-03-05
10592,P101,Electronics,1537,1,2025-02-26
10593,P104,Grocery,458,3,2025-05-17
10594,P103,Home,1149,3,2026-02-27
10595,P104,Grocery,1055,5,2025-11-02
10596,P112,Clothing,1873,4,2025-10-19
10597,P107,Grocery,1138,5,2025-12-28
10598,P105,Grocery,1120,2,2025-04-30
10599,P109,Grocery,112,4,2025-05-10
10600,P111,Home,758,3,2024-10-07
10601,P114,Clothing,1621,3,2025-03-03
10602,P113,Electronics,1363,4,2026-04-08
10603,P110,Grocery,1757,4,2025-11-21
10604,P101,Electronics,1041,3,2024-12-29
10605,P106,Electronics,1369,4,2024-05-11
10606,P102,Home,399,5,2025-08-16
10607,P107,Grocery,190,3,2025-08-27
10608,P102,Home,211,4,2024-11-26
10609,P108,Sports,248,4,2025-02-14
10610,P103,Home,441,1,2024-05-19
10611,P109,Grocery,1399,1,2025-12-13
10612,P112,Clothing,1817,2,2025-03-16
10613,P106,Electronics,625,5,2024-09-19
10614,P106,Electronics,1344,4,2026-04-14
10615,P104,Grocery,1512,1,2025-04-03
10616,P102,Home,225,5,2024-09-05
10617,P104,Grocery,946,2,2025-02-03
10618,P104,Grocery,1146,5,2025-11-21
10619,P101,Electronics,123,5,2024-07-14
10620,P100,Clothing,1160,2,2024-07-26
10621,P114,Clothing,1955,1,2024-12-23
10622,P113,Electronics,824,3,2025-08-22
10623,P105,Grocery,859,1,2025-12-15
10624,P114,Clothing,527,4,2026-03-12
10625,P112,Clothing,1183,1,2024-12-28
10626,P107,Grocery,311,3,2025-02-27
10627,P102,Home,717,3,2025-01-31
10628,P113,Electronics,892,5,2024-07-23
10629,P105,Grocery,268,3,2026-03-24
10630,P108,Sports,516,1,2026-02-26
10631,P104,Grocery,1789,1,2025-12-19
10632,P110,Grocery,1748,5,2025-12-16
10633,P104,Grocery,1802,3,2025-09-09
10634,P112,Clothing,699,1,2026-04-10
10635,P108,Sports,1543,3,2025-12-03
10636,P104,Grocery,1030,3,2024-08-17
10637,P106,Electronics,316,5,2025-11-01
10638,P111,Home,795,5,2025-06-25
10639,P113,Electronics,917,4,2025-09-04
10640,P109,Grocery,1346,3,2025-04-02
10641,P113,Electronics,303,3,2024-10-06
10642,P104,Grocery,420,3,2025-12-17
10643,P101,Electronics,1715,1,2024-06-03
10644,P107,Grocery,264,3,2024-10-13
10645,P110,Grocery,568,4,2025-08-22
10646,P112,Clothing,986,5,2025-06-21
10647,P112,Clothing,845,1,2025-06-22
10648,P114,Clothing,349,3,2024-07-31
10649,P114,Clothing,418,5,2025-11-30
10650,P103,Home,1027,3,2025-07-19
10651,P106,Electronics,1418,1,2025-10-09
10652,P111,Home,749,4,2025-05-22
10653,P102,Home,520,4,2025-02-20
10654,P113,Electronics,1361,1,2026-03-17
10655,P100,Clothing,589,1,2025-09-09
10656,P101,Electronics,1240,3,2025-03-17
10657,P114,Clothing,777,4,2026-01-12
10658,P104,Grocery,1062,1,2024-05-06
10659,P105,Grocery,632,5,2026-01-21
10660,P109,Grocery,983,2,2025-08-01
10661,P101,Electronics,483,5,2026-01-21
10662,P108,Sports,1750,3,2025-06-27
10663,P114,Clothing,1237,2,2025-05-13
10664,P104,Grocery,653,2,2025-03-24
10665,P108,Sports,1347,2,2024-06-17
10666,P111,Home,1345,5,2025-11-11
10667,P104,Grocery,1894,3,2026-03-25
10668,P106,Electronics,1405,1,2025-11-02
10669,P103,Home,1473,5,2024-04-19
10670,P109,Grocery,1237,3,2025-03-04
10671,P113,Electronics,1744,2,2026-04-18
10672,P104,Grocery,492,3,2025-07-15
10673,P111,Home,1188,1,2025-06-13
10674,P109,Grocery,105,1,2026-02-28
10675,P109,Grocery,1784,4,2024-10-22
10676,P103,Home,1142,4,2024-04-25
10677,P100,Clothing,424,3,2026-01-29
10678,P113,Electronics,1376,5,2024-11-07
10679,P106,Electronics,1013,4,2025-12-13
10680,P111,Home,1549,3,2025-01-27
10681,P110,Grocery,233,3,2025-05-30
10682,P100,Clothing,1224,1,2024-07-12
10683,P113,Electronics,1936,4,2024-04-26
10684,P108,Sports,1104,4,2026-02-06
10685,P101,Electronics,1447,4,2024-08-04
10686,P109,Grocery,1365,3,2025-12-03
10687,P104,Grocery,1544,1,2025-08-27
10688,P109,Grocery,1509,1,2025-03-27
10689,P114,Clothing,1250,4,2026-03-07
10690,P107,Grocery,1229,5,2025-09-20
10691,P100,Clothing,849,1,2025-05-13
10692,P109,Grocery,1455,3,2024-11-17
10693,P100,Clothing,793,1,2026-01-21
10694,P101,Electronics,992,5,2025-11-14
10695,P109,Grocery,526,2,2026-02-19
10696,P114,Clothing,1666,1,2024-07-06
10697,P110,Grocery,797,5,2024-08-27
10698,P102,Home,1183,5,2025-05-18
10699,P111,Home,1685,2,2024-06-12
10700,P102,Home,1276,5,2026-02-08
10701,P114,Clothing,930,2,2025-11-26
10702,P102,Home,1266,4,2025-07-11
10703,P100,Clothing,1150,5,2024-07-30
10704,P112,Clothing,1846,2,2025-07-10
10705,P113,Electronics,1011,3,2026-04-07
10706,P103,Home,1961,4,2024-11-02
10707,P114,Clothing,134,5,2024-09-29
10708,P110,Grocery,698,2,2024-07-29
10709,P114,Clothing,703,3,2025-09-01
10710,P107,Grocery,697,4,2025-11-23
10711,P113,Electronics,1483,3,2025-12-14
10712,P107,Grocery,1725,1,2025-05-01
10713,P113,Electronics,502,3,2024-12-14
10714,P110,Grocery,1593,2,2025-12-29
10715,P106,Electronics,1673,4,2025-06-01
10716,P107,Grocery,946,3,2025-10-05
10717,P114,Clothing,1413,2,2025-04-12
10718,P105,Grocery,183,5,2024-10-02
10719,P105,Grocery,526,5,2025-06-11
10720,P105,Grocery,1640,2,2025-12-15
10721,P112,Clothing,647,1,2025-10-25
10722,P103,Home,479,3,2025-09-10
10723,P109,Grocery,372,5,2024-12-21
10724,P101,Electronics,677,1,2024-10-22
10725,P109,Grocery,1511,5,2024-05-13
10726,P106,Electronics,492,1,2025-06-18
10727,P103,Home,490,4,2024-12-28
10728,P109,Grocery,1017,3,2024-08-19
10729,P100,Clothing,1019,5,2025-01-19
10730,P106,Electronics,612,5,2024-05-08
10731,P106,Electronics,882,2,2024-10-26
10732,P106,Electronics,201,5,2025-01-17
10733,P101,Electronics,1652,1,2025-02-05
10734,P113,Electronics,753,4,2024-09-12
10735,P104,Grocery,835,1,2025-08-03
10736,P113,Electronics,812,1,2024-09-16
10737,P112,Clothing,1290,5,2026-04-09
10738,P108,Sports,625,2,2025-06-06
10739,P104,Grocery,1623,1,2025-07-26
10740,P106,Electronics,1717,2,2026-01-28
10741,P112,Clothing,1002,4,2024-09-24
10742,P114,Clothing,1345,2,2024-05-10
10743,P113,Electronics,1971,2,2025-02-20
10744,P113,Electronics,1838,2,2025-03-27
10745,P107,Grocery,1297,3,2024-04-27
10746,P109,Grocery,685,1,2024-10-16
10747,P100,Clothing,1415,4,2025-08-17
10748,P111,Home,1423,1,2025-05-03
10749,P114,Clothing,1054,3,2025-08-03
10750,P112,Clothing,1106,4,2026-02-02
10751,P104,Grocery,1874,4,2025-09-24
10752,P103,Home,425,4,2025-01-22
10753,P109,Grocery,230,2,2025-06-13
10754,P109,Grocery,1863,1,2026-02-06
10755,P112,Clothing,963,2,2025-11-14
10756,P112,Clothing,1603,1,2025-09-05
10757,P112,Clothing,1860,4,2024-06-24
10758,P112,Clothing,706,2,2025-10-27
10759,P103,Home,1289,5,2024-12-15
10760,P112,Clothing,289,5,2025-06-13
10761,P106,Electronics,1098,1,2024-05-15
10762,P100,Clothing,1622,2,2025-06-12
10763,P112,Clothing,460,3,2025-04-07
10764,P113,Electronics,1252,5,2025-08-09
10765,P103,Home,753,4,2025-06-26
10766,P111,Home,512,3,2024-12-16
10767,P111,Home,310,3,2025-03-23
10768,P101,Electronics,1465,5,2025-07-21
10769,P106,Electronics,1242,2,2026-02-02
10770,P108,Sports,316,3,2024-10-22
10771,P105,Grocery,325,5,2025-02-23
10772,P114,Clothing,812,4,2024-11-13
10773,P108,Sports,1079,2,2025-10-16
10774,P109,Grocery,1558,4,2025-08-29
10775,P109,Grocery,479,4,2025-07-22
10776,P103,Home,1347,3,2025-08-17
10777,P105,Grocery,1542,2,2025-04-17
10778,P100,Clothing,1174,4,2024-12-24
10779,P114,Clothing,859,5,2024-05-04
10780,P103,Home,492,1,2025-04-18
10781,P103,Home,930,5,2025-12-31
10782,P100,Clothing,1434,1,2024-10-26
10783,P110,Grocery,1275,4,2025-03-24
10784,P101,Electronics,1256,2,2024-11-07
10785,P104,Grocery,1580,3,2024-04-26
10786,P103,Home,490,2,2024-05-07
10787,P114,Clothing,1379,2,2024-07-16
10788,P109,Grocery,894,5,2026-03-21
10789,P113,Electronics,1230,2,2025-10-31
10790,P112,Clothing,1967,5,2025-03-30
10791,P110,Grocery,119,4,2025-04-09
10792,P109,Grocery,892,5,2024-05-04
10793,P102,Home,1036,3,2024-09-06
10794,P112,Clothing,505,3,2025-12-08
10795,P101,Electronics,1047,1,2025-11-21
10796,P114,Clothing,1201,4,2025-04-20
10797,P108,Sports,868,3,2026-04-16
10798,P105,Grocery,655,5,2024-11-29
10799,P102,Home,1207,3,2025-06-19
10800,P112,Clothing,1960,2,2024-04-21
10801,P111,Home,1120,2,2024-11-22
10802,P106,Electronics,250,2,2025-09-26
10803,P108,Sports,1162,5,2024-09-07
10804,P104,Grocery,1612,1,2025-07-04
10805,P114,Clothing,1804,2,2025-05-29
10806,P105,Grocery,270,4,2025-06-20
10807,P101,Electronics,1362,5,2024-11-24
10808,P106,Electronics,1183,5,2024-08-27
10809,P103,Home,671,2,2025-01-15
10810,P109,Grocery,1896,1,2025-04-02
10811,P111,Home,1223,2,2024-06-03
10812,P114,Clothing,602,3,2025-12-26
10813,P109,Grocery,743,2,2025-09-08
10814,P107,Grocery,1761,2,2026-01-17
10815,P113,Electronics,1872,2,2025-06-20
10816,P106,Electronics,1079,2,2024-08-18
10817,P105,Grocery,1436,3,2025-09-03
10818,P114,Clothing,1328,4,2024-10-21
10819,P110,Grocery,1023,4,2024-05-29
10820,P111,Home,180,5,2025-05-29
10821,P102,Home,590,1,2025-12-16
10822,P105,Grocery,1826,4,2025-11-27
10823,P110,Grocery,1267,1,2026-01-22
10824,P105,Grocery,1766,3,2026-02-07
10825,P111,Home,1380,1,2026-03-31
10826,P103,Home,1577,4,2024-09-18
10827,P103,Home,324,2,2024-11-15
10828,P111,Home,529,1,2025-12-19
10829,P113,Electronics,611,3,2025-08-09
10830,P113,Electronics,907,4,2025-08-07
10831,P110,Grocery,458,1,2024-09-02
10832,P102,Home,738,3,2025-02-25
10833,P114,Clothing,557,2,2026-02-02
10834,P113,Electronics,1243,5,2024-06-22
10835,P108,Sports,1383,3,2024-08-06
10836,P102,Home,1865,4,2024-12-01
10837,P112,Clothing,1492,3,2025-04-05
10838,P107,Grocery,481,3,2026-04-01
10839,P114,Clothing,827,1,2026-01-04
10840,P114,Clothing,1728,1,2024-07-26
10841,P102,Home,1164,1,2024-05-21
10842,P102,Home,1523,4,2024-09-14
10843,P110,Grocery,653,2,2025-10-17
10844,P109,Grocery,1176,2,2025-04-10
10845,P104,Grocery,1475,2,2026-02-10
10846,P107,Grocery,1374,1,2024-12-11
10847,P109,Grocery,352,3,2025-03-30
10848,P108,Sports,367,3,2025-02-26
10849,P106,Electronics,455,3,2025-01-02
10850,P110,Grocery,1742,2,2025-11-06
10851,P103,Home,1027,2,2025-04-29
10852,P112,Clothing,1766,4,2024-07-23
10853,P108,Sports,612,5,2026-02-05
10854,P113,Electronics,1281,4,2025-02-01
10855,P112,Clothing,1209,2,2024-05-20
10856,P101,Electronics,1676,4,2025-08-09
10857,P110,Grocery,1341,4,2026-02-06
10858,P112,Clothing,683,3,2025-08-21
10859,P102,Home,801,3,2024-06-12
10860,P100,Clothing,363,4,2024-11-19
10861,P103,Home,537,3,2024-12-08
10862,P103,Home,821,4,2025-02-02
10863,P111,Home,944,2,2025-04-04
10864,P102,Home,869,3,2025-10-31
10865,P102,Home,613,4,2024-10-15
10866,P106,Electronics,1967,2,2025-06-02
10867,P106,Electronics,1524,4,2025-07-28
10868,P103,Home,1048,3,2024-07-20
10869,P112,Clothing,918,4,2024-04-27
10870,P102,Home,1112,2,2024-04-18
10871,P108,Sports,1837,5,2024-06-21
10872,P103,Home,1980,5,2025-08-19
10873,P110,Grocery,1534,5,2024-08-09
10874,P112,Clothing,1100,3,2024-06-25
10875,P100,Clothing,1404,1,2026-02-06
10876,P105,Grocery,535,1,2025-04-19
10877,P108,Sports,1899,5,2024-04-20
10878,P102,Home,1870,5,2025-08-09
10879,P101,Electronics,669,3,2026-04-06
10880,P109,Grocery,531,3,2026-04-08
10881,P108,Sports,1583,5,2026-04-03
10882,P107,Grocery,1309,2,2025-07-11
10883,P107,Grocery,100,2,2025-07-08
10884,P103,Home,375,4,2025-09-27
10885,P105,Grocery,1923,5,2024-10-27
10886,P104,Grocery,1852,5,2024-09-02
10887,P101,Electronics,1324,4,2026-03-05
10888,P110,Grocery,228,4,2024-12-12
10889,P103,Home,1207,2,2026-04-05
10890,P113,Electronics,1437,4,2024-06-17
10891,P106,Electronics,590,3,2025-11-19
10892,P109,Grocery,1050,1,2024-07-30
10893,P112,Clothing,545,3,2025-06-04
10894,P112,Clothing,1516,1,2024-09-12
10895,P111,Home,512,2,2024-08-12
10896,P102,Home,1430,5,2025-10-05
10897,P104,Grocery,1566,5,2025-12-10
10898,P109,Grocery,1046,4,2025-05-07
10899,P112,Clothing,730,1,2024-08-10
10900,P100,Clothing,640,4,2025-12-03
10901,P108,Sports,717,4,2026-02-22
10902,P110,Grocery,1075,1,2025-06-18
10903,P100,Clothing,355,1,2025-11-04
10904,P103,Home,561,2,2025-10-25
10905,P102,Home,615,2,2026-01-25
10906,P100,Clothing,1510,5,2024-12-27
10907,P112,Clothing,319,4,2024-10-14
10908,P109,Grocery,1220,1,2025-03-04
10909,P110,Grocery,1219,5,2025-09-20
10910,P107,Grocery,1955,1,2025-12-02
10911,P109,Grocery,839,4,2025-06-27
10912,P110,Grocery,1701,2,2024-12-22
10913,P109,Grocery,1988,2,2026-04-18
10914,P109,Grocery,560,4,2024-12-29
10915,P113,Electronics,1060,2,2025-02-27
10916,P107,Grocery,260,3,2024-05-28
10917,P104,Grocery,1091,2,2024-12-02
10918,P108,Sports,733,3,2024-10-14
10919,P114,Clothing,1039,3,2024-10-19
10920,P101,Electronics,1707,1,2026-02-14
10921,P110,Grocery,1333,2,2024-10-07
10922,P100,Clothing,815,2,2026-01-24
10923,P113,Electronics,1300,5,2024-08-02
10924,P100,Clothing,1832,2,2025-12-30
10925,P106,Electronics,1493,5,2025-10-26
10926,P105,Grocery,1152,2,2025-04-03
10927,P105,Grocery,1181,1,2024-05-08
10928,P105,Grocery,948,2,2026-03-11
10929,P104,Grocery,459,5,2025-04-10
10930,P110,Grocery,127,2,2025-12-19
10931,P111,Home,582,3,2024-05-07
10932,P102,Home,335,3,2025-11-22
10933,P103,Home,108,5,2026-01-09
10934,P112,Clothing,1551,5,2025-02-08
10935,P113,Electronics,1356,1,2026-03-10
10936,P111,Home,1541,2,2025-02-02
10937,P113,Electronics,1909,2,2025-05-24
10938,P101,Electronics,1700,5,2026-01-14
10939,P102,Home,1253,2,2024-11-15
10940,P100,Clothing,672,3,2025-03-01
10941,P113,Electronics,1950,1,2025-04-25
10942,P103,Home,520,4,2025-08-14
10943,P103,Home,1344,3,2025-09-20
10944,P109,Grocery,819,4,2025-03-24
10945,P109,Grocery,990,3,2025-03-21
10946,P106,Electronics,827,4,2024-07-30
10947,P109,Grocery,493,2,2025-03-05
10948,P101,Electronics,389,5,2025-05-10
10949,P108,Sports,932,1,2024-06-18
10950,P113,Electronics,616,3,2025-08-06
10951,P112,Clothing,676,3,2026-01-25
10952,P112,Clothing,1734,2,2025-03-28
10953,P103,Home,1435,2,2026-03-13
10954,P108,Sports,194,5,2025-08-12
10955,P107,Grocery,1010,2,2025-09-20
10956,P108,Sports,1257,3,2026-03-18
10957,P110,Grocery,1977,2,2024-04-26
10958,P111,Home,509,1,2024-06-14
10959,P105,Grocery,1366,3,2025-08-12
10960,P106,Electronics,662,3,2025-05-24
10961,P113,Electronics,398,1,2025-05-19
10962,P105,Grocery,460,2,2025-11-23
10963,P112,Clothing,600,1,2025-05-14
10964,P110,Grocery,1014,3,2026-04-03
10965,P105,Grocery,601,4,2025-11-19
10966,P101,Electronics,184,3,2026-03-28
10967,P102,Home,842,5,2025-07-07
10968,P113,Electronics,1773,4,2025-03-25
10969,P112,Clothing,1460,5,2025-04-07
10970,P107,Grocery,654,1,2026-03-28
10971,P103,Home,1302,5,2024-10-18
10972,P104,Grocery,1492,1,2025-08-09
10973,P106,Electronics,173,1,2026-01-02
10974,P108,Sports,1736,2,2024-06-01
10975,P107,Grocery,359,5,2025-04-14
10976,P107,Grocery,813,1,2026-03-08
10977,P111,Home,636,1,2025-06-15
10978,P101,Electronics,1444,1,2025-05-31
10979,P101,Electronics,182,3,2025-06-30
10980,P111,Home,240,4,2025-12-05
10981,P106,Electronics,920,3,2024-05-19
10982,P107,Grocery,1629,5,2025-01-10
10983,P105,Grocery,176,5,2026-01-24
10984,P109,Grocery,1278,2,2024-11-26
10985,P111,Home,269,2,2024-05-04
10986,P101,Electronics,367,4,2026-01-22
10987,P109,Grocery,947,1,2025-08-28
10988,P100,Clothing,573,3,2025-02-05
10989,P102,Home,1867,2,2024-08-18
10990,P110,Grocery,431,2,2025-03-31
10991,P105,Grocery,523,5,2025-11-28
10992,P103,Home,696,4,2024-12-06
10993,P114,Clothing,1303,2,2025-02-06
10994,P113,Electronics,999,1,2024-10-04
10995,P113,Electronics,1901,4,2026-01-05
10996,P114,Clothing,921,5,2024-04-21
10997,P102,Home,151,2,2026-01-18
10998,P104,Grocery,1237,2,2025-07-05
10999,P101,Electronics,1472,1,2025-05-05
11000,P107,Grocery,1356,3,2025-09-18
11001,P104,Grocery,1701,4,2024-05-26
11002,P102,Home,983,5,2025-08-22
11003,P110,Grocery,1989,5,2025-02-14
11004,P111,Home,1101,1,2025-09-27
11005,P100,Clothing,1609,4,2024-08-12
11006,P106,Electronics,132,4,2025-09-26
11007,P111,Home,1686,4,2024-05-12
11008,P106,Electronics,1884,2,2025-03-13
11009,P109,Grocery,1413,1,2025-06-09
11010,P100,Clothing,1869,5,2024-11-18
11011,P112,Clothing,992,4,2025-09-30
11012,P110,Grocery,1275,4,2025-03-03
11013,P106,Electronics,864,5,2025-03-12
11014,P112,Clothing,1129,3,2025-01-03
11015,P100,Clothing,1858,5,2025-10-25
11016,P105,Grocery,1030,5,2025-03-21
11017,P100,Clothing,1055,4,2025-09-11
11018,P105,Grocery,1816,2,2024-06-03
11019,P110,Grocery,1276,2,2026-02-10
11020,P104,Grocery,1082,2,2024-05-13
11021,P107,Grocery,567,5,2024-11-17
11022,P101,Electronics,424,1,2026-03-25
11023,P111,Home,1765,2,2024-08-19
11024,P105,Grocery,1851,4,2026-02-15
11025,P101,Electronics,1053,5,2025-08-25
11026,P109,Grocery,959,4,2024-05-28
11027,P105,Grocery,1114,3,2026-01-16
11028,P111,Home,161,5,2025-05-18
11029,P112,Clothing,1938,5,2026-01-06
11030,P106,Electronics,1018,4,2025-10-24
11031,P110,Grocery,1510,3,2024-11-19
11032,P100,Clothing,449,4,2024-12-03
11033,P109,Grocery,1379,4,2025-07-24
11034,P103,Home,1343,2,2024-05-11
11035,P103,Home,1212,2,2026-01-28
11036,P101,Electronics,972,4,2025-07-13
11037,P105,Grocery,795,1,2024-04-28
11038,P110,Grocery,722,1,2025-01-29
11039,P101,Electronics,1560,2,2024-08-25
11040,P103,Home,1314,4,2025-06-07
11041,P101,Electronics,1238,2,2025-08-29
11042,P102,Home,1578,5,2025-06-12
11043,P105,Grocery,1651,5,2025-02-11
11044,P104,Grocery,1240,1,2024-11-10
11045,P106,Electronics,1075,4,2025-05-12
11046,P111,Home,150,4,2024-08-08
11047,P104,Grocery,1521,5,2025-06-11
11048,P107,Grocery,763,2,2024-08-04
11049,P112,Clothing,1378,1,2025-08-01
11050,P111,Home,1345,2,2026-01-29
11051,P103,Home,937,4,2026-04-15
11052,P109,Grocery,965,4,2026-02-02
11053,P111,Home,496,4,2024-11-24
11054,P112,Clothing,1285,5,2026-02-25
11055,P109,Grocery,348,4,2024-08-11
11056,P112,Clothing,1466,5,2026-02-08
11057,P112,Clothing,721,1,2025-06-10
11058,P103,Home,1658,3,2026-01-29
11059,P108,Sports,878,3,2025-10-05
11060,P104,Grocery,1233,2,2025-07-07
11061,P100,Clothing,1415,2,2024-06-25
11062,P111,Home,1955,3,2024-05-19
11063,P100,Clothing,773,5,2025-11-20
11064,P105,Grocery,1564,2,2025-02-25
11065,P108,Sports,1980,5,2024-05-29
11066,P111,Home,1729,2,2025-09-21
11067,P114,Clothing,1894,4,2026-03-17
11068,P104,Grocery,422,5,2024-09-20
11069,P101,Electronics,1902,1,2025-06-12
11070,P114,Clothing,1684,5,2026-01-16
11071,P110,Grocery,988,3,2025-10-06
11072,P114,Clothing,972,3,2024-07-11
11073,P105,Grocery,1596,1,2025-08-07
11074,P112,Clothing,1387,4,2024-05-29
11075,P103,Home,1211,2,2025-10-06
11076,P105,Grocery,806,5,2025-09-22
11077,P110,Grocery,1329,1,2025-01-22
11078,P100,Clothing,1464,4,2026-01-17
11079,P112,Clothing,278,3,2024-12-27
11080,P112,Clothing,879,5,2025-06-09
11081,P111,Home,582,1,2026-01-05
11082,P101,Electronics,524,1,2025-02-22
11083,P109,Grocery,1310,1,2025-01-08
11084,P100,Clothing,117,2,2025-05-19
11085,P114,Clothing,600,1,2025-03-20
11086,P103,Home,984,4,2025-08-18
11087,P106,Electronics,472,2,2025-03-30
11088,P111,Home,574,5,2025-06-16
11089,P100,Clothing,804,5,2024-10-30
11090,P113,Electronics,1699,2,2026-02-24
11091,P112,Clothing,1950,1,2025-01-01
11092,P101,Electronics,1924,4,2026-01-05
11093,P103,Home,1737,1,2025-04-15
11094,P107,Grocery,1902,2,2024-08-09
11095,P106,Electronics,211,3,2025-08-19
11096,P111,Home,1307,2,2025-05-04
11097,P104,Grocery,1017,4,2025-09-19
11098,P112,Clothing,641,2,2025-02-17
11099,P110,Grocery,1898,2,2024-10-23
11100,P103,Home,1359,3,2024-09-23
11101,P114,Clothing,631,5,2025-07-13
11102,P101,Electronics,432,5,2025-11-01
11103,P114,Clothing,821,5,2025-06-16
11104,P112,Clothing,147,1,2025-06-29
11105,P108,Sports,232,5,2025-06-22
11106,P110,Grocery,1268,1,2025-01-28
11107,P102,Home,1651,1,2025-08-20
11108,P106,Electronics,1474,4,2024-07-07
11109,P104,Grocery,1226,5,2025-09-21
11110,P100,Clothing,1398,4,2024-06-15
11111,P111,Home,417,1,2024-12-14
11112,P104,Grocery,1129,4,2026-02-25
11113,P110,Grocery,831,5,2025-03-17
11114,P104,Grocery,1493,5,2024-07-08
11115,P107,Grocery,1191,4,2025-01-10
11116,P101,Electronics,646,5,2025-01-31
11117,P110,Grocery,571,1,2026-02-21
11118,P106,Electronics,687,2,2025-06-20
11119,P102,Home,291,2,2024-06-20
11120,P110,Grocery,1981,1,2026-03-10
11121,P112,Clothing,110,1,2026-03-01
11122,P101,Electronics,1540,5,2024-12-03
11123,P105,Grocery,1214,4,2024-05-23
11124,P114,Clothing,412,2,2024-09-25
11125,P109,Grocery,698,3,2026-03-03
11126,P112,Clothing,666,5,2025-06-11
11127,P101,Electronics,1432,2,2025-10-03
11128,P110,Grocery,835,5,2025-12-10
11129,P112,Clothing,1188,4,2024-07-18
11130,P102,Home,1964,1,2024-08-25
11131,P114,Clothing,519,3,2024-10-01
11132,P102,Home,1859,4,2024-09-13
11133,P108,Sports,1425,5,2024-09-08
11134,P100,Clothing,370,1,2025-11-12
11135,P107,Grocery,379,2,2026-03-23
11136,P112,Clothing,1456,4,2025-03-07
11137,P105,Grocery,933,2,2025-04-11
11138,P114,Clothing,1360,2,2025-03-22
11139,P113,Electronics,1007,4,2025-03-08
11140,P105,Grocery,1265,3,2025-08-30
11141,P111,Home,1800,2,2026-03-10
11142,P110,Grocery,1660,3,2024-08-09
11143,P111,Home,1094,2,2026-04-09
11144,P112,Clothing,917,2,2024-08-30
11145,P108,Sports,712,3,2024-12-29
11146,P100,Clothing,1573,2,2024-09-08
11147,P113,Electronics,1732,4,2025-04-14
11148,P103,Home,1510,1,2024-11-28
11149,P103,Home,1838,4,2025-06-26
11150,P101,Electronics,341,1,2024-06-29
11151,P106,Electronics,119,3,2024-11-03
11152,P112,Clothing,458,2,2026-04-01
11153,P101,Electronics,274,5,2024-12-24
11154,P108,Sports,1210,1,2024-07-21
11155,P104,Grocery,1391,1,2024-07-29
11156,P110,Grocery,1577,1,2025-01-17
11157,P113,Electronics,442,4,2025-12-05
11158,P111,Home,611,3,2025-12-05
11159,P109,Grocery,1680,2,2025-07-07
11160,P100,Clothing,992,3,2024-08-20
11161,P102,Home,1271,2,2025-04-07
11162,P108,Sports,1926,4,2025-12-07
11163,P112,Clothing,498,3,2025-02-18
11164,P110,Grocery,190,3,2025-11-26
11165,P101,Electronics,1980,1,2024-10-17
11166,P113,Electronics,1615,5,2026-02-08
11167,P101,Electronics,610,4,2025-01-05
11168,P100,Clothing,202,4,2025-02-19
11169,P111,Home,1931,4,2025-03-08
11170,P111,Home,632,4,2025-06-15
11171,P111,Home,1262,3,2025-11-08
11172,P107,Grocery,184,4,2025-03-04
11173,P105,Grocery,517,4,2026-01-28
11174,P101,Electronics,1434,4,2024-12-23
11175,P100,Clothing,1573,5,2026-01-15
11176,P107,Grocery,1758,4,2024-11-10
11177,P102,Home,740,5,2025-07-15
11178,P111,Home,435,1,2025-06-30
11179,P111,Home,253,4,2024-12-05
11180,P101,Electronics,379,3,2024-07-13
11181,P105,Grocery,324,4,2026-01-04
11182,P110,Grocery,1915,5,2026-03-27
11183,P105,Grocery,861,4,2026-02-08
11184,P112,Clothing,973,1,2024-06-24
11185,P101,Electronics,999,5,2025-11-09
11186,P100,Clothing,1197,5,2025-07-05
11187,P112,Clothing,663,4,2026-03-20
11188,P114,Clothing,1741,2,2024-05-19
11189,P102,Home,677,4,2024-09-15
11190,P106,Electronics,625,5,2024-08-03
11191,P101,Electronics,905,4,2025-08-21
11192,P109,Grocery,950,5,2025-02-13
11193,P114,Clothing,423,3,2025-05-26
11194,P100,Clothing,1973,2,2025-02-23
11195,P107,Grocery,1345,5,2024-09-23
11196,P105,Grocery,1424,4,2024-07-30
11197,P112,Clothing,1332,2,2025-03-26
11198,P109,Grocery,1577,1,2025-03-30
11199,P108,Sports,1492,3,2025-07-29
11200,P100,Clothing,1079,5,2025-09-16
11201,P102,Home,1642,5,2025-09-05
11202,P114,Clothing,1850,2,2025-11-05
11203,P110,Grocery,1697,5,2024-09-14
11204,P113,Electronics,1213,4,2026-04-04
11205,P110,Grocery,1711,4,2025-02-21
11206,P113,Electronics,691,2,2024-05-01
11207,P111,Home,134,5,2025-06-12
11208,P109,Grocery,1391,3,2025-06-15
11209,P104,Grocery,1292,4,2024-11-15
11210,P108,Sports,909,2,2025-06-29
11211,P106,Electronics,147,2,2024-04-27
11212,P104,Grocery,111,1,2025-05-02
11213,P110,Grocery,606,3,2025-12-04
11214,P110,Grocery,443,4,2025-10-31
11215,P110,Grocery,1120,4,2026-02-04
11216,P113,Electronics,1873,1,2026-02-16
11217,P114,Clothing,1002,2,2025-05-13
11218,P114,Clothing,1821,4,2024-09-08
11219,P112,Clothing,1507,4,2025-02-12
11220,P101,Electronics,368,1,2025-04-19
11221,P114,Clothing,1628,5,2024-07-29
11222,P102,Home,1586,5,2025-06-04
11223,P109,Grocery,282,1,2024-12-18
11224,P105,Grocery,751,1,2024-11-20
11225,P102,Home,1116,1,2024-08-17
11226,P101,Electronics,425,4,2026-01-13
11227,P100,Clothing,458,4,2025-12-25
11228,P114,Clothing,1378,3,2024-04-27
11229,P105,Grocery,1176,2,2024-10-06
11230,P104,Grocery,578,1,2026-01-14
11231,P105,Grocery,519,3,2024-11-13
11232,P112,Clothing,1714,4,2025-08-12
11233,P103,Home,382,4,2024-07-06
11234,P104,Grocery,339,1,2026-01-10
11235,P107,Grocery,1970,5,2024-07-27
11236,P106,Electronics,434,1,2025-11-18
11237,P104,Grocery,709,3,2025-02-08
11238,P109,Grocery,521,1,2025-06-14
11239,P110,Grocery,1782,2,2025-02-27
11240,P107,Grocery,130,5,2025-10-22
11241,P113,Electronics,1539,1,2024-12-17
11242,P113,Electronics,377,2,2024-12-08
11243,P108,Sports,1576,4,2025-04-15
11244,P111,Home,1649,4,2025-10-30
11245,P100,Clothing,245,2,2024-10-26
11246,P114,Clothing,1538,5,2026-01-06
11247,P102,Home,1989,3,2024-06-02
11248,P110,Grocery,1844,4,2025-08-16
11249,P110,Grocery,1165,3,2025-10-11
11250,P106,Electronics,1351,3,2026-02-11
11251,P103,Home,258,4,2024-07-22
11252,P109,Grocery,115,4,2025-02-06
11253,P111,Home,1108,2,2025-04-29
11254,P109,Grocery,1873,5,2025-03-28
11255,P101,Electronics,313,3,2024-07-30
11256,P108,Sports,1296,2,2026-01-21
11257,P103,Home,1462,5,2025-09-21
11258,P107,Grocery,1308,4,2024-07-31
11259,P111,Home,1251,4,2024-07-29
11260,P103,Home,173,5,2025-07-20
11261,P107,Grocery,893,2,2025-06-24
11262,P113,Electronics,570,3,2025-05-26
11263,P110,Grocery,1104,1,2025-04-12
11264,P102,Home,694,3,2024-10-26
11265,P105,Grocery,342,4,2024-06-01
11266,P109,Grocery,1335,2,2025-11-25
11267,P113,Electronics,720,3,2026-04-18
11268,P110,Grocery,1067,3,2025-06-29
11269,P106,Electronics,1222,5,2025-02-02
11270,P103,Home,426,3,2026-03-09
11271,P111,Home,942,1,2024-04-20
11272,P105,Grocery,1859,2,2025-01-02
11273,P110,Grocery,762,4,2025-10-01
11274,P108,Sports,1007,2,2025-05-04
11275,P105,Grocery,1698,5,2024-08-29
11276,P110,Grocery,853,1,2025-09-25
11277,P111,Home,899,3,2025-09-15
11278,P103,Home,1967,3,2024-06-06
11279,P109,Grocery,620,5,2025-02-10
11280,P106,Electronics,1241,5,2025-10-10
11281,P114,Clothing,1454,4,2024-07-04
11282,P109,Grocery,465,3,2024-08-04
11283,P109,Grocery,1463,5,2025-02-09
11284,P105,Grocery,1144,1,2025-09-17
11285,P114,Clothing,1621,2,2025-02-19
11286,P104,Grocery,1446,1,2025-05-24
11287,P107,Grocery,428,3,2025-06-04
11288,P104,Grocery,1137,5,2025-08-05
11289,P111,Home,1830,4,2025-04-10
11290,P103,Home,893,4,2025-03-18
11291,P101,Electronics,777,2,2026-01-19
11292,P100,Clothing,779,3,2025-03-02
11293,P114,Clothing,1048,2,2025-05-31
11294,P106,Electronics,1688,5,2025-04-14
11295,P109,Grocery,1379,4,2024-08-15
11296,P108,Sports,1991,3,2024-07-13
11297,P114,Clothing,1463,2,2024-10-24
11298,P100,Clothing,254,4,2025-01-10
11299,P111,Home,302,1,2024-11-13
11300,P103,Home,566,2,2025-04-26
11301,P111,Home,1057,4,2026-02-06
11302,P103,Home,783,2,2024-05-21
11303,P108,Sports,1891,5,2025-09-04
11304,P108,Sports,1404,3,2025-11-18
11305,P114,Clothing,1389,3,2024-07-28
11306,P114,Clothing,695,3,2025-10-13
11307,P111,Home,1706,5,2025-08-12
11308,P105,Grocery,758,2,2025-02-18
11309,P104,Grocery,1483,4,2025-06-21
11310,P114,Clothing,1371,2,2025-09-17
11311,P106,Electronics,205,5,2024-12-14
11312,P110,Grocery,1563,4,2024-05-23
11313,P103,Home,1885,5,2025-12-11
11314,P104,Grocery,1241,3,2025-09-12
11315,P111,Home,529,2,2024-07-17
11316,P114,Clothing,705,3,2025-02-24
11317,P100,Clothing,1165,1,2025-05-10
11318,P110,Grocery,1438,2,2026-02-13
11319,P109,Grocery,886,1,2026-01-06
11320,P114,Clothing,1437,2,2024-08-27
11321,P102,Home,931,4,2025-01-22
11322,P101,Electronics,731,5,2025-06-17
11323,P109,Grocery,607,4,2024-12-02
11324,P110,Grocery,1299,5,2025-01-30
11325,P113,Electronics,1905,1,2024-08-28
11326,P104,Grocery,184,5,2025-11-09
11327,P112,Clothing,660,5,2025-04-19
11328,P102,Home,1004,5,2025-01-01
11329,P103,Home,1019,1,2025-06-02
11330,P102,Home,1110,4,2024-06-02
11331,P103,Home,940,1,2024-08-21
11332,P106,Electronics,1354,1,2025-07-14
11333,P102,Home,954,5,2026-01-16
11334,P112,Clothing,1606,5,2024-09-21
11335,P110,Grocery,1532,5,2024-07-20
11336,P109,Grocery,945,1,2026-02-28
11337,P110,Grocery,226,2,2024-07-06
11338,P110,Grocery,466,2,2025-04-16
11339,P111,Home,615,3,2025-01-26
11340,P107,Grocery,1913,3,2025-02-15
11341,P112,Clothing,503,2,2024-11-11
11342,P113,Electronics,1134,2,2026-04-09
11343,P110,Grocery,865,1,2025-04-18
11344,P104,Grocery,1385,1,2024-09-18
11345,P113,Electronics,1838,5,2025-02-26
11346,P103,Home,1225,4,2025-10-23
11347,P114,Clothing,284,2,2026-03-10
11348,P109,Grocery,1163,5,2025-03-22
11349,P105,Grocery,1552,1,2025-07-26
11350,P103,Home,505,3,2025-07-25
11351,P111,Home,892,4,2025-04-13
11352,P113,Electronics,507,3,2024-12-04
11353,P105,Grocery,1499,5,2025-07-29
11354,P111,Home,1714,5,2025-02-05
11355,P111,Home,207,4,2024-12-14
11356,P101,Electronics,925,1,2025-06-24
11357,P105,Grocery,1776,5,2024-08-26
11358,P104,Grocery,427,2,2024-05-20
11359,P109,Grocery,102,5,2026-03-24
11360,P110,Grocery,1485,3,2026-03-16
11361,P101,Electronics,1407,5,2025-06-15
11362,P104,Grocery,1382,1,2025-04-03
11363,P108,Sports,116,4,2025-12-17
11364,P102,Home,1430,3,2025-03-20
11365,P100,Clothing,980,3,2024-06-23
11366,P113,Electronics,1028,5,2025-02-06
11367,P101,Electronics,402,4,2025-10-01
11368,P112,Clothing,1419,3,2026-02-15
11369,P112,Clothing,555,3,2026-02-24
11370,P112,Clothing,1391,1,2024-07-31
11371,P103,Home,896,1,2024-07-21
11372,P110,Grocery,1326,2,2025-12-13
11373,P109,Grocery,1675,5,2025-07-14
11374,P100,Clothing,1533,3,2026-02-04
11375,P104,Grocery,1082,4,2025-10-08
11376,P104,Grocery,204,4,2024-11-06
11377,P104,Grocery,1244,5,2025-11-07
11378,P110,Grocery,973,5,2024-07-17
11379,P101,Electronics,1800,5,2024-07-30
11380,P108,Sports,1011,4,2026-03-23
11381,P105,Grocery,242,5,2025-01-21
11382,P102,Home,535,4,2026-04-03
11383,P114,Clothing,748,5,2025-07-17
11384,P108,Sports,1355,1,2026-02-21
11385,P101,Electronics,1480,5,2026-01-04
11386,P113,Electronics,1236,1,2025-07-01
11387,P110,Grocery,511,2,2025-01-26
11388,P102,Home,445,3,2024-10-04
11389,P103,Home,890,3,2025-08-10
11390,P102,Home,577,5,2025-09-14
11391,P108,Sports,376,2,2026-02-14
11392,P114,Clothing,1764,4,2024-07-03
11393,P109,Grocery,773,4,2025-06-06
11394,P103,Home,1727,2,2025-10-30
11395,P111,Home,783,2,2025-04-12
11396,P100,Clothing,1120,4,2025-04-16
11397,P104,Grocery,1820,5,2026-03-04
11398,P112,Clothing,437,5,2025-12-06
11399,P113,Electronics,446,5,2025-12-16
11400,P104,Grocery,1401,2,2025-07-05
11401,P104,Grocery,768,1,2024-11-21
11402,P100,Clothing,709,5,2025-09-28
11403,P100,Clothing,1631,2,2025-06-10
11404,P113,Electronics,1200,4,2025-03-12
11405,P106,Electronics,1535,5,2025-08-12
11406,P114,Clothing,345,4,2025-08-19
11407,P107,Grocery,1389,1,2025-04-21
11408,P101,Electronics,912,5,2025-07-01
11409,P104,Grocery,1434,3,2025-05-24
11410,P100,Clothing,1375,4,2025-08-17
11411,P104,Grocery,129,2,2025-08-30
11412,P112,Clothing,1800,1,2024-07-27
11413,P107,Grocery,1624,2,2024-10-15
11414,P105,Grocery,1837,1,2024-05-23
11415,P102,Home,658,5,2024-11-15
11416,P104,Grocery,348,4,2025-03-17
11417,P103,Home,592,4,2026-02-24
11418,P112,Clothing,706,3,2024-11-27
11419,P103,Home,1578,4,2026-03-30
11420,P111,Home,1285,5,2025-01-20
11421,P114,Clothing,1609,1,2025-05-03
11422,P111,Home,1799,4,2025-07-12
11423,P101,Electronics,1627,4,2026-02-24
11424,P113,Electronics,261,5,2024-11-24
11425,P108,Sports,538,4,2024-05-02
11426,P108,Sports,1787,3,2026-02-23
11427,P104,Grocery,1970,2,2025-04-09
11428,P107,Grocery,1055,4,2025-01-30
11429,P109,Grocery,1383,1,2025-12-25
11430,P104,Grocery,1698,4,2025-06-25
11431,P103,Home,1169,2,2025-05-10
11432,P103,Home,1799,4,2025-07-31
11433,P114,Clothing,378,1,2025-08-21
11434,P100,Clothing,1895,3,2026-03-21
11435,P103,Home,509,5,2024-11-30
11436,P106,Electronics,768,1,2025-05-28
11437,P109,Grocery,1733,2,2024-12-28
11438,P104,Grocery,828,1,2024-09-15
11439,P100,Clothing,1397,1,2026-03-19
11440,P111,Home,773,4,2025-11-03
11441,P103,Home,977,3,2025-01-14
11442,P113,Electronics,689,2,2026-03-20
11443,P107,Grocery,942,5,2025-11-21
11444,P104,Grocery,612,4,2024-05-27
11445,P102,Home,1569,2,2025-05-09
11446,P110,Grocery,837,4,2026-03-18
11447,P112,Clothing,293,3,2025-03-13
11448,P107,Grocery,1831,1,2025-09-28
11449,P105,Grocery,1391,3,2025-11-21
11450,P103,Home,1694,3,2026-04-12
11451,P111,Home,1221,3,2024-05-21
11452,P100,Clothing,925,5,2025-04-17
11453,P107,Grocery,507,5,2025-11-22
11454,P111,Home,941,5,2024-04-23
11455,P102,Home,944,1,2026-03-04
11456,P103,Home,931,1,2025-06-10
11457,P100,Clothing,937,4,2025-01-20
11458,P100,Clothing,157,1,2026-03-18
11459,P113,Electronics,405,5,2025-11-19
11460,P108,Sports,1116,2,2025-12-16
11461,P102,Home,494,3,2024-09-14
11462,P106,Electronics,1508,3,2026-01-05
11463,P113,Electronics,549,4,2024-12-16
11464,P104,Grocery,1545,4,2024-11-10
11465,P100,Clothing,703,2,2024-05-18
11466,P110,Grocery,1060,1,2024-11-20
11467,P113,Electronics,1793,5,2024-10-01
11468,P113,Electronics,1608,2,2025-01-23
11469,P100,Clothing,1483,5,2025-06-08
11470,P113,Electronics,1394,5,2024-11-26
11471,P113,Electronics,1404,5,2024-05-04
11472,P110,Grocery,1181,4,2026-02-11
11473,P103,Home,1416,2,2025-08-11
11474,P112,Clothing,1324,1,2025-10-01
11475,P113,Electronics,1215,4,2025-02-08
11476,P113,Electronics,1847,2,2024-11-14
11477,P110,Grocery,1741,1,2024-09-20
11478,P100,Clothing,367,3,2026-01-11
11479,P105,Grocery,636,4,2025-03-18
11480,P112,Clothing,199,4,2025-08-28
11481,P101,Electronics,945,5,2026-02-15
11482,P100,Clothing,1784,4,2025-12-03
11483,P102,Home,1458,5,2024-11-26
11484,P105,Grocery,1739,2,2025-12-04
11485,P100,Clothing,510,5,2025-09-04
11486,P104,Grocery,780,5,2026-02-03
11487,P103,Home,1517,1,2025-09-26
11488,P112,Clothing,1914,4,2025-09-17
11489,P109,Grocery,1767,4,2026-03-28
11490,P103,Home,1380,3,2025-01-17
11491,P109,Grocery,178,5,2025-02-12
11492,P113,Electronics,1944,3,2025-05-11
11493,P103,Home,1549,1,2026-03-07
11494,P100,Clothing,836,5,2024-11-19
11495,P111,Home,284,3,2026-02-15
11496,P109,Grocery,612,5,2024-04-30
11497,P108,Sports,1734,2,2025-02-20
11498,P107,Grocery,1196,2,2025-08-10
11499,P100,Clothing,1653,2,2024-12-14
11500,P104,Grocery,1014,1,2025-01-07
11501,P103,Home,541,2,2026-04-17
11502,P106,Electronics,1657,2,2024-10-05
11503,P113,Electronics,1286,2,2024-08-15
11504,P107,Grocery,1873,3,2025-06-28
11505,P111,Home,858,1,2025-12-10
11506,P108,Sports,1351,3,2024-06-01
11507,P112,Clothing,241,5,2024-08-23
11508,P109,Grocery,828,5,2024-08-30
11509,P110,Grocery,187,2,2024-09-19
11510,P112,Clothing,1267,4,2024-10-19
11511,P104,Grocery,593,2,2025-05-02
11512,P108,Sports,508,4,2024-12-06
11513,P112,Clothing,827,3,2024-07-08
11514,P112,Clothing,1724,5,2025-10-06
11515,P102,Home,526,4,2025-08-06
11516,P103,Home,1619,3,2025-07-16
11517,P107,Grocery,1053,2,2024-10-11
11518,P109,Grocery,526,3,2025-07-03
11519,P102,Home,787,4,2025-12-14
11520,P110,Grocery,1222,4,2026-02-23
11521,P109,Grocery,1531,3,2025-10-18
11522,P101,Electronics,942,4,2025-11-15
11523,P101,Electronics,760,5,2026-03-21
11524,P110,Grocery,1049,3,2024-05-02
11525,P108,Sports,899,3,2025-10-28
11526,P108,Sports,1436,1,2024-05-27
11527,P113,Electronics,1664,3,2026-03-05
11528,P111,Home,542,1,2024-05-18
11529,P107,Grocery,189,1,2024-04-19
11530,P103,Home,1312,1,2024-06-03
11531,P110,Grocery,263,1,2025-02-27
11532,P107,Grocery,239,1,2026-01-04
11533,P104,Grocery,908,1,2025-09-25
11534,P108,Sports,1481,2,2025-07-12
11535,P100,Clothing,907,3,2025-10-12
11536,P112,Clothing,1432,5,2026-03-30
11537,P111,Home,1106,3,2024-05-20
11538,P108,Sports,1447,1,2025-12-20
11539,P104,Grocery,670,1,2026-02-13
11540,P108,Sports,1763,1,2024-12-27
11541,P113,Electronics,1147,3,2024-08-30
11542,P101,Electronics,1846,2,2025-05-06
11543,P114,Clothing,1613,1,2025-07-11
11544,P108,Sports,1168,3,2024-07-11
11545,P105,Grocery,701,5,2025-10-30
11546,P103,Home,1481,3,2026-03-08
11547,P114,Clothing,743,2,2024-12-30
11548,P109,Grocery,1517,5,2026-01-16
11549,P107,Grocery,956,2,2025-11-13
11550,P105,Grocery,1437,5,2025-05-13
11551,P111,Home,845,2,2025-07-18
11552,P105,Grocery,210,5,2024-08-07
11553,P112,Clothing,692,3,2024-07-03
11554,P103,Home,435,4,2025-02-17
11555,P111,Home,811,2,2026-04-15
11556,P101,Electronics,1051,3,2025-09-04
11557,P114,Clothing,481,5,2025-03-31
11558,P108,Sports,754,4,2026-04-11
11559,P114,Clothing,780,1,2026-03-26
11560,P109,Grocery,1938,5,2026-01-08
11561,P112,Clothing,409,3,2025-02-06
11562,P107,Grocery,1486,3,2026-01-21
11563,P110,Grocery,1516,4,2025-05-23
11564,P100,Clothing,1241,4,2025-01-27
11565,P106,Electronics,1691,5,2025-08-11
11566,P106,Electronics,461,3,2025-02-11
11567,P109,Grocery,634,5,2025-02-20
11568,P104,Grocery,1560,3,2025-06-03
11569,P111,Home,932,2,2024-06-23
11570,P101,Electronics,210,1,2025-05-21
11571,P109,Grocery,789,1,2026-04-18
11572,P100,Clothing,1936,5,2024-12-24
11573,P102,Home,1474,3,2025-10-23
11574,P114,Clothing,1581,1,2024-07-25
11575,P106,Electronics,1007,5,2025-01-29
11576,P111,Home,1995,4,2024-08-26
11577,P113,Electronics,449,5,2025-07-27
11578,P108,Sports,1554,2,2024-09-15
11579,P114,Clothing,182,5,2025-04-06
11580,P113,Electronics,1977,3,2025-05-22
11581,P112,Clothing,838,5,2024-05-24
11582,P107,Grocery,1102,5,2025-11-19
11583,P100,Clothing,1488,3,2025-05-31
11584,P108,Sports,113,5,2026-02-28
11585,P101,Electronics,710,1,2024-04-27
11586,P105,Grocery,319,1,2025-11-02
11587,P110,Grocery,867,1,2026-03-15
11588,P111,Home,1457,1,2025-06-29
11589,P112,Clothing,1856,5,2025-02-17
11590,P105,Grocery,467,4,2025-12-10
11591,P105,Grocery,1672,4,2024-08-27
11592,P111,Home,858,5,2025-02-14
11593,P112,Clothing,1029,4,2025-01-18
11594,P113,Electronics,1382,2,2025-10-28
11595,P105,Grocery,1996,2,2024-11-25
11596,P108,Sports,1030,4,2024-08-20
11597,P103,Home,1572,5,2026-01-07
11598,P106,Electronics,392,5,2024-08-13
11599,P108,Sports,1899,3,2025-03-13
11600,P107,Grocery,346,2,2024-08-31
11601,P103,Home,1868,1,2024-09-27
11602,P113,Electronics,269,1,2026-04-18
11603,P111,Home,1926,5,2025-03-12
11604,P111,Home,463,1,2025-08-29
11605,P111,Home,1852,2,2024-11-04
11606,P111,Home,1828,1,2025-06-18
11607,P111,Home,1561,4,2024-07-13
11608,P106,Electronics,650,1,2025-03-10
11609,P108,Sports,270,4,2025-11-20
11610,P106,Electronics,187,5,2024-09-19
11611,P113,Electronics,103,2,2025-09-08
11612,P103,Home,1776,4,2026-01-13
11613,P110,Grocery,168,3,2025-02-08
11614,P100,Clothing,1834,2,2024-06-01
11615,P106,Electronics,1555,2,2024-09-09
11616,P113,Electronics,232,2,2025-10-15
11617,P111,Home,1338,1,2025-05-07
11618,P110,Grocery,433,5,2024-04-24
11619,P108,Sports,346,5,2024-11-02
11620,P100,Clothing,1654,4,2024-12-28
11621,P111,Home,1933,5,2024-10-18
11622,P106,Electronics,1074,4,2026-01-22
11623,P112,Clothing,1136,1,2025-08-27
11624,P108,Sports,854,3,2025-04-25
11625,P112,Clothing,434,4,2025-12-26
11626,P102,Home,1122,2,2025-10-30
11627,P106,Electronics,871,4,2025-08-03
11628,P103,Home,852,1,2026-02-12
11629,P108,Sports,1553,2,2025-11-27
11630,P111,Home,1228,4,2025-02-21
11631,P111,Home,1411,5,2025-02-09
11632,P102,Home,651,5,2025-03-01
11633,P106,Electronics,974,5,2024-10-13
11634,P102,Home,1363,5,2026-04-08
11635,P110,Grocery,895,5,2025-01-18
11636,P114,Clothing,1136,3,2024-05-11
11637,P112,Clothing,1621,1,2025-08-02
11638,P108,Sports,1604,3,2024-10-23
11639,P104,Grocery,893,2,2025-07-09
11640,P102,Home,981,4,2024-07-07
11641,P102,Home,1179,3,2024-09-18
11642,P100,Clothing,1833,3,2024-10-04
11643,P100,Clothing,326,1,2025-02-18
11644,P106,Electronics,1994,3,2024-09-07
11645,P105,Grocery,1414,1,2025-07-28
11646,P106,Electronics,1126,4,2024-05-27
11647,P108,Sports,952,3,2024-06-27
11648,P107,Grocery,1848,5,2025-01-12
11649,P112,Clothing,1203,3,2024-06-18
11650,P104,Grocery,298,1,2024-06-02
11651,P104,Grocery,603,2,2024-09-27
11652,P105,Grocery,258,2,2024-07-03
11653,P106,Electronics,133,4,2024-07-22
11654,P113,Electronics,475,1,2025-01-15
11655,P103,Home,1018,1,2025-02-22
11656,P103,Home,1085,2,2025-06-23
11657,P112,Clothing,585,1,2025-02-16
11658,P110,Grocery,1052,2,2025-11-09
11659,P104,Grocery,645,5,2025-03-13
11660,P105,Grocery,1478,1,2026-02-02
11661,P102,Home,1110,3,2025-04-02
11662,P102,Home,1053,2,2024-06-19
11663,P108,Sports,720,5,2025-06-05
11664,P113,Electronics,1961,3,2024-10-23
11665,P100,Clothing,632,5,2025-04-24
11666,P109,Grocery,490,2,2024-10-28
11667,P111,Home,738,4,2025-02-06
11668,P105,Grocery,1537,3,2024-11-08
11669,P113,Electronics,691,4,2025-03-07
11670,P107,Grocery,137,4,2024-10-12
11671,P111,Home,496,4,2026-03-21
11672,P110,Grocery,449,4,2024-11-20
11673,P107,Grocery,1343,2,2025-08-17
11674,P101,Electronics,1752,5,2025-11-10
11675,P105,Grocery,1256,4,2024-05-21
11676,P104,Grocery,438,1,2025-04-29
11677,P100,Clothing,278,1,2025-12-27
11678,P103,Home,1967,3,2025-06-16
11679,P111,Home,846,4,2025-04-19
11680,P114,Clothing,1852,3,2025-05-04
11681,P112,Clothing,557,5,2025-09-28
11682,P105,Grocery,379,5,2025-01-18
11683,P107,Grocery,1544,4,2024-12-30
11684,P107,Grocery,1482,3,2025-01-09
11685,P114,Clothing,1688,1,2024-08-10
11686,P104,Grocery,368,3,2025-11-05
11687,P107,Grocery,1919,3,2025-01-09
11688,P101,Electronics,318,1,2024-12-25
11689,P105,Grocery,479,2,2026-04-08
11690,P102,Home,1099,3,2025-11-27
11691,P102,Home,1195,3,2026-04-04
11692,P105,Grocery,656,2,2026-02-09
11693,P108,Sports,1462,2,2025-12-27
11694,P104,Grocery,795,3,2025-12-31
11695,P110,Grocery,1712,5,2025-11-28
11696,P113,Electronics,1848,2,2024-06-02
11697,P107,Grocery,251,5,2025-03-05
11698,P102,Home,1197,1,2026-03-26
11699,P101,Electronics,1529,1,2025-08-24
11700,P103,Home,832,2,2024-11-27
11701,P106,Electronics,1693,2,2024-07-21
11702,P111,Home,1836,1,2025-07-12
11703,P103,Home,907,1,2024-05-25
11704,P107,Grocery,106,4,2025-08-23
11705,P110,Grocery,1657,2,2024-12-25
11706,P108,Sports,675,5,2025-10-28
11707,P113,Electronics,566,1,2026-02-28
11708,P108,Sports,1056,4,2025-10-25
11709,P102,Home,107,3,2026-02-26
11710,P102,Home,315,1,2024-10-27
11711,P114,Clothing,180,3,2025-01-02
11712,P101,Electronics,599,3,2025-01-14
11713,P105,Grocery,429,2,2025-01-26
11714,P100,Clothing,497,1,2026-01-18
11715,P113,Electronics,922,1,2025-08-03
11716,P110,Grocery,1256,5,2025-02-09
11717,P113,Electronics,344,3,2024-12-19
11718,P113,Electronics,1604,5,2025-08-26
11719,P102,Home,1499,2,2025-10-29
11720,P104,Grocery,1246,3,2026-04-16
11721,P107,Grocery,943,2,2024-06-26
11722,P114,Clothing,1944,4,2025-07-08
11723,P102,Home,256,4,2024-06-29
11724,P109,Grocery,238,2,2026-03-30
11725,P105,Grocery,678,3,2026-03-19
11726,P102,Home,443,4,2024-05-18
11727,P104,Grocery,1313,1,2025-11-03
11728,P107,Grocery,486,2,2026-04-09
11729,P106,Electronics,1768,2,2024-06-29
11730,P109,Grocery,1837,3,2024-10-29
11731,P110,Grocery,922,1,2025-04-21
11732,P109,Grocery,1775,4,2024-09-27
11733,P113,Electronics,498,1,2024-07-21
11734,P113,Electronics,132,2,2025-06-25
11735,P106,Electronics,1382,5,2024-10-19
11736,P109,Grocery,1160,1,2024-12-18
11737,P102,Home,300,1,2024-04-25
11738,P100,Clothing,829,4,2024-09-29
11739,P110,Grocery,1608,2,2026-02-02
11740,P101,Electronics,1808,5,2024-08-22
11741,P109,Grocery,960,3,2024-10-12
11742,P111,Home,1427,2,2024-10-18
11743,P112,Clothing,452,1,2025-06-04
11744,P109,Grocery,1343,4,2025-10-11
11745,P109,Grocery,1266,1,2026-04-13
11746,P110,Grocery,859,4,2024-09-11
11747,P105,Grocery,821,2,2024-12-21
11748,P114,Clothing,1158,5,2025-09-25
11749,P110,Grocery,1808,3,2024-12-25
11750,P101,Electronics,1139,4,2024-06-30
11751,P107,Grocery,479,2,2025-01-17
11752,P110,Grocery,351,4,2025-10-28
11753,P100,Clothing,148,4,2025-11-30
11754,P114,Clothing,1981,3,2025-11-18
11755,P108,Sports,940,3,2024-07-24
11756,P101,Electronics,720,2,2024-06-12
11757,P107,Grocery,862,2,2024-11-25
11758,P104,Grocery,221,2,2024-07-25
11759,P111,Home,1082,5,2024-07-24
11760,P108,Sports,1262,4,2026-02-03
11761,P102,Home,1582,5,2025-08-26
11762,P108,Sports,964,3,2026-03-26
11763,P107,Grocery,534,2,2026-03-18
11764,P109,Grocery,1269,4,2024-07-22
11765,P111,Home,312,5,2025-04-12
11766,P108,Sports,1265,4,2025-08-20
11767,P113,Electronics,215,1,2024-07-17
11768,P103,Home,1301,2,2024-12-15
11769,P114,Clothing,1752,2,2025-08-30
11770,P106,Electronics,1069,4,2025-09-24
11771,P107,Grocery,214,3,2026-03-03
11772,P110,Grocery,737,4,2025-05-31
11773,P109,Grocery,1288,1,2026-02-19
11774,P100,Clothing,830,1,2024-04-30
11775,P108,Sports,1773,5,2024-10-31
11776,P100,Clothing,963,3,2024-12-18
11777,P110,Grocery,1292,4,2025-02-26
11778,P101,Electronics,326,3,2025-05-07
11779,P101,Electronics,374,3,2025-11-09
11780,P108,Sports,1413,3,2024-06-09
11781,P101,Electronics,301,4,2025-03-16
11782,P111,Home,683,1,2025-03-17
11783,P103,Home,723,4,2025-01-05
11784,P107,Grocery,1888,2,2024-06-03
11785,P113,Electronics,326,2,2024-09-22
11786,P106,Electronics,397,3,2025-01-27
11787,P111,Home,994,2,2024-06-26
11788,P102,Home,795,3,2025-08-09
11789,P112,Clothing,337,4,2025-02-23
11790,P105,Grocery,943,1,2024-12-29
11791,P108,Sports,1306,5,2024-10-10
11792,P106,Electronics,969,1,2026-01-22
11793,P102,Home,149,2,2026-04-03
11794,P100,Clothing,1857,2,2025-12-31
11795,P114,Clothing,927,4,2024-06-25
11796,P113,Electronics,1206,3,2024-10-14
11797,P111,Home,1898,2,2025-08-05
11798,P102,Home,839,1,2025-10-08
11799,P103,Home,1387,1,2026-01-12
11800,P102,Home,383,3,2025-06-26
11801,P109,Grocery,1437,3,2024-11-10
11802,P106,Electronics,485,1,2025-03-05
11803,P109,Grocery,1347,2,2025-04-21
11804,P106,Electronics,1416,4,2025-12-07
11805,P113,Electronics,568,3,2025-08-25
11806,P103,Home,1620,1,2025-03-07
11807,P103,Home,606,5,2024-08-24
11808,P105,Grocery,479,5,2026-02-11
11809,P103,Home,1853,1,2025-05-31
11810,P113,Electronics,1229,2,2024-11-03
11811,P109,Grocery,1558,4,2026-02-26
11812,P110,Grocery,1455,1,2025-05-13
11813,P109,Grocery,181,2,2024-05-24
11814,P107,Grocery,986,4,2024-05-30
11815,P105,Grocery,805,3,2025-04-19
11816,P108,Sports,1780,4,2025-07-04
11817,P111,Home,1501,4,2024-08-11
11818,P103,Home,1574,4,2025-12-05
11819,P110,Grocery,1457,1,2025-12-17
11820,P113,Electronics,893,2,2024-05-25
11821,P103,Home,1435,4,2025-04-03
11822,P111,Home,536,1,2024-05-22
11823,P106,Electronics,1220,5,2025-01-30
11824,P102,Home,727,3,2024-12-08
11825,P102,Home,1908,4,2024-06-14
11826,P103,Home,1247,3,2025-04-18
11827,P100,Clothing,887,3,2025-08-19
11828,P110,Grocery,1150,1,2025-09-21
11829,P109,Grocery,264,3,2025-09-25
11830,P103,Home,843,4,2025-04-10
11831,P108,Sports,1235,3,2025-07-12
11832,P109,Grocery,1371,5,2025-08-06
11833,P104,Grocery,1580,4,2025-07-01
11834,P109,Grocery,1071,4,2025-02-26
11835,P103,Home,471,3,2026-03-20
11836,P108,Sports,1451,4,2025-05-17
11837,P107,Grocery,854,2,2024-05-01
11838,P104,Grocery,1977,4,2025-03-14
11839,P108,Sports,1070,5,2025-02-12
11840,P112,Clothing,210,2,2025-02-03
11841,P104,Grocery,1273,4,2024-12-17
11842,P111,Home,204,1,2025-11-10
11843,P110,Grocery,1784,5,2025-03-30
11844,P113,Electronics,633,3,2025-06-17
11845,P111,Home,1467,5,2026-01-09
11846,P102,Home,1138,4,2026-02-12
11847,P103,Home,286,3,2024-10-06
11848,P111,Home,959,1,2025-12-11
11849,P103,Home,1625,2,2024-08-08
11850,P113,Electronics,1139,4,2024-05-13
11851,P111,Home,1619,4,2025-02-14
11852,P105,Grocery,1109,5,2026-01-21
11853,P102,Home,1619,4,2025-08-28
11854,P114,Clothing,1395,1,2025-04-19
11855,P110,Grocery,879,3,2025-02-16
11856,P111,Home,951,1,2025-02-05
11857,P105,Grocery,300,5,2025-04-30
11858,P100,Clothing,1241,5,2025-05-27
11859,P110,Grocery,798,2,2025-04-26
11860,P104,Grocery,179,5,2025-02-18
11861,P113,Electronics,1115,3,2024-09-03
11862,P100,Clothing,1844,4,2024-06-27
11863,P114,Clothing,916,5,2026-02-25
11864,P109,Grocery,1163,2,2025-05-29
11865,P103,Home,257,1,2025-10-02
11866,P105,Grocery,1488,2,2024-06-16
11867,P114,Clothing,1176,3,2024-10-15
11868,P114,Clothing,952,1,2025-02-13
11869,P100,Clothing,1078,4,2025-11-25
11870,P104,Grocery,1174,1,2025-10-19
11871,P111,Home,1239,5,2026-01-30
11872,P107,Grocery,667,4,2024-05-11
11873,P104,Grocery,990,5,2025-06-18
11874,P106,Electronics,1229,1,2025-09-01
11875,P101,Electronics,592,2,2024-10-11
11876,P113,Electronics,130,2,2024-12-11
11877,P106,Electronics,1012,2,2025-10-15
11878,P100,Clothing,472,2,2025-09-13
11879,P107,Grocery,414,1,2026-04-18
11880,P108,Sports,427,5,2024-07-22
11881,P104,Grocery,193,3,2024-11-13
11882,P106,Electronics,1438,5,2026-04-01
11883,P105,Grocery,1235,2,2025-07-28
11884,P103,Home,648,1,2024-07-17
11885,P107,Grocery,270,5,2025-06-28
11886,P113,Electronics,1486,1,2024-09-19
11887,P104,Grocery,453,3,2025-04-23
11888,P109,Grocery,297,2,2024-10-05
11889,P101,Electronics,1532,2,2025-02-15
11890,P100,Clothing,392,2,2025-10-24
11891,P102,Home,1477,5,2025-02-28
11892,P114,Clothing,411,3,2026-03-27
11893,P111,Home,1819,5,2025-06-26
11894,P105,Grocery,459,3,2025-02-02
11895,P112,Clothing,850,3,2024-08-26
11896,P111,Home,228,4,2025-11-19
11897,P112,Clothing,1659,4,2024-06-03
11898,P109,Grocery,646,3,2025-09-23
11899,P106,Electronics,653,3,2025-12-27
11900,P113,Electronics,547,2,2026-01-17
11901,P110,Grocery,1130,3,2025-04-04
11902,P102,Home,295,1,2025-04-12
11903,P100,Clothing,964,1,2024-06-19
11904,P103,Home,509,4,2025-06-08
11905,P108,Sports,764,1,2024-08-12
11906,P111,Home,1898,4,2025-10-02
11907,P100,Clothing,1139,1,2025-12-29
11908,P112,Clothing,1504,2,2024-08-12
11909,P103,Home,1894,4,2025-08-03
11910,P107,Grocery,1726,4,2024-10-09
11911,P104,Grocery,420,4,2025-03-07
11912,P103,Home,1958,4,2025-09-24
11913,P110,Grocery,325,4,2026-04-08
11914,P114,Clothing,1749,2,2024-11-11
11915,P103,Home,933,2,2025-11-02
11916,P109,Grocery,494,2,2024-07-08
11917,P114,Clothing,1477,1,2024-08-02
11918,P111,Home,848,2,2024-12-30
11919,P100,Clothing,562,5,2025-02-01
11920,P105,Grocery,839,2,2025-05-19
11921,P114,Clothing,1923,2,2025-06-10
11922,P106,Electronics,1766,1,2025-09-19
11923,P114,Clothing,815,2,2025-12-21
11924,P104,Grocery,119,2,2025-08-07
11925,P103,Home,1099,2,2024-11-02
11926,P107,Grocery,1672,2,2025-05-26
11927,P108,Sports,1601,1,2024-05-15
11928,P106,Electronics,1685,5,2025-10-28
11929,P110,Grocery,217,3,2024-10-07
11930,P112,Clothing,1720,5,2026-04-13
11931,P108,Sports,741,5,2025-10-12
11932,P112,Clothing,1963,1,2025-12-13
11933,P114,Clothing,1859,5,2025-06-17
11934,P114,Clothing,1260,5,2025-01-24
11935,P105,Grocery,178,3,2024-12-30
11936,P110,Grocery,1129,3,2025-11-19
11937,P114,Clothing,187,2,2024-12-28
11938,P102,Home,1998,4,2025-07-03
11939,P101,Electronics,667,2,2025-07-28
11940,P114,Clothing,1786,2,2024-05-01
11941,P111,Home,282,4,2024-12-02
11942,P108,Sports,1882,5,2025-03-11
11943,P102,Home,1955,2,2025-08-02
11944,P103,Home,475,4,2024-09-08
11945,P109,Grocery,1338,2,2024-11-23
11946,P106,Electronics,1722,5,2024-09-17
11947,P108,Sports,719,4,2025-12-09
11948,P103,Home,1727,2,2024-12-28
11949,P103,Home,1942,5,2025-07-20
11950,P104,Grocery,1557,5,2025-06-08
11951,P100,Clothing,575,2,2025-12-02
11952,P113,Electronics,1200,5,2026-04-01
11953,P104,Grocery,1269,1,2024-04-23
11954,P111,Home,822,1,2026-03-06
11955,P110,Grocery,1883,1,2024-07-03
11956,P108,Sports,1154,4,2026-03-04
11957,P105,Grocery,597,2,2025-01-12
11958,P106,Electronics,1421,5,2026-01-22
11959,P107,Grocery,1414,5,2025-10-11
11960,P113,Electronics,1606,4,2025-10-21
11961,P101,Electronics,472,3,2025-06-03
11962,P107,Grocery,1692,2,2024-09-08
11963,P108,Sports,828,3,2025-02-04
11964,P114,Clothing,1626,3,2025-12-26
11965,P111,Home,568,1,2026-04-13
11966,P105,Grocery,1119,1,2024-08-26
11967,P107,Grocery,388,5,2024-06-30
11968,P109,Grocery,1319,2,2025-05-09
11969,P109,Grocery,1110,2,2025-03-15
11970,P105,Grocery,227,3,2026-01-17
11971,P114,Clothing,994,1,2026-03-05
11972,P105,Grocery,1122,3,2026-04-07
11973,P103,Home,228,3,2025-03-15
11974,P107,Grocery,1740,3,2025-07-14
11975,P110,Grocery,1392,5,2025-09-15
11976,P108,Sports,1310,2,2025-02-05
11977,P114,Clothing,840,2,2025-06-13
11978,P107,Grocery,1715,4,2026-03-05
11979,P110,Grocery,401,2,2025-12-09
11980,P100,Clothing,1861,4,2024-09-30
11981,P111,Home,272,4,2025-08-25
11982,P102,Home,239,1,2024-08-03
11983,P103,Home,130,5,2025-11-10
11984,P105,Grocery,1395,5,2025-10-02
11985,P113,Electronics,541,2,2026-02-15
11986,P110,Grocery,649,2,2025-07-05
11987,P105,Grocery,1585,1,2024-04-30
11988,P111,Home,177,2,2025-05-22
11989,P106,Electronics,1214,5,2025-03-21
11990,P108,Sports,955,5,2024-09-26
11991,P102,Home,693,2,2025-07-15
11992,P107,Grocery,411,1,2026-01-16
11993,P112,Clothing,1588,3,2025-03-23
11994,P110,Grocery,819,4,2024-09-22
11995,P110,Grocery,771,3,2025-10-10
11996,P101,Electronics,1448,3,2026-02-16
11997,P106,Electronics,547,2,2024-09-03
11998,P108,Sports,520,5,2024-11-10
11999,P105,Grocery,103,2,2025-01-15
12000,P107,Grocery,1277,4,2025-01-10
12001,P112,Clothing,1785,2,2026-04-13
12002,P111,Home,1134,2,2025-10-31
12003,P102,Home,471,5,2025-04-27
12004,P106,Electronics,1493,1,2024-10-07
12005,P100,Clothing,1500,1,2024-08-24
12006,P107,Grocery,398,5,2024-08-25
12007,P105,Grocery,1807,4,2025-09-08
12008,P105,Grocery,1341,2,2025-03-11
12009,P110,Grocery,580,2,2024-11-23
12010,P106,Electronics,1649,1,2026-02-28
12011,P104,Grocery,525,3,2025-09-18
12012,P107,Grocery,1139,1,2024-09-13
12013,P103,Home,771,3,2026-02-02
12014,P109,Grocery,1001,2,2025-07-16
12015,P110,Grocery,132,1,2025-07-22
12016,P113,Electronics,1877,4,2024-08-22
12017,P113,Electronics,981,1,2025-12-29
12018,P107,Grocery,1654,5,2025-09-09
12019,P104,Grocery,865,4,2025-10-12
12020,P104,Grocery,1924,5,2025-06-03
12021,P111,Home,337,1,2024-10-05
12022,P103,Home,1714,2,2025-08-18
12023,P100,Clothing,489,2,2024-11-29
12024,P104,Grocery,1579,4,2025-10-28
12025,P108,Sports,533,3,2025-06-22
12026,P113,Electronics,748,2,2024-06-30
12027,P106,Electronics,1181,4,2025-09-05
12028,P105,Grocery,1564,3,2025-09-25
12029,P105,Grocery,220,3,2025-07-24
12030,P106,Electronics,1498,4,2025-05-19
12031,P113,Electronics,789,4,2026-03-11
12032,P113,Electronics,1565,4,2025-04-04
12033,P101,Electronics,1212,4,2024-04-20
12034,P101,Electronics,926,3,2025-08-20
12035,P105,Grocery,524,4,2026-01-14
12036,P108,Sports,1274,1,2024-11-09
12037,P111,Home,573,3,2025-07-15
12038,P107,Grocery,576,4,2025-05-20
12039,P109,Grocery,213,3,2025-01-23
12040,P113,Electronics,1862,4,2025-03-04
12041,P100,Clothing,925,1,2024-05-03
12042,P109,Grocery,1880,5,2024-12-07
12043,P106,Electronics,418,3,2026-02-16
12044,P107,Grocery,1674,2,2024-07-26
12045,P101,Electronics,623,3,2024-12-13
12046,P111,Home,614,5,2024-09-16
12047,P110,Grocery,1445,2,2026-01-16
12048,P114,Clothing,653,5,2024-09-10
12049,P102,Home,1382,2,2024-05-23
12050,P113,Electronics,424,2,2024-06-20
12051,P111,Home,305,5,2024-09-14
12052,P107,Grocery,998,1,2026-01-23
12053,P114,Clothing,785,1,2026-03-02
12054,P104,Grocery,638,5,2024-08-23
12055,P109,Grocery,430,4,2024-10-22
12056,P112,Clothing,142,1,2024-12-20
12057,P107,Grocery,804,2,2025-07-31
12058,P108,Sports,1781,3,2025-03-20
12059,P112,Clothing,1463,3,2024-09-02
12060,P108,Sports,1593,2,2025-06-20
12061,P100,Clothing,506,5,2024-12-17
12062,P108,Sports,1360,3,2025-01-01
12063,P107,Grocery,935,3,2025-05-05
12064,P107,Grocery,1681,4,2026-03-04
12065,P106,Electronics,1687,1,2026-03-08
12066,P105,Grocery,1702,3,2025-08-17
12067,P101,Electronics,457,3,2025-10-28
12068,P106,Electronics,142,5,2024-10-04
12069,P104,Grocery,690,2,2025-09-06
12070,P100,Clothing,642,4,2025-04-06
12071,P104,Grocery,548,5,2024-08-10
12072,P109,Grocery,1154,5,2024-11-08
12073,P105,Grocery,914,5,2024-12-20
12074,P104,Grocery,678,1,2025-06-26
12075,P106,Electronics,668,2,2024-07-27
12076,P112,Clothing,1489,2,2024-11-29
12077,P103,Home,292,1,2024-08-03
12078,P100,Clothing,345,3,2026-02-11
12079,P101,Electronics,998,3,2025-09-02
12080,P114,Clothing,1030,4,2024-05-19
12081,P113,Electronics,1513,1,2025-12-11
12082,P110,Grocery,627,3,2025-09-27
12083,P111,Home,1861,1,2025-06-06
12084,P102,Home,1675,2,2026-03-11
12085,P102,Home,102,5,2024-06-03
12086,P109,Grocery,866,2,2024-12-07
12087,P107,Grocery,1627,1,2026-04-13
12088,P110,Grocery,1507,2,2024-10-29
12089,P111,Home,1483,5,2025-07-25
12090,P102,Home,1368,5,2024-10-29
12091,P113,Electronics,128,2,2024-10-10
12092,P106,Electronics,1426,2,2024-05-02
12093,P105,Grocery,579,1,2024-07-11
12094,P110,Grocery,1498,1,2025-04-27
12095,P109,Grocery,729,3,2024-11-25
12096,P106,Electronics,305,5,2024-07-06
12097,P107,Grocery,1685,5,2026-02-11
12098,P108,Sports,1002,1,2024-09-08
12099,P112,Clothing,750,1,2025-08-06
12100,P105,Grocery,1681,4,2025-09-08
12101,P102,Home,1684,3,2024-08-11
12102,P104,Grocery,1334,1,2025-04-09
12103,P107,Grocery,515,2,2025-09-09
12104,P111,Home,1249,1,2025-03-21
12105,P113,Electronics,1332,5,2025-05-23
12106,P113,Electronics,679,5,2025-03-19
12107,P103,Home,732,1,2024-08-10
12108,P103,Home,654,4,2026-03-07
12109,P105,Grocery,1093,3,2024-07-02
12110,P102,Home,244,4,2024-12-13
12111,P103,Home,1947,2,2025-03-28
12112,P100,Clothing,1125,1,2024-07-03
12113,P109,Grocery,785,5,2026-01-02
12114,P114,Clothing,579,5,2024-05-18
12115,P109,Grocery,1112,2,2025-10-18
12116,P112,Clothing,1741,2,2025-01-27
12117,P113,Electronics,1382,4,2025-01-16
12118,P114,Clothing,130,3,2024-05-31
12119,P100,Clothing,163,3,2024-04-24
12120,P100,Clothing,941,3,2024-08-16
12121,P108,Sports,1840,3,2026-01-27
12122,P110,Grocery,1045,3,2025-11-08
12123,P103,Home,1028,2,2025-07-15
12124,P100,Clothing,1312,5,2024-12-29
12125,P112,Clothing,1507,3,2025-09-07
12126,P111,Home,1446,3,2025-02-06
12127,P110,Grocery,1822,4,2026-04-10
12128,P107,Grocery,1705,1,2024-04-23
12129,P112,Clothing,1331,5,2026-03-14
12130,P106,Electronics,758,1,2024-05-23
12131,P108,Sports,181,1,2024-07-08
12132,P103,Home,844,4,2024-04-28
12133,P102,Home,378,1,2024-06-19
12134,P103,Home,482,2,2024-08-11
12135,P100,Clothing,271,5,2024-12-14
12136,P106,Electronics,352,4,2025-08-23
12137,P112,Clothing,1718,1,2026-01-13
12138,P107,Grocery,770,3,2025-11-12
12139,P105,Grocery,460,1,2026-02-22
12140,P102,Home,380,3,2026-04-15
12141,P112,Clothing,228,2,2024-10-21
12142,P108,Sports,541,5,2025-05-24
12143,P100,Clothing,1921,5,2024-09-23
12144,P103,Home,1428,5,2026-03-06
12145,P113,Electronics,1121,5,2025-10-04
12146,P110,Grocery,1057,2,2024-09-17
12147,P110,Grocery,769,3,2025-11-10
12148,P112,Clothing,822,1,2025-04-25
12149,P109,Grocery,846,4,2024-11-04
12150,P107,Grocery,208,4,2026-02-01
12151,P102,Home,1116,1,2026-02-17
12152,P109,Grocery,1146,2,2025-05-17
12153,P103,Home,230,4,2025-08-04
12154,P103,Home,385,2,2026-01-31
12155,P101,Electronics,691,5,2025-04-04
12156,P109,Grocery,1309,4,2024-05-02
12157,P109,Grocery,365,2,2025-04-21
12158,P104,Grocery,1036,3,2024-09-20
12159,P106,Electronics,870,1,2025-12-12
12160,P110,Grocery,1394,4,2026-03-20
12161,P107,Grocery,1713,4,2026-01-23
12162,P105,Grocery,847,5,2026-01-25
12163,P103,Home,1577,5,2025-10-23
12164,P107,Grocery,1067,3,2024-09-22
12165,P102,Home,1048,5,2025-04-15
12166,P111,Home,488,3,2024-04-23
12167,P113,Electronics,542,2,2024-11-24
12168,P112,Clothing,1430,5,2025-10-26
12169,P102,Home,691,5,2025-10-03
12170,P111,Home,1332,2,2025-09-19
12171,P101,Electronics,1093,2,2025-11-16
12172,P110,Grocery,478,1,2026-04-06
12173,P101,Electronics,1045,1,2024-05-15
12174,P100,Clothing,1154,3,2025-01-13
12175,P111,Home,906,4,2026-01-05
12176,P112,Clothing,690,4,2025-01-09
12177,P101,Electronics,1232,4,2025-03-20
12178,P101,Electronics,643,3,2025-04-14
12179,P101,Electronics,1300,3,2025-03-27
12180,P105,Grocery,1977,1,2025-02-17
12181,P110,Grocery,1542,1,2025-06-01
12182,P107,Grocery,1946,5,2026-02-22
12183,P102,Home,1111,5,2025-04-20
12184,P110,Grocery,1159,1,2024-09-23
12185,P112,Clothing,681,1,2025-01-18
12186,P104,Grocery,280,2,2024-11-12
12187,P105,Grocery,1784,4,2025-03-28
12188,P106,Electronics,1325,4,2025-10-10
12189,P105,Grocery,1972,4,2024-10-02
12190,P108,Sports,1063,4,2024-08-22
12191,P113,Electronics,1530,5,2025-12-31
12192,P111,Home,1030,4,2024-06-09
12193,P109,Grocery,451,5,2025-08-15
12194,P103,Home,1485,3,2024-08-21
12195,P108,Sports,537,3,2025-02-04
12196,P107,Grocery,942,1,2024-10-27
12197,P102,Home,639,2,2024-11-01
12198,P108,Sports,1546,4,2026-03-22
12199,P106,Electronics,1946,1,2024-08-12
12200,P110,Grocery,1810,4,2024-11-13
12201,P113,Electronics,1552,4,2024-12-03
12202,P104,Grocery,893,3,2025-07-11
12203,P103,Home,1667,1,2025-05-06
12204,P100,Clothing,1294,4,2025-07-15
12205,P107,Grocery,133,5,2026-03-10
12206,P109,Grocery,1522,5,2026-03-27
12207,P110,Grocery,638,3,2025-06-30
12208,P103,Home,813,5,2025-02-02
12209,P105,Grocery,1682,2,2026-01-20
12210,P114,Clothing,110,3,2025-07-14
12211,P105,Grocery,1054,4,2024-05-01
12212,P106,Electronics,1605,2,2024-05-30
12213,P101,Electronics,1037,3,2025-03-15
12214,P111,Home,1949,2,2024-12-07
12215,P100,Clothing,1421,4,2026-02-19
12216,P109,Grocery,861,5,2024-08-29
12217,P110,Grocery,170,1,2025-09-21
12218,P101,Electronics,310,2,2025-04-12
12219,P102,Home,229,2,2025-12-29
12220,P109,Grocery,1341,1,2025-04-19
12221,P107,Grocery,1333,4,2026-01-12
12222,P112,Clothing,1213,5,2024-09-13
12223,P106,Electronics,1818,1,2026-04-04
12224,P109,Grocery,258,5,2025-01-27
12225,P107,Grocery,1603,3,2024-10-11
12226,P109,Grocery,464,2,2024-10-01
12227,P102,Home,293,4,2024-12-20
12228,P108,Sports,1337,3,2024-12-08
12229,P103,Home,1888,5,2024-05-17
12230,P104,Grocery,1418,2,2025-04-26
12231,P102,Home,1454,1,2026-01-11
12232,P107,Grocery,1728,4,2025-12-07
12233,P114,Clothing,1036,4,2026-01-20
12234,P109,Grocery,1345,3,2025-01-18
12235,P101,Electronics,852,5,2024-09-23
12236,P112,Clothing,205,1,2026-04-08
12237,P105,Grocery,1081,3,2025-01-17
12238,P103,Home,1601,1,2024-09-20
12239,P102,Home,1815,2,2025-12-21
12240,P101,Electronics,178,4,2026-04-02
12241,P113,Electronics,111,4,2025-08-23
12242,P110,Grocery,1910,3,2024-06-01
12243,P102,Home,567,2,2025-12-26
12244,P111,Home,1818,2,2024-09-30
12245,P100,Clothing,1963,4,2025-01-31
12246,P100,Clothing,1347,2,2024-12-10
12247,P109,Grocery,398,4,2024-06-06
12248,P113,Electronics,641,2,2024-09-02
12249,P102,Home,1945,4,2025-10-19
12250,P106,Electronics,213,2,2024-05-15
12251,P106,Electronics,576,2,2025-10-14
12252,P113,Electronics,1738,3,2024-06-22
12253,P112,Clothing,1096,5,2025-11-30
12254,P100,Clothing,1783,3,2024-08-03
12255,P106,Electronics,1377,1,2025-11-19
12256,P102,Home,1801,2,2025-08-12
12257,P104,Grocery,1057,4,2024-05-09
12258,P105,Grocery,1425,3,2025-02-10
12259,P114,Clothing,789,3,2026-03-01
12260,P108,Sports,1446,1,2025-09-04
12261,P107,Grocery,1808,3,2025-08-02
12262,P100,Clothing,1920,2,2026-02-24
12263,P111,Home,243,2,2025-01-09
12264,P104,Grocery,192,2,2025-11-18
12265,P102,Home,938,2,2024-05-24
12266,P101,Electronics,1002,5,2024-11-17
12267,P101,Electronics,1869,3,2026-01-26
12268,P105,Grocery,885,4,2025-01-26
12269,P113,Electronics,1918,5,2025-09-01
12270,P109,Grocery,1304,3,2024-09-10
12271,P105,Grocery,1746,1,2025-10-30
12272,P112,Clothing,1017,3,2025-03-30
12273,P108,Sports,1626,2,2024-04-18
12274,P107,Grocery,367,4,2025-11-07
12275,P101,Electronics,730,4,2025-11-15
12276,P107,Grocery,725,3,2026-02-28
12277,P107,Grocery,1249,3,2024-09-14
12278,P107,Grocery,136,5,2025-08-19
12279,P114,Clothing,1116,2,2025-12-02
12280,P101,Electronics,869,1,2025-04-06
12281,P109,Grocery,1823,1,2025-07-27
12282,P113,Electronics,1176,1,2025-10-12
12283,P100,Clothing,659,1,2025-12-03
12284,P102,Home,1081,3,2024-05-26
12285,P102,Home,1599,3,2025-11-12
12286,P109,Grocery,1646,1,2024-09-30
12287,P113,Electronics,354,3,2026-02-18
12288,P100,Clothing,1578,2,2024-05-25
12289,P103,Home,217,2,2025-08-27
12290,P102,Home,272,4,2025-08-17
12291,P108,Sports,979,3,2025-08-01
12292,P105,Grocery,1528,1,2024-05-18
12293,P100,Clothing,1097,3,2025-08-27
12294,P102,Home,1840,5,2025-05-10
12295,P108,Sports,1678,4,2025-09-01
12296,P102,Home,1262,2,2025-06-30
12297,P103,Home,917,3,2025-12-16
12298,P112,Clothing,1801,5,2025-02-02
12299,P112,Clothing,666,5,2025-10-13
12300,P100,Clothing,1477,1,2024-08-09
12301,P109,Grocery,360,1,2026-02-24
12302,P113,Electronics,885,3,2024-06-26
12303,P106,Electronics,1102,1,2024-11-22
12304,P107,Grocery,782,4,2025-11-03
12305,P102,Home,1523,1,2025-06-03
12306,P113,Electronics,787,4,2026-02-05
12307,P112,Clothing,964,2,2024-09-04
12308,P107,Grocery,904,2,2026-02-14
12309,P111,Home,171,2,2024-08-09
12310,P113,Electronics,1898,2,2025-07-13
12311,P101,Electronics,326,4,2025-11-05
12312,P101,Electronics,1577,4,2025-10-11
12313,P106,Electronics,1154,1,2024-08-03
12314,P111,Home,1191,5,2025-07-28
12315,P114,Clothing,248,4,2025-05-21
12316,P110,Grocery,295,4,2026-03-20
12317,P107,Grocery,738,3,2025-08-24
12318,P111,Home,1785,4,2025-05-12
12319,P103,Home,804,4,2025-08-22
12320,P101,Electronics,947,5,2026-04-11
12321,P102,Home,986,4,2025-05-31
12322,P114,Clothing,1554,4,2025-04-08
12323,P110,Grocery,1531,5,2024-09-24
12324,P113,Electronics,810,3,2025-02-19
12325,P105,Grocery,1526,4,2025-04-21
12326,P113,Electronics,269,3,2025-09-09
12327,P101,Electronics,1543,1,2024-05-02
12328,P102,Home,210,1,2026-04-02
12329,P114,Clothing,1565,1,2025-04-17
12330,P114,Clothing,297,1,2025-04-13
12331,P112,Clothing,1636,3,2025-03-23
12332,P109,Grocery,1704,1,2025-04-13
12333,P101,Electronics,1340,1,2025-09-17
12334,P109,Grocery,1126,3,2025-08-12
12335,P105,Grocery,128,1,2026-03-31
12336,P101,Electronics,1373,2,2025-03-25
12337,P110,Grocery,1036,3,2025-11-02
12338,P112,Clothing,388,2,2026-04-10
12339,P101,Electronics,1172,5,2024-09-04
12340,P100,Clothing,1357,1,2025-07-17
12341,P106,Electronics,813,3,2024-04-20
12342,P109,Grocery,1221,1,2024-08-30
12343,P100,Clothing,317,2,2026-01-18
12344,P114,Clothing,723,1,2025-05-17
12345,P107,Grocery,1955,4,2024-11-14
12346,P104,Grocery,1686,5,2025-06-14
12347,P101,Electronics,768,1,2024-06-07
12348,P104,Grocery,1332,2,2026-01-08
12349,P102,Home,1514,5,2024-05-12
12350,P110,Grocery,133,2,2025-05-04
12351,P113,Electronics,1310,5,2024-05-20
12352,P107,Grocery,1574,3,2026-04-17
12353,P114,Clothing,152,5,2025-05-14
12354,P104,Grocery,388,3,2025-01-09
12355,P100,Clothing,1514,4,2024-07-22
12356,P108,Sports,998,2,2025-06-07
12357,P107,Grocery,1520,5,2024-09-30
12358,P108,Sports,554,5,2026-03-01
12359,P104,Grocery,1377,5,2024-05-27
12360,P106,Electronics,954,1,2025-06-06
12361,P113,Electronics,1283,5,2025-09-16
12362,P108,Sports,1787,4,2024-07-12
12363,P105,Grocery,730,3,2025-04-02
12364,P112,Clothing,1206,1,2025-04-12
12365,P105,Grocery,1717,1,2024-04-28
12366,P102,Home,362,3,2025-02-20
12367,P114,Clothing,864,1,2024-06-17
12368,P105,Grocery,1791,2,2025-07-08
12369,P109,Grocery,1382,1,2024-10-06
12370,P113,Electronics,1105,2,2024-09-04
12371,P111,Home,499,5,2025-07-25
12372,P112,Clothing,295,5,2025-04-21
12373,P107,Grocery,268,1,2024-09-12
12374,P106,Electronics,1467,4,2025-05-04
12375,P102,Home,927,2,2025-05-13
12376,P106,Electronics,887,2,2026-04-05
12377,P110,Grocery,1189,4,2026-01-04
12378,P104,Grocery,992,1,2024-11-15
12379,P113,Electronics,1602,1,2025-09-04
12380,P103,Home,1032,5,2024-10-18
12381,P109,Grocery,191,5,2024-10-12
12382,P107,Grocery,201,5,2026-01-05
12383,P112,Clothing,946,2,2025-11-27
12384,P100,Clothing,1304,3,2025-12-22
12385,P106,Electronics,1461,2,2025-11-21
12386,P101,Electronics,670,2,2025-05-23
12387,P108,Sports,310,4,2025-05-26
12388,P112,Clothing,1599,4,2025-04-18
12389,P112,Clothing,1667,5,2025-10-30
12390,P104,Grocery,932,4,2025-12-27
12391,P101,Electronics,110,2,2025-11-09
12392,P105,Grocery,1541,4,2026-02-02
12393,P111,Home,1251,1,2024-11-20
12394,P107,Grocery,1453,1,2025-01-26
12395,P110,Grocery,717,2,2024-12-24
12396,P113,Electronics,135,1,2024-05-08
12397,P108,Sports,993,4,2025-07-17
12398,P107,Grocery,1305,1,2025-03-29
12399,P111,Home,1071,3,2025-03-09
12400,P114,Clothing,605,4,2024-06-08
12401,P110,Grocery,913,5,2025-08-22
12402,P113,Electronics,910,1,2024-11-03
12403,P113,Electronics,483,4,2025-02-27
12404,P100,Clothing,1500,2,2024-10-28
12405,P107,Grocery,644,2,2025-02-05
12406,P103,Home,625,3,2026-03-02
12407,P100,Clothing,176,2,2024-05-14
12408,P108,Sports,751,1,2024-10-03
12409,P107,Grocery,594,5,2025-03-31
12410,P112,Clothing,1615,1,2025-11-15
12411,P104,Grocery,1845,2,2024-11-07
12412,P111,Home,583,2,2025-10-29
12413,P110,Grocery,771,3,2024-05-11
12414,P109,Grocery,1285,4,2024-05-20
12415,P113,Electronics,1639,3,2025-07-07
12416,P104,Grocery,742,2,2024-12-17
12417,P114,Clothing,1199,1,2024-12-13
12418,P113,Electronics,993,1,2026-02-09
12419,P109,Grocery,1673,1,2025-08-31
12420,P111,Home,203,2,2025-06-16
12421,P112,Clothing,1811,5,2024-07-26
12422,P102,Home,319,3,2025-04-28
12423,P104,Grocery,325,3,2026-03-17
12424,P113,Electronics,1633,3,2026-03-23
12425,P113,Electronics,1929,5,2026-03-18
12426,P108,Sports,944,3,2025-09-15
12427,P114,Clothing,947,5,2024-05-13
12428,P107,Grocery,626,3,2025-11-26
12429,P100,Clothing,726,2,2026-04-05
12430,P114,Clothing,917,1,2024-04-26
12431,P109,Grocery,1029,1,2024-08-15
12432,P106,Electronics,446,3,2025-11-10
12433,P110,Grocery,1013,4,2025-04-20
12434,P103,Home,688,2,2025-01-23
12435,P100,Clothing,148,1,2026-01-26
12436,P109,Grocery,1115,2,2024-05-14
12437,P100,Clothing,1044,1,2024-07-15
12438,P113,Electronics,452,3,2025-07-30
12439,P103,Home,1037,5,2025-10-26
12440,P105,Grocery,547,2,2026-02-10
12441,P109,Grocery,1060,5,2025-03-28
12442,P101,Electronics,1232,3,2025-04-20
12443,P103,Home,1358,4,2025-09-22
12444,P114,Clothing,1020,3,2025-01-03
12445,P100,Clothing,1312,1,2025-09-04
12446,P109,Grocery,1682,1,2024-06-08
12447,P114,Clothing,491,1,2026-03-09
12448,P113,Electronics,1057,4,2024-10-23
12449,P102,Home,602,4,2024-06-09
12450,P109,Grocery,1340,1,2025-04-01
12451,P113,Electronics,1138,3,2025-05-21
12452,P103,Home,530,2,2026-01-16
12453,P100,Clothing,1840,5,2025-06-11
12454,P113,Electronics,1250,4,2025-12-11
12455,P111,Home,1731,4,2026-01-21
12456,P102,Home,1254,3,2025-08-23
12457,P113,Electronics,1005,1,2024-05-10
12458,P106,Electronics,1560,2,2024-08-05
12459,P105,Grocery,1495,2,2024-10-10
12460,P108,Sports,1317,4,2024-07-30
12461,P112,Clothing,734,2,2024-12-30
12462,P106,Electronics,543,2,2024-06-19
12463,P108,Sports,269,4,2025-09-27
12464,P109,Grocery,643,2,2024-09-13
12465,P107,Grocery,949,4,2025-09-06
12466,P108,Sports,1705,4,2025-10-28
12467,P107,Grocery,695,3,2025-11-12
12468,P108,Sports,787,2,2025-06-07
12469,P103,Home,1877,3,2024-05-04
12470,P108,Sports,211,1,2024-05-06
12471,P101,Electronics,1476,1,2024-12-13
12472,P110,Grocery,406,5,2024-12-31
12473,P104,Grocery,391,5,2025-12-11
12474,P114,Clothing,130,3,2024-05-19
12475,P108,Sports,1373,5,2026-02-13
12476,P110,Grocery,792,3,2025-05-11
12477,P101,Electronics,1218,4,2025-12-25
12478,P109,Grocery,928,1,2024-06-11
12479,P109,Grocery,1827,3,2025-10-01
12480,P107,Grocery,1686,1,2025-09-25
12481,P105,Grocery,932,2,2025-07-10
12482,P108,Sports,1459,4,2025-07-16
12483,P109,Grocery,1051,3,2024-09-04
12484,P102,Home,603,2,2024-11-06
12485,P107,Grocery,694,1,2026-03-16
12486,P102,Home,186,1,2025-12-29
12487,P111,Home,1076,4,2024-06-22
12488,P112,Clothing,1412,2,2025-07-21
12489,P107,Grocery,231,2,2025-03-19
12490,P109,Grocery,1289,4,2025-04-10
12491,P111,Home,774,4,2024-06-15
12492,P107,Grocery,1033,1,2025-07-07
12493,P112,Clothing,696,3,2025-09-24
12494,P100,Clothing,885,3,2025-05-25
12495,P100,Clothing,1721,1,2025-02-14
12496,P104,Grocery,1360,1,2025-09-12
12497,P105,Grocery,166,5,2025-01-25
12498,P113,Electronics,1346,5,2025-06-10
12499,P100,Clothing,1994,3,2025-10-21
12500,P103,Home,483,5,2025-03-10
12501,P112,Clothing,1511,3,2025-09-02
12502,P114,Clothing,285,2,2024-07-25
12503,P108,Sports,153,1,2024-10-23
12504,P101,Electronics,666,3,2024-08-11
12505,P104,Grocery,1755,2,2025-12-05
12506,P114,Clothing,997,3,2024-05-30
12507,P102,Home,352,3,2024-07-19
12508,P105,Grocery,1757,4,2025-05-21
12509,P109,Grocery,1966,1,2025-10-14
12510,P112,Clothing,1158,5,2024-09-26
12511,P108,Sports,260,2,2025-01-31
12512,P105,Grocery,301,3,2025-03-09
12513,P113,Electronics,1058,3,2026-02-20
12514,P112,Clothing,1359,4,2025-05-01
12515,P112,Clothing,1477,1,2025-06-06
12516,P111,Home,1876,4,2024-05-16
12517,P114,Clothing,126,2,2025-12-22
12518,P101,Electronics,1128,5,2024-09-10
12519,P102,Home,195,2,2025-05-09
12520,P110,Grocery,1213,5,2025-03-14
12521,P114,Clothing,605,4,2024-06-05
12522,P105,Grocery,690,2,2025-09-13
12523,P113,Electronics,816,2,2024-08-31
12524,P102,Home,1543,2,2025-05-12
12525,P110,Grocery,1130,1,2025-11-21
12526,P106,Electronics,916,3,2024-09-05
12527,P104,Grocery,525,4,2024-10-30
12528,P100,Clothing,815,3,2024-05-10
12529,P113,Electronics,910,3,2026-04-06
12530,P112,Clothing,820,5,2025-12-02
12531,P107,Grocery,1810,1,2025-09-06
12532,P101,Electronics,1115,2,2026-04-09
12533,P111,Home,1053,2,2024-11-27
12534,P114,Clothing,428,4,2025-10-09
12535,P105,Grocery,524,1,2024-07-11
12536,P103,Home,1734,3,2025-10-01
12537,P107,Grocery,1118,4,2025-08-03
12538,P114,Clothing,1034,4,2025-08-13
12539,P112,Clothing,1569,4,2025-01-17
12540,P103,Home,1944,3,2025-03-13
12541,P108,Sports,1372,2,2026-01-31
12542,P113,Electronics,1586,2,2025-04-06
12543,P102,Home,459,5,2025-09-10
12544,P102,Home,480,3,2026-04-10
12545,P114,Clothing,694,2,2024-08-30
12546,P106,Electronics,1501,3,2025-03-30
12547,P109,Grocery,1286,3,2025-03-04
12548,P109,Grocery,892,5,2025-02-26
12549,P100,Clothing,766,2,2024-10-25
12550,P113,Electronics,901,1,2026-04-18
12551,P113,Electronics,461,5,2025-06-25
12552,P108,Sports,589,2,2025-05-14
12553,P105,Grocery,1253,3,2025-12-26
12554,P106,Electronics,726,3,2025-08-13
12555,P107,Grocery,1105,1,2024-09-16
12556,P113,Electronics,104,4,2024-08-01
12557,P112,Clothing,1631,2,2025-11-01
12558,P103,Home,189,1,2024-11-01
12559,P104,Grocery,1894,3,2024-09-03
12560,P111,Home,715,5,2025-04-06
12561,P100,Clothing,1750,5,2025-07-19
12562,P113,Electronics,864,1,2025-07-29
12563,P101,Electronics,781,2,2024-06-25
12564,P102,Home,1894,2,2025-07-03
12565,P111,Home,1867,2,2025-03-19
12566,P109,Grocery,726,4,2026-02-24
12567,P108,Sports,221,4,2024-08-31
12568,P105,Grocery,766,2,2025-06-28
12569,P102,Home,1993,4,2024-06-17
12570,P108,Sports,1597,4,2025-01-12
12571,P101,Electronics,1426,2,2024-06-04
12572,P100,Clothing,1617,3,2024-06-29
12573,P105,Grocery,541,1,2026-03-28
12574,P101,Electronics,1489,4,2025-03-05
12575,P102,Home,1262,4,2025-04-04
12576,P101,Electronics,1261,1,2025-08-12
12577,P110,Grocery,1217,4,2024-11-07
12578,P109,Grocery,623,3,2025-08-24
12579,P100,Clothing,1228,4,2024-05-14
12580,P111,Home,1947,1,2024-11-10
12581,P111,Home,897,3,2024-07-21
12582,P111,Home,1568,5,2024-08-15
12583,P113,Electronics,371,3,2025-10-28
12584,P100,Clothing,187,5,2024-10-22
12585,P104,Grocery,513,1,2026-02-26
12586,P113,Electronics,1449,1,2024-11-13
12587,P104,Grocery,191,4,2025-01-18
12588,P106,Electronics,1779,2,2025-03-31
12589,P108,Sports,312,2,2024-05-28
12590,P110,Grocery,572,5,2025-01-28
12591,P113,Electronics,1099,1,2026-04-08
12592,P109,Grocery,432,4,2024-05-20
12593,P112,Clothing,910,2,2025-03-19
12594,P114,Clothing,704,5,2025-08-14
12595,P105,Grocery,1060,1,2024-11-07
12596,P100,Clothing,397,4,2024-09-30
12597,P104,Grocery,503,4,2026-02-21
12598,P101,Electronics,1845,3,2025-11-07
12599,P110,Grocery,1414,2,2025-04-08
12600,P113,Electronics,650,5,2026-04-07
12601,P112,Clothing,1832,3,2025-11-10
12602,P103,Home,1833,2,2025-01-27
12603,P108,Sports,1353,5,2024-07-11
12604,P114,Clothing,228,1,2024-07-06
12605,P100,Clothing,947,5,2024-07-24
12606,P110,Grocery,1963,2,2024-06-17
12607,P106,Electronics,1872,2,2025-04-02
12608,P109,Grocery,501,5,2025-08-18
12609,P108,Sports,1815,5,2024-07-28
12610,P102,Home,543,3,2025-12-04
12611,P102,Home,1453,5,2025-11-03
12612,P112,Clothing,1200,4,2025-10-18
12613,P112,Clothing,920,3,2025-02-04
12614,P103,Home,723,2,2024-09-25
12615,P101,Electronics,214,5,2025-10-08
12616,P109,Grocery,1487,1,2025-07-14
12617,P114,Clothing,1137,1,2025-09-29
12618,P104,Grocery,1835,4,2025-07-06
12619,P113,Electronics,891,1,2024-05-28
12620,P107,Grocery,1475,3,2024-07-16
12621,P107,Grocery,315,2,2025-08-21
12622,P100,Clothing,307,2,2024-11-19
12623,P106,Electronics,957,1,2026-04-03
12624,P105,Grocery,1135,4,2026-01-25
12625,P110,Grocery,339,5,2025-05-03
12626,P108,Sports,536,3,2025-01-31
12627,P103,Home,1041,2,2025-06-10
12628,P113,Electronics,188,1,2024-12-08
12629,P106,Electronics,1374,4,2025-07-29
12630,P108,Sports,472,1,2025-04-01
12631,P103,Home,1053,3,2025-08-30
12632,P110,Grocery,1783,1,2025-01-06
12633,P112,Clothing,375,1,2024-07-23
12634,P106,Electronics,1141,1,2024-11-13
12635,P101,Electronics,1482,5,2024-09-10
12636,P114,Clothing,440,2,2025-12-15
12637,P104,Grocery,362,4,2025-12-20
12638,P103,Home,279,5,2024-11-07
12639,P102,Home,1228,2,2024-04-21
12640,P108,Sports,1164,1,2025-08-14
12641,P106,Electronics,1457,3,2024-09-07
12642,P101,Electronics,442,1,2025-07-22
12643,P114,Clothing,1566,2,2025-03-14
12644,P100,Clothing,1975,1,2024-11-30
12645,P102,Home,126,1,2025-10-15
12646,P105,Grocery,1883,5,2026-02-21
12647,P101,Electronics,1757,1,2025-12-19
12648,P101,Electronics,484,4,2026-02-12
12649,P101,Electronics,1101,4,2024-05-25
12650,P110,Grocery,1917,5,2025-06-17
12651,P112,Clothing,519,2,2026-01-13
12652,P110,Grocery,1963,1,2026-03-07
12653,P104,Grocery,384,4,2024-06-05
12654,P107,Grocery,133,5,2025-10-29
12655,P102,Home,489,4,2025-05-30
12656,P108,Sports,1455,5,2026-03-31
12657,P107,Grocery,1543,5,2024-10-30
12658,P110,Grocery,1949,5,2025-07-10
12659,P112,Clothing,522,2,2024-09-23
12660,P108,Sports,1888,5,2025-10-10
12661,P113,Electronics,1140,3,2026-01-25
12662,P111,Home,1773,4,2024-12-28
12663,P105,Grocery,898,2,2025-03-22
12664,P106,Electronics,852,3,2024-07-23
12665,P107,Grocery,468,2,2024-10-28
12666,P114,Clothing,560,5,2025-07-14
12667,P102,Home,1018,5,2024-07-01
12668,P110,Grocery,1507,3,2024-07-24
12669,P111,Home,199,2,2025-08-12
12670,P113,Electronics,1578,4,2024-11-01
12671,P100,Clothing,1693,4,2024-11-01
12672,P112,Clothing,1346,4,2024-10-09
12673,P104,Grocery,696,2,2024-08-01
12674,P100,Clothing,755,3,2025-04-10
12675,P102,Home,223,3,2025-12-12
12676,P102,Home,1238,1,2024-05-03
12677,P109,Grocery,272,4,2024-07-27
12678,P107,Grocery,104,3,2025-09-27
12679,P108,Sports,1711,3,2025-01-25
12680,P102,Home,761,4,2025-03-12
12681,P104,Grocery,827,3,2025-01-15
12682,P106,Electronics,1574,1,2025-11-21
12683,P106,Electronics,1280,4,2024-05-08
12684,P102,Home,1312,2,2024-12-17
12685,P104,Grocery,1776,2,2025-12-12
12686,P101,Electronics,1077,3,2024-10-28
12687,P101,Electronics,131,4,2025-12-05
12688,P104,Grocery,1775,1,2025-12-25
12689,P102,Home,1159,4,2025-06-05
12690,P108,Sports,1048,1,2025-07-13
12691,P111,Home,1016,1,2025-07-20
12692,P107,Grocery,1591,5,2025-05-19
12693,P101,Electronics,1719,2,2025-04-24
12694,P101,Electronics,1534,2,2025-09-24
12695,P113,Electronics,344,4,2024-10-31
12696,P101,Electronics,1024,5,2025-11-08
12697,P111,Home,1982,3,2026-03-20
12698,P113,Electronics,705,5,2024-08-02
12699,P111,Home,401,3,2024-05-21
12700,P100,Clothing,200,3,2026-02-13
12701,P101,Electronics,1182,3,2024-04-27
12702,P104,Grocery,396,3,2024-12-04
12703,P106,Electronics,1243,4,2024-10-20
12704,P106,Electronics,1194,2,2026-03-05
12705,P110,Grocery,1895,3,2025-01-29
12706,P112,Clothing,913,4,2024-08-25
12707,P109,Grocery,1031,5,2025-06-10
12708,P111,Home,1995,5,2025-09-30
12709,P102,Home,1250,1,2025-11-30
12710,P113,Electronics,597,2,2024-11-25
12711,P102,Home,1352,4,2026-01-27
12712,P104,Grocery,1591,3,2025-05-03
12713,P112,Clothing,640,4,2026-01-13
12714,P108,Sports,312,5,2024-11-29
12715,P105,Grocery,1285,2,2024-07-31
12716,P112,Clothing,1428,4,2025-02-11
12717,P112,Clothing,1247,2,2024-05-20
12718,P111,Home,806,4,2025-12-31
12719,P107,Grocery,1926,2,2025-02-19
12720,P109,Grocery,583,1,2025-11-11
12721,P105,Grocery,614,2,2026-04-12
12722,P114,Clothing,904,5,2024-11-25
12723,P114,Clothing,367,3,2025-10-16
12724,P111,Home,508,4,2025-06-23
12725,P106,Electronics,1522,5,2025-05-29
12726,P103,Home,669,5,2024-09-07
12727,P112,Clothing,1041,3,2025-06-20
12728,P112,Clothing,1595,1,2025-05-03
12729,P107,Grocery,272,5,2024-06-09
12730,P112,Clothing,441,3,2025-01-29
12731,P106,Electronics,1150,5,2025-07-08
12732,P101,Electronics,842,3,2024-05-18
12733,P103,Home,1794,3,2026-04-16
12734,P106,Electronics,639,2,2025-12-19
12735,P110,Grocery,849,4,2024-11-02
12736,P100,Clothing,586,1,2026-03-18
12737,P109,Grocery,651,4,2025-09-04
12738,P112,Clothing,769,4,2025-03-09
12739,P104,Grocery,642,3,2024-07-14
12740,P106,Electronics,1744,4,2025-03-09
12741,P107,Grocery,681,3,2025-04-23
12742,P104,Grocery,1524,4,2025-08-14
12743,P102,Home,776,1,2024-10-17
12744,P113,Electronics,817,4,2025-12-06
12745,P106,Electronics,830,5,2025-08-09
12746,P110,Grocery,1192,1,2025-08-06
12747,P110,Grocery,1143,4,2025-01-05
12748,P112,Clothing,239,2,2025-12-07
12749,P102,Home,918,5,2025-11-11
12750,P107,Grocery,454,2,2024-09-18
12751,P111,Home,1924,5,2024-10-15
12752,P112,Clothing,537,2,2026-04-12
12753,P106,Electronics,646,5,2025-09-24
12754,P103,Home,1259,4,2025-11-05
12755,P107,Grocery,1799,2,2024-07-07
12756,P103,Home,613,4,2025-01-16
12757,P108,Sports,1917,4,2026-04-13
12758,P110,Grocery,186,4,2026-04-01
12759,P112,Clothing,605,5,2025-01-07
12760,P102,Home,1741,4,2024-06-30
12761,P101,Electronics,1923,4,2025-10-08
12762,P114,Clothing,1174,1,2024-07-24
12763,P104,Grocery,310,5,2024-05-21
12764,P100,Clothing,470,3,2025-09-07
12765,P102,Home,1427,1,2025-03-31
12766,P110,Grocery,765,1,2025-07-23
12767,P109,Grocery,233,3,2025-11-17
12768,P105,Grocery,1746,1,2024-11-30
12769,P103,Home,871,3,2024-11-01
12770,P112,Clothing,1411,1,2024-12-24
12771,P110,Grocery,1471,3,2025-05-25
12772,P112,Clothing,1042,5,2025-07-14
12773,P114,Clothing,868,2,2024-06-01
12774,P111,Home,820,3,2025-01-04
12775,P102,Home,1932,3,2025-09-14
12776,P109,Grocery,294,2,2025-09-22
12777,P109,Grocery,1682,2,2025-08-15
12778,P108,Sports,397,5,2025-02-01
12779,P111,Home,1782,4,2025-01-20
12780,P114,Clothing,1597,4,2025-10-31
12781,P111,Home,506,1,2026-01-13
12782,P105,Grocery,753,2,2025-05-16
12783,P101,Electronics,1067,4,2025-04-17
12784,P100,Clothing,1248,2,2024-12-05
12785,P106,Electronics,1267,1,2024-12-16
12786,P114,Clothing,1447,2,2025-08-26
12787,P103,Home,280,2,2024-07-11
12788,P109,Grocery,1925,2,2026-01-04
12789,P104,Grocery,738,1,2026-02-23
12790,P113,Electronics,1463,1,2025-10-25
12791,P108,Sports,1787,2,2026-03-21
12792,P107,Grocery,107,1,2026-03-12
12793,P110,Grocery,1235,2,2026-03-11
12794,P106,Electronics,695,1,2025-03-10
12795,P111,Home,622,5,2024-09-23
12796,P103,Home,159,2,2025-07-29
12797,P103,Home,900,1,2024-05-22
12798,P110,Grocery,429,5,2026-02-28
12799,P114,Clothing,993,5,2024-10-20
12800,P103,Home,1225,1,2024-09-01
12801,P110,Grocery,1560,1,2025-07-29
12802,P104,Grocery,1178,2,2026-03-05
12803,P103,Home,1062,4,2025-11-02
12804,P104,Grocery,167,4,2024-10-29
12805,P104,Grocery,1340,3,2025-04-23
12806,P105,Grocery,1059,1,2026-03-25
12807,P105,Grocery,261,4,2025-10-03
12808,P107,Grocery,1370,4,2025-09-16
12809,P106,Electronics,363,3,2026-01-09
12810,P109,Grocery,1841,3,2026-02-24
12811,P108,Sports,286,3,2025-11-15
12812,P109,Grocery,782,4,2025-06-28
12813,P106,Electronics,887,4,2024-08-07
12814,P102,Home,357,3,2025-04-26
12815,P104,Grocery,1201,2,2024-11-06
12816,P113,Electronics,1035,5,2024-09-16
12817,P110,Grocery,1271,1,2024-09-21
12818,P104,Grocery,1188,1,2024-05-02
12819,P114,Clothing,830,4,2025-12-30
12820,P111,Home,1984,1,2024-07-01
12821,P103,Home,238,2,2024-11-07
12822,P106,Electronics,1821,1,2026-03-30
12823,P110,Grocery,1569,5,2026-04-01
12824,P103,Home,1140,1,2024-12-19
12825,P100,Clothing,1073,4,2025-09-11
12826,P110,Grocery,472,5,2025-09-05
12827,P104,Grocery,1315,3,2024-07-27
12828,P100,Clothing,1492,3,2025-08-23
12829,P107,Grocery,1196,1,2026-02-03
12830,P111,Home,1705,2,2025-09-21
12831,P105,Grocery,885,3,2025-03-22
12832,P105,Grocery,463,5,2024-12-05
12833,P111,Home,1154,1,2025-09-11
12834,P100,Clothing,533,1,2024-05-30
12835,P105,Grocery,1957,4,2026-03-04
12836,P100,Clothing,1273,1,2026-02-24
12837,P105,Grocery,1389,2,2026-03-15
12838,P101,Electronics,457,4,2025-12-10
12839,P114,Clothing,892,3,2025-04-01
12840,P111,Home,1533,5,2025-12-14
12841,P100,Clothing,181,2,2026-03-13
12842,P111,Home,280,2,2025-09-16
12843,P112,Clothing,1118,3,2025-09-24
12844,P105,Grocery,1967,5,2026-02-28
12845,P112,Clothing,201,4,2025-01-10
12846,P108,Sports,178,3,2024-12-09
12847,P111,Home,1084,5,2024-06-21
12848,P105,Grocery,602,3,2025-09-07
12849,P102,Home,543,5,2025-07-03
12850,P112,Clothing,1509,1,2024-12-21
12851,P105,Grocery,1401,3,2025-03-20
12852,P113,Electronics,1042,1,2025-11-06
12853,P108,Sports,1774,3,2025-02-26
12854,P111,Home,798,5,2025-05-19
12855,P108,Sports,150,3,2026-01-03
12856,P107,Grocery,285,3,2026-01-22
12857,P103,Home,409,1,2026-04-01
12858,P112,Clothing,899,3,2025-06-04
12859,P103,Home,276,3,2025-12-24
12860,P103,Home,194,4,2024-07-23
12861,P111,Home,1696,1,2025-08-11
12862,P111,Home,1915,2,2025-05-10
12863,P106,Electronics,1729,3,2025-12-20
12864,P106,Electronics,497,3,2025-08-26
12865,P112,Clothing,1112,2,2024-09-11
12866,P103,Home,706,5,2024-08-10
12867,P101,Electronics,940,2,2024-05-07
12868,P106,Electronics,1011,2,2025-05-15
12869,P112,Clothing,204,5,2026-01-24
12870,P101,Electronics,779,4,2024-04-27
12871,P111,Home,1207,2,2024-08-24
12872,P113,Electronics,745,5,2025-03-02
12873,P113,Electronics,195,2,2025-12-29
12874,P103,Home,782,3,2025-02-24
12875,P100,Clothing,1866,3,2025-10-09
12876,P113,Electronics,298,3,2025-11-20
12877,P112,Clothing,474,4,2024-05-10
12878,P113,Electronics,521,2,2025-09-29
12879,P113,Electronics,668,5,2025-08-29
12880,P106,Electronics,1281,4,2025-10-24
12881,P101,Electronics,112,1,2025-07-02
12882,P108,Sports,1900,5,2025-07-28
12883,P102,Home,1676,3,2024-08-20
12884,P114,Clothing,1129,5,2025-12-05
12885,P113,Electronics,1790,1,2025-12-08
12886,P101,Electronics,172,4,2025-09-24
12887,P103,Home,230,4,2024-05-01
12888,P114,Clothing,745,4,2025-10-06
12889,P107,Grocery,1575,4,2024-12-08
12890,P101,Electronics,636,5,2025-01-26
12891,P101,Electronics,1913,1,2025-01-14
12892,P101,Electronics,1126,1,2024-06-29
12893,P105,Grocery,1355,3,2025-11-14
12894,P112,Clothing,1576,2,2026-01-25
12895,P106,Electronics,786,1,2024-12-05
12896,P100,Clothing,817,2,2024-12-19
12897,P113,Electronics,637,5,2025-05-02
12898,P100,Clothing,1530,5,2025-01-10
12899,P103,Home,840,2,2024-12-29
12900,P106,Electronics,1493,5,2025-05-18
12901,P106,Electronics,1065,1,2025-10-13
12902,P108,Sports,983,2,2026-03-06
12903,P106,Electronics,1763,1,2024-07-01
12904,P104,Grocery,738,5,2025-11-29
12905,P100,Clothing,1973,2,2025-11-21
12906,P108,Sports,393,3,2025-08-30
12907,P105,Grocery,1341,4,2024-12-01
12908,P100,Clothing,717,1,2025-04-02
12909,P107,Grocery,1410,4,2025-12-29
12910,P108,Sports,139,3,2025-07-03
12911,P114,Clothing,681,4,2026-01-22
12912,P105,Grocery,118,1,2026-02-26
12913,P110,Grocery,777,2,2025-02-09
12914,P114,Clothing,370,2,2025-10-21
12915,P101,Electronics,1254,4,2026-01-28
12916,P109,Grocery,1536,5,2025-07-09
12917,P112,Clothing,376,2,2025-04-05
12918,P112,Clothing,1914,2,2024-04-29
12919,P109,Grocery,1544,5,2025-11-28
12920,P105,Grocery,743,1,2025-02-20
12921,P109,Grocery,1188,1,2024-05-01
12922,P112,Clothing,103,2,2025-06-24
12923,P114,Clothing,515,1,2025-07-29
12924,P112,Clothing,849,3,2026-03-14
12925,P110,Grocery,692,5,2024-10-14
12926,P105,Grocery,1245,5,2025-02-19
12927,P109,Grocery,1696,3,2025-04-17
12928,P112,Clothing,778,2,2026-03-04
12929,P111,Home,1615,5,2024-07-08
12930,P108,Sports,1302,5,2025-05-01
12931,P111,Home,1909,5,2025-11-08
12932,P105,Grocery,1315,4,2025-07-09
12933,P102,Home,1316,4,2024-11-16
12934,P114,Clothing,1002,4,2024-10-28
12935,P114,Clothing,875,2,2025-10-17
12936,P102,Home,1131,4,2024-09-22
12937,P102,Home,1486,5,2025-07-12
12938,P111,Home,887,5,2024-10-01
12939,P113,Electronics,1583,4,2024-06-19
12940,P102,Home,1698,5,2024-06-11
12941,P111,Home,366,4,2026-02-26
12942,P103,Home,577,3,2025-06-06
12943,P114,Clothing,1398,4,2025-07-12
12944,P110,Grocery,1345,5,2024-09-02
12945,P114,Clothing,202,2,2024-09-25
12946,P114,Clothing,1339,1,2025-12-01
12947,P104,Grocery,1601,4,2025-03-04
12948,P108,Sports,147,3,2025-04-25
12949,P109,Grocery,505,3,2026-03-13
12950,P114,Clothing,1441,1,2026-02-07
12951,P100,Clothing,1469,1,2025-02-22
12952,P112,Clothing,1670,2,2024-09-02
12953,P107,Grocery,397,4,2025-10-18
12954,P109,Grocery,964,1,2025-05-30
12955,P107,Grocery,1414,2,2024-12-14
12956,P100,Clothing,754,4,2026-04-02
12957,P114,Clothing,1734,1,2026-03-02
12958,P101,Electronics,1453,4,2024-07-15
12959,P109,Grocery,1686,5,2024-11-30
12960,P102,Home,240,5,2024-10-07
12961,P114,Clothing,260,2,2024-06-15
12962,P104,Grocery,1088,4,2025-06-29
12963,P102,Home,511,3,2025-12-04
12964,P112,Clothing,786,2,2025-10-14
12965,P105,Grocery,107,3,2024-11-22
12966,P110,Grocery,1280,2,2025-06-29
12967,P101,Electronics,1962,1,2024-09-03
12968,P102,Home,1902,1,2025-03-16
12969,P112,Clothing,694,4,2025-01-18
12970,P100,Clothing,1933,4,2026-04-03
12971,P111,Home,1737,2,2025-08-30
12972,P105,Grocery,1577,5,2024-11-28
12973,P112,Clothing,1506,2,2024-07-29
12974,P107,Grocery,818,3,2025-10-28
12975,P103,Home,740,4,2025-04-28
12976,P107,Grocery,584,3,2025-09-11
12977,P100,Clothing,925,4,2024-10-18
12978,P103,Home,174,2,2025-11-17
12979,P114,Clothing,643,4,2026-02-04
12980,P111,Home,907,5,2025-11-22
12981,P100,Clothing,768,5,2024-06-02
12982,P105,Grocery,1885,5,2025-01-16
12983,P110,Grocery,1101,1,2026-03-16
12984,P102,Home,539,3,2026-02-18
12985,P104,Grocery,388,2,2025-09-18
12986,P104,Grocery,1942,4,2024-09-25
12987,P108,Sports,1001,2,2025-10-07
12988,P103,Home,494,3,2026-01-30
12989,P103,Home,705,4,2025-01-18
12990,P114,Clothing,1586,1,2025-04-09
12991,P113,Electronics,928,4,2026-03-31
12992,P103,Home,1945,5,2024-10-25
12993,P100,Clothing,1938,4,2025-12-17
12994,P108,Sports,465,5,2025-12-30
12995,P111,Home,466,5,2024-11-13
12996,P111,Home,298,1,2025-12-17
12997,P114,Clothing,629,5,2025-07-18
12998,P107,Grocery,938,1,2025-04-19
12999,P112,Clothing,1359,2,2026-04-05
13000,P110,Grocery,325,3,2025-02-20
13001,P103,Home,514,4,2025-11-24
13002,P101,Electronics,1682,3,2024-07-02
13003,P109,Grocery,361,1,2025-10-23
13004,P105,Grocery,444,2,2024-08-27
13005,P111,Home,1866,4,2025-08-13
13006,P112,Clothing,1925,5,2026-02-12
13007,P101,Electronics,1553,2,2026-02-26
13008,P109,Grocery,1362,3,2024-11-10
13009,P114,Clothing,1212,4,2026-03-16
13010,P101,Electronics,1938,5,2025-09-03
13011,P102,Home,570,4,2025-02-09
13012,P101,Electronics,1957,1,2025-10-27
13013,P100,Clothing,1135,1,2024-06-02
13014,P110,Grocery,785,2,2024-09-25
13015,P100,Clothing,606,5,2024-09-17
13016,P100,Clothing,886,5,2024-10-17
13017,P106,Electronics,990,3,2025-11-09
13018,P101,Electronics,673,2,2026-01-20
13019,P102,Home,1741,4,2025-09-24
13020,P110,Grocery,1311,5,2025-06-30
13021,P106,Electronics,1882,5,2025-08-09
13022,P113,Electronics,1752,4,2024-08-14
13023,P113,Electronics,1030,1,2025-04-08
13024,P112,Clothing,227,3,2025-09-08
13025,P106,Electronics,348,1,2025-01-25
13026,P103,Home,943,3,2026-01-24
13027,P102,Home,571,5,2024-06-08
13028,P114,Clothing,997,2,2025-06-29
13029,P111,Home,259,2,2025-05-13
13030,P111,Home,462,4,2024-07-01
13031,P108,Sports,1160,1,2025-02-03
13032,P108,Sports,1331,1,2025-02-06
13033,P113,Electronics,1593,5,2025-06-15
13034,P103,Home,1286,5,2026-03-12
13035,P107,Grocery,523,1,2025-10-10
13036,P113,Electronics,910,3,2025-07-21
13037,P109,Grocery,1773,5,2025-10-08
13038,P112,Clothing,763,4,2024-12-18
13039,P100,Clothing,334,4,2025-09-27
13040,P112,Clothing,120,4,2024-10-30
13041,P106,Electronics,1549,2,2025-06-23
13042,P114,Clothing,1763,2,2024-10-13
13043,P114,Clothing,371,4,2024-11-02
13044,P110,Grocery,1645,4,2024-05-16
13045,P104,Grocery,536,4,2025-12-02
13046,P104,Grocery,1143,4,2025-04-10
13047,P111,Home,1035,4,2026-01-01
13048,P113,Electronics,1625,2,2025-04-13
13049,P106,Electronics,676,1,2025-11-19
13050,P109,Grocery,1294,3,2025-09-11
13051,P110,Grocery,1559,1,2025-12-11
13052,P102,Home,1989,2,2024-08-27
13053,P111,Home,1201,2,2026-04-07
13054,P110,Grocery,1832,5,2025-10-23
13055,P109,Grocery,1533,4,2025-05-02
13056,P103,Home,1812,5,2025-06-04
13057,P114,Clothing,1559,3,2025-02-17
13058,P108,Sports,1490,5,2024-05-26
13059,P104,Grocery,1160,3,2025-06-12
13060,P111,Home,1612,3,2026-01-27
13061,P111,Home,1629,5,2025-07-25
13062,P105,Grocery,909,3,2024-07-30
13063,P113,Electronics,342,2,2025-02-05
13064,P105,Grocery,1319,2,2025-08-23
13065,P113,Electronics,1583,3,2024-08-23
13066,P112,Clothing,1595,2,2026-04-18
13067,P104,Grocery,763,4,2024-10-02
13068,P114,Clothing,783,3,2025-05-24
13069,P110,Grocery,1698,2,2025-08-03
13070,P103,Home,1998,3,2024-09-20
13071,P104,Grocery,1905,5,2026-01-13
13072,P102,Home,1515,3,2024-08-23
13073,P110,Grocery,618,5,2025-09-15
13074,P108,Sports,1859,3,2024-06-14
13075,P107,Grocery,606,3,2024-10-25
13076,P113,Electronics,1292,5,2024-05-03
13077,P113,Electronics,298,4,2025-10-15
13078,P106,Electronics,884,5,2025-04-30
13079,P105,Grocery,641,3,2024-09-02
13080,P114,Clothing,1668,2,2024-09-21
13081,P110,Grocery,1504,5,2025-05-03
13082,P108,Sports,1285,1,2026-01-23
13083,P101,Electronics,1628,1,2025-06-28
13084,P112,Clothing,1145,5,2025-11-22
13085,P105,Grocery,650,1,2025-06-30
13086,P112,Clothing,822,4,2024-11-20
13087,P114,Clothing,473,2,2026-03-07
13088,P105,Grocery,1768,5,2025-08-25
13089,P105,Grocery,788,4,2025-12-14
13090,P107,Grocery,599,5,2025-10-25
13091,P108,Sports,1505,3,2026-01-18
13092,P114,Clothing,418,5,2025-12-24
13093,P103,Home,560,1,2025-10-11
13094,P110,Grocery,908,1,2026-04-15
13095,P106,Electronics,1928,1,2025-12-01
13096,P100,Clothing,1395,2,2025-11-23
13097,P114,Clothing,1348,3,2025-11-24
13098,P103,Home,958,2,2024-09-17
13099,P111,Home,294,4,2024-07-22
13100,P100,Clothing,1368,4,2025-10-01
13101,P100,Clothing,1112,3,2025-02-14
13102,P102,Home,1392,2,2024-07-17
13103,P105,Grocery,594,1,2025-11-19
13104,P104,Grocery,480,3,2025-08-14
13105,P104,Grocery,1014,4,2024-11-27
13106,P108,Sports,289,2,2024-09-10
13107,P101,Electronics,1673,3,2026-02-05
13108,P100,Clothing,104,3,2026-03-21
13109,P101,Electronics,1809,3,2025-04-18
13110,P103,Home,1449,2,2024-05-03
13111,P101,Electronics,291,1,2025-02-16
13112,P103,Home,1483,2,2025-12-10
13113,P105,Grocery,206,5,2025-06-24
13114,P112,Clothing,576,5,2025-05-08
13115,P111,Home,1699,2,2024-05-22
13116,P108,Sports,1404,4,2025-04-12
13117,P102,Home,1461,5,2026-01-26
13118,P114,Clothing,1168,4,2025-09-23
13119,P104,Grocery,1502,3,2025-11-16
13120,P106,Electronics,802,5,2026-01-10
13121,P102,Home,1820,2,2025-08-29
13122,P101,Electronics,746,2,2024-10-24
13123,P104,Grocery,310,5,2024-11-08
13124,P107,Grocery,223,3,2025-02-03
13125,P105,Grocery,441,2,2025-12-15
13126,P102,Home,1424,4,2025-02-28
13127,P105,Grocery,1951,3,2025-12-07
13128,P103,Home,174,5,2025-05-20
13129,P110,Grocery,1509,4,2026-03-20
13130,P113,Electronics,340,2,2025-12-27
13131,P113,Electronics,1528,2,2024-07-09
13132,P102,Home,553,3,2026-04-12
13133,P104,Grocery,1514,5,2024-11-13
13134,P101,Electronics,1366,3,2024-11-24
13135,P101,Electronics,1528,5,2024-06-01
13136,P106,Electronics,1842,4,2024-05-01
13137,P105,Grocery,773,4,2024-12-19
13138,P106,Electronics,1586,1,2024-12-03
13139,P114,Clothing,324,4,2026-01-30
13140,P111,Home,1753,2,2024-10-11
13141,P100,Clothing,1787,2,2025-01-11
13142,P100,Clothing,1097,4,2024-11-08
13143,P101,Electronics,981,2,2024-05-23
13144,P114,Clothing,1252,3,2025-04-18
13145,P106,Electronics,1557,5,2024-06-25
13146,P104,Grocery,1294,1,2025-07-15
13147,P103,Home,1400,3,2025-09-16
13148,P104,Grocery,283,1,2026-01-23
13149,P104,Grocery,1529,3,2025-09-04
13150,P110,Grocery,1402,1,2025-04-05
13151,P109,Grocery,1764,2,2024-09-12
13152,P103,Home,505,2,2024-05-20
13153,P103,Home,1151,5,2025-10-10
13154,P109,Grocery,1220,2,2026-02-08
13155,P108,Sports,474,1,2025-12-29
13156,P113,Electronics,456,2,2024-04-28
13157,P110,Grocery,1604,5,2025-12-23
13158,P104,Grocery,542,5,2025-11-15
13159,P102,Home,194,3,2025-09-19
13160,P113,Electronics,518,4,2024-12-28
13161,P105,Grocery,1562,3,2026-04-05
13162,P102,Home,378,2,2025-10-11
13163,P103,Home,1047,4,2025-03-11
13164,P102,Home,1850,3,2024-11-11
13165,P102,Home,313,2,2025-12-16
13166,P101,Electronics,804,4,2026-02-16
13167,P108,Sports,1376,3,2025-12-30
13168,P105,Grocery,999,1,2026-02-01
13169,P114,Clothing,478,1,2026-01-30
13170,P111,Home,1891,2,2025-08-24
13171,P107,Grocery,1201,2,2024-10-19
13172,P110,Grocery,288,3,2024-12-18
13173,P103,Home,1610,4,2026-03-13
13174,P103,Home,553,4,2025-04-12
13175,P106,Electronics,1448,2,2024-05-10
13176,P105,Grocery,1989,3,2024-07-03
13177,P104,Grocery,1113,4,2025-08-20
13178,P108,Sports,793,2,2025-12-17
13179,P102,Home,1593,3,2024-08-17
13180,P107,Grocery,1544,1,2026-02-05
13181,P107,Grocery,387,5,2025-04-06
13182,P108,Sports,966,1,2025-01-17
13183,P108,Sports,779,3,2025-03-26
13184,P113,Electronics,348,1,2024-10-18
13185,P103,Home,1391,3,2024-09-30
13186,P104,Grocery,1874,4,2024-12-22
13187,P113,Electronics,420,5,2026-01-18
13188,P112,Clothing,1252,1,2025-12-26
13189,P106,Electronics,213,1,2024-10-21
13190,P109,Grocery,1402,1,2025-10-31
13191,P109,Grocery,409,1,2025-03-18
13192,P109,Grocery,914,3,2025-10-27
13193,P110,Grocery,1019,4,2025-03-09
13194,P110,Grocery,1107,1,2025-03-16
13195,P101,Electronics,854,1,2025-02-22
13196,P103,Home,654,5,2025-05-28
13197,P110,Grocery,962,1,2025-01-16
13198,P109,Grocery,1688,1,2025-06-20
13199,P113,Electronics,1146,1,2025-12-10
13200,P111,Home,357,2,2025-02-10
13201,P104,Grocery,601,4,2024-07-10
13202,P107,Grocery,1567,3,2025-07-16
13203,P114,Clothing,1624,1,2025-04-20
13204,P108,Sports,233,1,2025-08-23
13205,P113,Electronics,1601,4,2026-01-19
13206,P111,Home,134,1,2025-02-02
13207,P106,Electronics,862,1,2026-04-09
13208,P107,Grocery,666,2,2024-11-19
13209,P102,Home,1638,5,2025-09-13
13210,P105,Grocery,822,2,2025-10-01
13211,P112,Clothing,1975,2,2025-03-16
13212,P107,Grocery,1754,5,2024-06-28
13213,P106,Electronics,1437,2,2025-10-05
13214,P111,Home,230,3,2025-03-14
13215,P108,Sports,1328,1,2024-10-19
13216,P103,Home,1025,3,2025-10-28
13217,P114,Clothing,371,4,2025-07-15
13218,P100,Clothing,1361,4,2024-06-12
13219,P107,Grocery,1177,5,2024-09-02
13220,P112,Clothing,625,1,2025-11-09
13221,P104,Grocery,1665,5,2025-08-18
13222,P100,Clothing,921,5,2024-06-27
13223,P111,Home,658,5,2024-09-25
13224,P107,Grocery,1760,3,2025-11-14
13225,P113,Electronics,525,4,2025-05-30
13226,P113,Electronics,1281,2,2024-05-06
13227,P105,Grocery,1503,2,2025-01-23
13228,P110,Grocery,1266,3,2026-02-23
13229,P110,Grocery,751,1,2024-10-10
13230,P113,Electronics,1477,2,2025-06-25
13231,P107,Grocery,588,3,2024-05-26
13232,P111,Home,319,1,2025-11-25
13233,P108,Sports,1543,3,2025-01-10
13234,P108,Sports,136,4,2025-12-18
13235,P103,Home,1654,1,2024-12-14
13236,P109,Grocery,313,4,2024-08-02
13237,P109,Grocery,1818,1,2025-12-28
13238,P108,Sports,1514,4,2024-08-20
13239,P111,Home,1468,5,2025-09-27
13240,P103,Home,1342,3,2024-06-26
13241,P107,Grocery,217,1,2025-02-19
13242,P114,Clothing,1105,4,2025-04-25
13243,P102,Home,1459,3,2025-08-12
13244,P104,Grocery,1926,3,2026-04-07
13245,P101,Electronics,1036,3,2026-02-05
13246,P106,Electronics,1661,4,2024-05-08
13247,P108,Sports,1764,1,2026-01-09
13248,P102,Home,553,1,2025-01-24
13249,P108,Sports,131,1,2025-12-08
13250,P103,Home,761,2,2025-12-06
13251,P107,Grocery,362,4,2025-01-31
13252,P110,Grocery,1955,2,2026-04-17
13253,P110,Grocery,1808,1,2025-11-05
13254,P100,Clothing,1723,3,2024-05-10
13255,P108,Sports,664,4,2024-09-19
13256,P108,Sports,594,5,2025-02-11
13257,P113,Electronics,252,2,2024-10-07
13258,P106,Electronics,1044,5,2024-08-23
13259,P101,Electronics,1886,5,2025-08-11
13260,P114,Clothing,1575,2,2025-06-21
13261,P108,Sports,879,1,2025-06-27
13262,P112,Clothing,585,4,2025-02-10
13263,P110,Grocery,1710,2,2024-05-07
13264,P106,Electronics,711,3,2024-11-06
13265,P105,Grocery,958,2,2024-08-28
13266,P108,Sports,106,5,2025-02-23
13267,P112,Clothing,649,2,2025-11-21
13268,P108,Sports,1413,1,2025-09-21
13269,P105,Grocery,1515,5,2024-08-30
13270,P105,Grocery,1244,5,2024-09-30
13271,P111,Home,1789,4,2025-10-16
13272,P112,Clothing,127,5,2025-06-06
13273,P106,Electronics,1061,5,2025-02-10
13274,P100,Clothing,126,2,2024-10-27
13275,P102,Home,719,1,2024-07-21
13276,P107,Grocery,1420,5,2026-01-15
13277,P103,Home,966,1,2024-04-19
13278,P111,Home,476,2,2025-05-07
13279,P106,Electronics,999,5,2025-08-05
13280,P113,Electronics,765,2,2025-04-02
13281,P104,Grocery,1228,2,2025-12-02
13282,P105,Grocery,1138,5,2025-10-22
13283,P101,Electronics,1787,4,2026-02-07
13284,P104,Grocery,1649,2,2024-06-06
13285,P101,Electronics,1152,4,2024-08-13
13286,P102,Home,1344,2,2024-05-04
13287,P103,Home,1886,5,2025-10-11
13288,P107,Grocery,971,1,2025-01-15
13289,P103,Home,1298,4,2024-10-13
13290,P105,Grocery,1396,4,2026-02-12
13291,P101,Electronics,253,1,2025-06-23
13292,P101,Electronics,586,5,2024-12-06
13293,P112,Clothing,1127,2,2024-10-26
13294,P113,Electronics,1269,5,2024-04-23
13295,P103,Home,1282,1,2026-03-17
13296,P104,Grocery,1694,1,2025-10-31
13297,P103,Home,1607,2,2024-10-11
13298,P104,Grocery,788,4,2025-09-12
13299,P102,Home,475,4,2025-09-06
13300,P103,Home,784,3,2025-10-06
13301,P110,Grocery,1276,2,2024-10-24
13302,P109,Grocery,1643,3,2024-09-21
13303,P100,Clothing,267,4,2024-08-20
13304,P107,Grocery,1826,4,2026-02-17
13305,P102,Home,1997,3,2025-08-19
13306,P112,Clothing,1792,3,2025-10-25
13307,P108,Sports,626,4,2025-04-26
13308,P112,Clothing,642,1,2025-05-03
13309,P105,Grocery,389,2,2024-12-18
13310,P109,Grocery,528,5,2024-07-12
13311,P103,Home,1984,4,2025-08-25
13312,P108,Sports,926,5,2025-02-02
13313,P102,Home,434,5,2024-07-14
13314,P107,Grocery,506,3,2024-12-25
13315,P110,Grocery,730,1,2026-04-14
13316,P102,Home,1760,4,2025-10-01
13317,P112,Clothing,1834,4,2025-07-25
13318,P102,Home,281,4,2026-04-16
13319,P111,Home,1727,3,2024-10-13
13320,P109,Grocery,345,4,2025-05-14
13321,P100,Clothing,342,1,2024-07-05
13322,P102,Home,825,1,2024-07-26
13323,P106,Electronics,1639,3,2026-03-04
13324,P105,Grocery,1212,1,2025-09-03
13325,P103,Home,1002,1,2026-01-24
13326,P114,Clothing,1444,3,2025-12-16
13327,P100,Clothing,629,2,2024-04-24
13328,P102,Home,362,5,2024-05-31
13329,P102,Home,1527,2,2025-11-07
13330,P112,Clothing,1561,2,2024-04-18
13331,P107,Grocery,319,3,2024-08-17
13332,P111,Home,163,3,2025-03-06
13333,P104,Grocery,1118,3,2026-01-18
13334,P112,Clothing,855,5,2024-09-23
13335,P114,Clothing,1801,3,2025-09-13
13336,P100,Clothing,1078,3,2024-12-25
13337,P114,Clothing,1793,4,2025-12-12
13338,P105,Grocery,793,2,2024-10-31
13339,P105,Grocery,1366,4,2025-01-16
13340,P100,Clothing,508,3,2024-08-01
13341,P111,Home,1945,1,2025-04-04
13342,P107,Grocery,1868,3,2026-03-07
13343,P106,Electronics,1584,3,2026-02-27
13344,P100,Clothing,1743,3,2024-10-01
13345,P114,Clothing,528,3,2025-01-30
13346,P114,Clothing,907,5,2025-10-26
13347,P111,Home,230,5,2025-11-14
13348,P109,Grocery,1927,3,2024-07-16
13349,P110,Grocery,254,5,2026-01-24
13350,P111,Home,1151,2,2024-12-03
13351,P106,Electronics,477,5,2026-01-26
13352,P114,Clothing,1434,1,2024-07-21
13353,P107,Grocery,1539,4,2025-08-14
13354,P102,Home,484,3,2026-01-14
13355,P112,Clothing,271,4,2025-01-23
13356,P108,Sports,1795,1,2026-01-07
13357,P109,Grocery,1722,5,2025-05-15
13358,P106,Electronics,1493,3,2024-04-22
13359,P103,Home,824,1,2024-05-05
13360,P100,Clothing,1961,3,2025-11-18
13361,P112,Clothing,653,2,2026-03-09
13362,P107,Grocery,1802,5,2025-10-10
13363,P111,Home,1443,2,2024-10-27
13364,P109,Grocery,606,4,2024-07-13
13365,P104,Grocery,321,1,2024-10-22
13366,P114,Clothing,324,2,2025-06-02
13367,P100,Clothing,1859,4,2025-07-27
13368,P103,Home,1028,3,2024-06-23
13369,P107,Grocery,224,5,2025-06-16
13370,P114,Clothing,526,4,2024-09-23
13371,P100,Clothing,430,3,2024-08-06
13372,P114,Clothing,777,5,2025-01-10
13373,P100,Clothing,1513,5,2025-09-06
13374,P105,Grocery,385,2,2025-08-01
13375,P106,Electronics,112,4,2025-07-07
13376,P103,Home,1566,1,2024-09-26
13377,P103,Home,1134,3,2025-11-25
13378,P103,Home,1254,1,2024-06-21
13379,P114,Clothing,469,2,2025-12-14
13380,P100,Clothing,1579,4,2024-07-05
13381,P101,Electronics,269,2,2025-04-18
13382,P104,Grocery,1026,4,2025-05-05
13383,P100,Clothing,1036,1,2025-02-26
13384,P105,Grocery,1182,2,2024-12-26
13385,P110,Grocery,937,4,2026-01-09
13386,P101,Electronics,274,1,2025-11-06
13387,P102,Home,1703,2,2026-01-05
13388,P108,Sports,1021,3,2025-08-15
13389,P106,Electronics,1859,2,2026-01-13
13390,P107,Grocery,1246,5,2025-12-17
13391,P106,Electronics,1893,5,2025-05-22
13392,P114,Clothing,723,4,2026-01-15
13393,P103,Home,599,5,2026-01-19
13394,P103,Home,1030,5,2025-12-19
13395,P103,Home,469,3,2025-09-15
13396,P110,Grocery,1535,1,2024-08-10
13397,P106,Electronics,1429,4,2025-10-23
13398,P109,Grocery,1690,5,2024-06-04
13399,P109,Grocery,1597,3,2026-02-22
13400,P108,Sports,767,1,2024-10-09
13401,P111,Home,478,1,2025-01-11
13402,P103,Home,1080,4,2025-10-15
13403,P108,Sports,267,1,2025-11-08
13404,P104,Grocery,597,3,2025-02-25
13405,P111,Home,1306,2,2025-09-06
13406,P113,Electronics,1748,2,2024-08-04
13407,P109,Grocery,1195,3,2025-03-16
13408,P100,Clothing,1175,1,2026-01-15
13409,P114,Clothing,1035,2,2024-08-05
13410,P101,Electronics,833,4,2024-10-30
13411,P101,Electronics,1188,4,2026-03-04
13412,P103,Home,1196,5,2025-08-29
13413,P114,Clothing,1083,3,2025-12-17
13414,P107,Grocery,1799,3,2024-05-19
13415,P105,Grocery,1448,4,2025-12-13
13416,P109,Grocery,1441,3,2024-05-29
13417,P112,Clothing,1194,5,2026-02-21
13418,P112,Clothing,1382,3,2025-11-07
13419,P113,Electronics,1285,3,2026-02-07
13420,P112,Clothing,1549,3,2024-11-27
13421,P113,Electronics,1832,5,2024-11-04
13422,P112,Clothing,1519,3,2025-05-17
13423,P110,Grocery,634,4,2025-11-14
13424,P107,Grocery,1551,5,2025-05-12
13425,P108,Sports,332,4,2024-09-12
13426,P103,Home,806,5,2024-06-13
13427,P101,Electronics,1438,5,2026-02-28
13428,P103,Home,1839,3,2026-01-31
13429,P107,Grocery,1736,5,2026-04-17
13430,P106,Electronics,1881,4,2024-07-30
13431,P110,Grocery,149,4,2024-07-16
13432,P107,Grocery,1398,1,2024-10-24
13433,P110,Grocery,1271,4,2024-05-07
13434,P106,Electronics,1167,5,2025-03-14
13435,P111,Home,1987,4,2024-06-11
13436,P113,Electronics,936,1,2025-06-09
13437,P108,Sports,854,4,2024-12-24
13438,P111,Home,457,1,2025-01-07
13439,P112,Clothing,1575,3,2025-02-20
13440,P101,Electronics,1307,5,2024-05-13
13441,P102,Home,1187,2,2024-09-30
13442,P104,Grocery,269,4,2025-04-23
13443,P107,Grocery,1277,2,2025-05-04
13444,P114,Clothing,1727,1,2024-09-11
13445,P111,Home,1355,3,2024-07-06
13446,P110,Grocery,1404,5,2024-07-08
13447,P105,Grocery,402,2,2025-05-19
13448,P108,Sports,1019,1,2025-02-20
13449,P113,Electronics,970,3,2025-05-18
13450,P110,Grocery,1827,3,2024-05-29
13451,P104,Grocery,498,2,2024-08-20
13452,P113,Electronics,132,3,2024-07-30
13453,P113,Electronics,975,4,2025-05-29
13454,P100,Clothing,1359,3,2024-08-23
13455,P101,Electronics,1684,4,2025-05-27
13456,P108,Sports,899,1,2024-10-31
13457,P105,Grocery,663,5,2024-10-28
13458,P113,Electronics,445,2,2024-11-20
13459,P112,Clothing,216,4,2024-08-05
13460,P113,Electronics,1830,2,2024-07-13
13461,P101,Electronics,1464,1,2025-10-06
13462,P105,Grocery,1585,2,2024-08-01
13463,P106,Electronics,305,1,2024-07-10
13464,P100,Clothing,1628,2,2025-07-02
13465,P113,Electronics,535,5,2025-08-19
13466,P101,Electronics,693,4,2025-12-05
13467,P110,Grocery,1892,5,2024-06-05
13468,P102,Home,1749,4,2026-03-13
13469,P111,Home,1900,2,2024-10-01
13470,P103,Home,1284,5,2025-06-22
13471,P104,Grocery,1443,3,2024-11-17
13472,P109,Grocery,801,2,2026-03-04
13473,P113,Electronics,1799,1,2025-05-08
13474,P104,Grocery,1669,2,2025-09-19
13475,P102,Home,1787,2,2025-05-18
13476,P106,Electronics,315,2,2025-10-22
13477,P110,Grocery,1126,2,2024-08-06
13478,P106,Electronics,458,1,2024-11-29
13479,P110,Grocery,1087,4,2025-08-11
13480,P114,Clothing,1890,5,2026-01-21
13481,P108,Sports,1033,2,2024-07-17
13482,P100,Clothing,931,4,2024-12-12
13483,P105,Grocery,211,5,2024-12-14
13484,P109,Grocery,596,4,2025-03-11
13485,P101,Electronics,1652,5,2026-01-28
13486,P112,Clothing,1242,1,2025-05-01
13487,P114,Clothing,1244,4,2024-09-26
13488,P111,Home,1649,1,2025-10-16
13489,P107,Grocery,629,3,2026-01-08
13490,P100,Clothing,1861,4,2024-09-29
13491,P105,Grocery,543,3,2025-12-20
13492,P106,Electronics,1883,5,2024-05-03
13493,P105,Grocery,757,5,2025-09-29
13494,P107,Grocery,208,4,2024-07-09
13495,P110,Grocery,332,5,2024-08-02
13496,P102,Home,1448,3,2024-10-20
13497,P109,Grocery,757,4,2024-11-01
13498,P104,Grocery,1079,1,2025-05-08
13499,P101,Electronics,206,4,2024-06-12
13500,P101,Electronics,1906,5,2025-02-07
13501,P107,Grocery,249,5,2025-04-09
13502,P106,Electronics,1642,1,2024-07-13
13503,P105,Grocery,405,3,2026-03-29
13504,P111,Home,941,3,2025-09-09
13505,P103,Home,1513,1,2024-07-02
13506,P108,Sports,993,1,2025-01-30
13507,P102,Home,1560,3,2024-07-06
13508,P114,Clothing,1282,4,2026-01-07
13509,P106,Electronics,282,3,2025-01-15
13510,P113,Electronics,1377,5,2025-09-17
13511,P111,Home,1765,5,2024-04-22
13512,P106,Electronics,498,3,2025-01-03
13513,P110,Grocery,1935,1,2025-11-24
13514,P114,Clothing,825,5,2024-07-18
13515,P110,Grocery,598,3,2025-09-03
13516,P113,Electronics,899,4,2025-08-21
13517,P101,Electronics,1507,4,2025-01-30
13518,P114,Clothing,183,5,2025-07-15
13519,P105,Grocery,455,2,2025-12-12
13520,P107,Grocery,1378,1,2025-05-24
13521,P109,Grocery,277,2,2026-03-31
13522,P109,Grocery,1288,2,2025-12-09
13523,P103,Home,1468,3,2025-07-22
13524,P110,Grocery,995,1,2024-06-27
13525,P113,Electronics,1858,4,2025-07-01
13526,P110,Grocery,384,5,2026-01-29
13527,P104,Grocery,897,1,2025-07-17
13528,P104,Grocery,1417,3,2024-12-13
13529,P103,Home,760,2,2025-01-29
13530,P108,Sports,506,1,2024-07-27
13531,P114,Clothing,937,5,2025-04-20
13532,P104,Grocery,903,4,2025-12-02
13533,P103,Home,214,5,2025-01-15
13534,P112,Clothing,1997,2,2025-07-09
13535,P112,Clothing,161,5,2024-09-29
13536,P105,Grocery,1536,2,2024-12-21
13537,P107,Grocery,1539,3,2024-07-07
13538,P106,Electronics,532,2,2026-02-10
13539,P104,Grocery,1793,3,2024-11-11
13540,P102,Home,1229,2,2025-02-18
13541,P100,Clothing,145,5,2024-11-30
13542,P106,Electronics,1094,1,2024-08-22
13543,P108,Sports,1255,3,2024-09-06
13544,P111,Home,613,4,2025-08-26
13545,P109,Grocery,1223,3,2025-06-21
13546,P103,Home,1117,2,2025-03-29
13547,P113,Electronics,574,5,2025-07-02
13548,P105,Grocery,503,4,2026-01-02
13549,P113,Electronics,324,1,2026-01-13
13550,P108,Sports,1806,4,2025-01-25
13551,P101,Electronics,308,1,2024-12-06
13552,P114,Clothing,1450,5,2024-07-20
13553,P109,Grocery,315,4,2025-02-08
13554,P107,Grocery,578,3,2026-01-23
13555,P113,Electronics,853,4,2025-05-02
13556,P109,Grocery,619,1,2026-04-09
13557,P102,Home,404,3,2024-10-02
13558,P106,Electronics,971,3,2025-06-16
13559,P112,Clothing,434,3,2024-04-30
13560,P103,Home,822,3,2024-07-24
13561,P114,Clothing,990,4,2024-11-04
13562,P113,Electronics,595,1,2024-07-24
13563,P113,Electronics,191,5,2025-07-12
13564,P101,Electronics,1425,1,2025-04-29
13565,P113,Electronics,1342,4,2025-09-07
13566,P108,Sports,639,5,2025-01-16
13567,P110,Grocery,1004,4,2025-09-24
13568,P110,Grocery,1587,2,2025-05-10
13569,P108,Sports,343,2,2024-10-28
13570,P107,Grocery,1546,3,2025-07-21
13571,P111,Home,1612,4,2024-10-13
13572,P101,Electronics,1430,5,2025-02-06
13573,P108,Sports,1582,1,2024-07-22
13574,P102,Home,1481,2,2025-08-03
13575,P103,Home,785,2,2024-10-13
13576,P111,Home,506,3,2024-12-16
13577,P107,Grocery,995,4,2026-01-02
13578,P104,Grocery,119,5,2024-07-25
13579,P101,Electronics,274,4,2025-05-11
13580,P107,Grocery,682,5,2025-06-14
13581,P112,Clothing,338,2,2024-07-06
13582,P109,Grocery,1462,2,2024-12-23
13583,P104,Grocery,310,3,2025-08-26
13584,P109,Grocery,422,4,2026-03-05
13585,P106,Electronics,1642,4,2025-05-19
13586,P110,Grocery,1364,1,2025-02-11
13587,P112,Clothing,934,5,2026-01-26
13588,P111,Home,929,2,2025-01-22
13589,P114,Clothing,392,3,2025-12-30
13590,P101,Electronics,1108,1,2025-11-11
13591,P102,Home,1202,3,2026-02-21
13592,P114,Clothing,1508,1,2026-03-13
13593,P100,Clothing,1204,4,2025-05-05
13594,P101,Electronics,1849,3,2026-04-18
13595,P103,Home,1712,3,2025-09-23
13596,P106,Electronics,533,3,2024-07-25
13597,P108,Sports,339,1,2026-04-10
13598,P108,Sports,354,1,2025-02-17
13599,P100,Clothing,1470,4,2025-04-27
13600,P108,Sports,1896,5,2025-06-24
13601,P109,Grocery,996,4,2024-12-09
13602,P107,Grocery,1077,5,2025-02-18
13603,P104,Grocery,127,5,2024-07-20
13604,P102,Home,109,2,2024-08-07
13605,P110,Grocery,358,2,2025-05-06
13606,P104,Grocery,1927,4,2025-02-19
13607,P104,Grocery,1248,3,2026-01-04
13608,P114,Clothing,1996,1,2025-06-09
13609,P109,Grocery,1735,4,2025-05-11
13610,P104,Grocery,1136,1,2024-10-03
13611,P108,Sports,875,5,2024-10-19
13612,P108,Sports,1567,5,2024-08-21
13613,P106,Electronics,924,3,2025-09-02
13614,P101,Electronics,433,2,2024-05-16
13615,P105,Grocery,129,2,2024-10-18
13616,P101,Electronics,493,2,2024-12-29
13617,P109,Grocery,485,1,2025-05-04
13618,P103,Home,317,3,2025-10-05
13619,P110,Grocery,963,2,2024-06-13
13620,P104,Grocery,1616,5,2024-11-28
13621,P107,Grocery,1194,4,2024-11-20
13622,P101,Electronics,1079,4,2024-08-16
13623,P110,Grocery,1497,4,2024-06-21
13624,P101,Electronics,1097,1,2025-04-16
13625,P114,Clothing,583,5,2025-06-10
13626,P112,Clothing,137,1,2024-04-24
13627,P108,Sports,1192,5,2026-03-04
13628,P106,Electronics,180,3,2026-01-25
13629,P101,Electronics,468,4,2025-02-26
13630,P100,Clothing,1118,4,2024-10-06
13631,P102,Home,280,1,2024-09-10
13632,P105,Grocery,810,2,2024-12-23
13633,P104,Grocery,1676,1,2026-03-11
13634,P113,Electronics,111,1,2025-08-07
13635,P113,Electronics,1307,2,2025-11-23
13636,P112,Clothing,1403,3,2026-04-04
13637,P105,Grocery,151,1,2026-01-09
13638,P104,Grocery,1188,4,2025-03-03
13639,P102,Home,344,4,2026-04-01
13640,P112,Clothing,1416,3,2026-01-01
13641,P106,Electronics,310,3,2025-08-07
13642,P101,Electronics,931,4,2025-03-12
13643,P108,Sports,1777,3,2025-06-10
13644,P114,Clothing,350,3,2024-10-24
13645,P112,Clothing,1006,5,2025-09-13
13646,P113,Electronics,993,2,2024-12-18
13647,P108,Sports,1010,1,2025-12-28
13648,P101,Electronics,1521,1,2026-03-06
13649,P105,Grocery,1087,1,2024-07-10
13650,P110,Grocery,1455,2,2025-12-15
13651,P109,Grocery,1025,2,2025-05-04
13652,P114,Clothing,1518,3,2025-04-23
13653,P112,Clothing,1522,3,2026-01-31
13654,P105,Grocery,668,5,2024-07-24
13655,P108,Sports,965,1,2024-12-26
13656,P112,Clothing,1726,2,2026-04-11
13657,P111,Home,1465,4,2025-05-02
13658,P101,Electronics,1991,2,2025-09-26
13659,P114,Clothing,1808,3,2026-02-13
13660,P106,Electronics,502,2,2026-02-22
13661,P105,Grocery,767,4,2024-05-10
13662,P109,Grocery,1718,2,2024-04-18
13663,P109,Grocery,159,5,2025-08-27
13664,P101,Electronics,1998,2,2025-09-16
13665,P104,Grocery,112,4,2025-07-16
13666,P110,Grocery,842,3,2024-08-08
13667,P100,Clothing,197,4,2025-06-23
13668,P102,Home,638,2,2025-07-03
13669,P108,Sports,1496,5,2025-05-27
13670,P110,Grocery,937,3,2025-01-31
13671,P104,Grocery,527,3,2024-07-15
13672,P111,Home,470,1,2025-02-10
13673,P105,Grocery,1454,2,2024-10-22
13674,P103,Home,1131,3,2024-12-03
13675,P102,Home,1274,3,2025-12-23
13676,P113,Electronics,1530,2,2026-01-12
13677,P114,Clothing,1635,2,2025-04-26
13678,P100,Clothing,972,3,2025-02-01
13679,P108,Sports,888,2,2026-02-21
13680,P106,Electronics,571,2,2024-04-30
13681,P108,Sports,1282,3,2025-07-30
13682,P113,Electronics,1687,1,2024-11-16
13683,P113,Electronics,1128,3,2026-01-31
13684,P106,Electronics,1124,2,2024-05-18
13685,P106,Electronics,985,3,2025-01-19
13686,P100,Clothing,1315,1,2025-12-23
13687,P108,Sports,895,5,2025-05-14
13688,P107,Grocery,825,5,2024-11-12
13689,P111,Home,985,2,2024-12-29
13690,P109,Grocery,1858,2,2024-06-17
13691,P113,Electronics,1450,2,2024-11-18
13692,P110,Grocery,1148,5,2026-03-25
13693,P107,Grocery,1784,1,2026-01-14
13694,P103,Home,1856,1,2024-10-19
13695,P101,Electronics,1145,4,2024-06-06
13696,P112,Clothing,1235,1,2024-07-17
13697,P109,Grocery,899,1,2025-08-12
13698,P101,Electronics,1018,1,2024-11-07
13699,P111,Home,628,5,2024-07-15
13700,P109,Grocery,1224,3,2024-12-25
13701,P111,Home,1862,3,2025-02-27
13702,P103,Home,510,1,2024-09-20
13703,P109,Grocery,1407,2,2025-02-24
13704,P108,Sports,238,3,2024-08-17
13705,P112,Clothing,1098,4,2025-07-27
13706,P113,Electronics,1435,5,2025-07-23
13707,P103,Home,699,3,2025-03-25
13708,P113,Electronics,1213,5,2025-01-12
13709,P113,Electronics,516,5,2026-01-27
13710,P105,Grocery,1618,3,2025-11-03
13711,P113,Electronics,1084,5,2026-04-03
13712,P113,Electronics,470,5,2024-08-30
13713,P108,Sports,1090,2,2024-07-03
13714,P107,Grocery,1230,1,2026-01-21
13715,P114,Clothing,246,3,2024-09-08
13716,P112,Clothing,1712,3,2026-01-26
13717,P114,Clothing,1185,2,2025-07-14
13718,P105,Grocery,1141,1,2026-01-16
13719,P107,Grocery,561,5,2026-02-05
13720,P107,Grocery,1154,5,2025-07-28
13721,P110,Grocery,1051,5,2024-11-11
13722,P107,Grocery,1647,3,2025-03-24
13723,P101,Electronics,1946,2,2026-03-30
13724,P109,Grocery,439,4,2024-05-25
13725,P111,Home,1502,2,2024-08-13
13726,P113,Electronics,794,5,2025-10-03
13727,P111,Home,207,3,2025-11-23
13728,P113,Electronics,601,5,2025-06-06
13729,P114,Clothing,1147,1,2025-04-07
13730,P101,Electronics,1093,3,2025-11-03
13731,P113,Electronics,1753,5,2025-05-14
13732,P111,Home,990,5,2024-07-17
13733,P100,Clothing,1176,1,2026-02-05
13734,P107,Grocery,1073,5,2024-08-24
13735,P109,Grocery,1127,3,2025-08-01
13736,P112,Clothing,846,1,2026-04-06
13737,P107,Grocery,1117,2,2025-12-14
13738,P114,Clothing,987,1,2024-10-15
13739,P102,Home,355,5,2024-10-16
13740,P108,Sports,945,3,2025-11-14
13741,P112,Clothing,1350,1,2025-02-18
13742,P114,Clothing,841,2,2024-07-11
13743,P104,Grocery,683,1,2024-12-14
13744,P111,Home,152,5,2026-03-05
13745,P112,Clothing,124,4,2025-09-14
13746,P103,Home,403,5,2025-11-18
13747,P114,Clothing,1335,4,2025-12-11
13748,P114,Clothing,640,3,2025-12-28
13749,P105,Grocery,989,1,2026-01-28
13750,P104,Grocery,1359,2,2025-10-02
13751,P109,Grocery,490,1,2024-12-30
13752,P111,Home,1723,2,2026-02-04
13753,P101,Electronics,1416,2,2025-12-07
13754,P113,Electronics,455,2,2025-02-22
13755,P113,Electronics,234,4,2024-06-14
13756,P101,Electronics,1762,3,2025-01-25
13757,P101,Electronics,275,5,2025-09-03
13758,P103,Home,454,3,2025-01-02
13759,P110,Grocery,607,1,2026-01-04
13760,P112,Clothing,351,2,2025-09-10
13761,P100,Clothing,1521,1,2025-05-30
13762,P103,Home,257,2,2024-08-07
13763,P114,Clothing,1797,5,2024-06-03
13764,P103,Home,452,3,2024-06-30
13765,P106,Electronics,1084,5,2025-09-17
13766,P105,Grocery,1327,5,2025-01-14
13767,P109,Grocery,412,1,2025-09-25
13768,P113,Electronics,686,3,2024-11-13
13769,P109,Grocery,828,1,2025-01-27
13770,P112,Clothing,960,1,2025-06-12
13771,P108,Sports,1316,5,2024-10-27
13772,P113,Electronics,371,5,2025-09-10
13773,P110,Grocery,917,1,2024-08-06
13774,P114,Clothing,384,5,2024-04-21
13775,P111,Home,668,4,2024-09-05
13776,P113,Electronics,710,4,2024-11-04
13777,P112,Clothing,724,5,2025-01-24
13778,P113,Electronics,1342,2,2025-10-05
13779,P110,Grocery,1350,4,2024-08-22
13780,P111,Home,1595,4,2024-05-16
13781,P101,Electronics,741,3,2025-11-23
13782,P106,Electronics,1401,5,2026-03-04
13783,P100,Clothing,1319,4,2025-08-24
13784,P110,Grocery,514,3,2025-12-10
13785,P100,Clothing,1258,5,2024-05-04
13786,P109,Grocery,828,4,2025-05-01
13787,P102,Home,1473,2,2024-06-23
13788,P107,Grocery,1688,4,2026-03-02
13789,P104,Grocery,1193,3,2026-03-31
13790,P106,Electronics,1802,1,2025-08-31
13791,P113,Electronics,1782,3,2024-05-18
13792,P107,Grocery,658,3,2025-04-20
13793,P106,Electronics,403,1,2024-09-11
13794,P114,Clothing,1429,2,2024-06-06
13795,P103,Home,951,1,2025-06-09
13796,P102,Home,715,2,2024-08-17
13797,P104,Grocery,325,1,2025-01-29
13798,P106,Electronics,1286,1,2025-01-03
13799,P102,Home,1098,4,2025-02-09
13800,P112,Clothing,1817,5,2024-05-21
13801,P107,Grocery,282,5,2025-02-16
13802,P106,Electronics,129,3,2026-01-28
13803,P114,Clothing,908,2,2025-12-23
13804,P110,Grocery,807,4,2025-07-03
13805,P104,Grocery,1842,4,2025-12-24
13806,P110,Grocery,952,3,2024-11-16
13807,P113,Electronics,1737,4,2024-07-18
13808,P100,Clothing,1564,5,2025-07-26
13809,P104,Grocery,908,4,2025-02-24
13810,P100,Clothing,1991,4,2024-10-25
13811,P111,Home,1314,3,2025-12-17
13812,P110,Grocery,997,2,2024-07-11
13813,P104,Grocery,1327,4,2024-06-07
13814,P108,Sports,230,4,2025-12-03
13815,P109,Grocery,1179,3,2024-09-08
13816,P104,Grocery,804,4,2025-09-04
13817,P100,Clothing,718,1,2026-02-25
13818,P109,Grocery,826,3,2024-11-21
13819,P103,Home,1863,3,2024-09-14
13820,P112,Clothing,675,5,2024-07-16
13821,P104,Grocery,1766,4,2026-01-20
13822,P113,Electronics,618,5,2024-12-06
13823,P103,Home,590,2,2025-12-12
13824,P111,Home,837,1,2025-09-20
13825,P112,Clothing,200,5,2025-04-10
13826,P111,Home,723,3,2025-05-17
13827,P111,Home,1506,2,2026-02-05
13828,P113,Electronics,1171,4,2025-08-23
13829,P114,Clothing,879,3,2024-05-21
13830,P103,Home,361,3,2025-02-11
13831,P107,Grocery,1016,4,2025-10-23
13832,P105,Grocery,320,2,2024-10-04
13833,P101,Electronics,674,4,2024-10-03
13834,P113,Electronics,514,4,2026-04-06
13835,P108,Sports,1467,4,2026-04-13
13836,P109,Grocery,628,1,2024-07-22
13837,P103,Home,925,4,2024-07-25
13838,P108,Sports,1446,4,2025-01-21
13839,P102,Home,1637,3,2025-01-19
13840,P104,Grocery,484,1,2024-05-12
13841,P108,Sports,857,4,2024-05-02
13842,P105,Grocery,1525,4,2025-11-07
13843,P101,Electronics,1488,5,2024-05-14
13844,P100,Clothing,1973,1,2024-10-21
13845,P112,Clothing,1705,2,2025-09-19
13846,P103,Home,688,3,2024-05-25
13847,P112,Clothing,1467,4,2025-07-29
13848,P100,Clothing,401,3,2025-06-22
13849,P108,Sports,1829,1,2025-07-11
13850,P102,Home,1029,4,2025-05-06
13851,P103,Home,527,2,2025-10-29
13852,P112,Clothing,129,2,2024-04-28
13853,P103,Home,589,2,2025-03-25
13854,P110,Grocery,1733,3,2025-07-01
13855,P112,Clothing,1439,4,2025-10-17
13856,P111,Home,824,5,2025-09-20
13857,P109,Grocery,486,1,2026-02-05
13858,P106,Electronics,615,4,2025-02-15
13859,P109,Grocery,1060,5,2024-10-13
13860,P109,Grocery,1953,4,2024-04-21
13861,P114,Clothing,1883,2,2025-11-29
13862,P104,Grocery,154,1,2024-12-06
13863,P111,Home,531,5,2025-02-17
13864,P104,Grocery,187,3,2025-05-29
13865,P105,Grocery,752,2,2024-08-13
13866,P111,Home,1149,3,2025-11-19
13867,P113,Electronics,1775,5,2024-05-05
13868,P106,Electronics,1072,4,2025-09-23
13869,P107,Grocery,1807,1,2024-09-21
13870,P112,Clothing,176,3,2025-11-04
13871,P105,Grocery,477,2,2024-05-30
13872,P105,Grocery,1680,2,2024-12-29
13873,P104,Grocery,1770,3,2025-08-21
13874,P103,Home,1466,2,2025-10-23
13875,P108,Sports,1772,5,2026-02-23
13876,P104,Grocery,1596,4,2024-06-10
13877,P114,Clothing,296,5,2025-08-29
13878,P112,Clothing,1354,4,2025-01-21
13879,P108,Sports,911,4,2025-10-11
13880,P113,Electronics,1917,4,2024-11-22
13881,P109,Grocery,1619,3,2024-12-24
13882,P109,Grocery,1664,3,2024-12-19
13883,P111,Home,949,4,2024-06-06
13884,P113,Electronics,1127,3,2026-02-06
13885,P106,Electronics,1509,5,2025-05-17
13886,P104,Grocery,1680,5,2024-08-27
13887,P105,Grocery,1636,4,2025-09-20
13888,P104,Grocery,771,1,2025-06-06
13889,P106,Electronics,860,1,2025-08-09
13890,P102,Home,557,2,2025-12-31
13891,P104,Grocery,1005,2,2025-04-10
13892,P105,Grocery,1010,3,2024-11-23
13893,P102,Home,1733,1,2025-12-24
13894,P108,Sports,1496,3,2025-09-25
13895,P104,Grocery,768,5,2024-07-01
13896,P112,Clothing,1414,3,2025-08-12
13897,P109,Grocery,1711,1,2026-02-08
13898,P109,Grocery,1408,5,2025-01-27
13899,P112,Clothing,1564,3,2024-06-21
13900,P112,Clothing,1839,4,2025-03-28
13901,P108,Sports,1181,3,2024-07-13
13902,P114,Clothing,512,3,2025-10-23
13903,P102,Home,1431,4,2024-12-20
13904,P112,Clothing,1271,4,2026-03-23
13905,P113,Electronics,1532,5,2025-07-25
13906,P110,Grocery,290,2,2024-12-03
13907,P110,Grocery,1441,3,2024-12-10
13908,P103,Home,1478,2,2024-10-25
13909,P103,Home,1894,5,2024-05-16
13910,P101,Electronics,917,4,2025-06-05
13911,P109,Grocery,913,3,2024-06-22
13912,P105,Grocery,1246,3,2024-12-17
13913,P102,Home,857,4,2025-10-12
13914,P108,Sports,1988,4,2024-05-11
13915,P105,Grocery,626,4,2025-01-01
13916,P103,Home,1502,5,2026-01-04
13917,P109,Grocery,1797,5,2024-11-07
13918,P114,Clothing,1666,4,2025-05-21
13919,P108,Sports,1218,3,2024-10-31
13920,P101,Electronics,1854,4,2025-09-18
13921,P111,Home,1868,5,2024-12-24
13922,P102,Home,1493,5,2026-03-11
13923,P104,Grocery,693,2,2024-08-03
13924,P114,Clothing,284,4,2025-10-18
13925,P113,Electronics,1033,1,2025-06-23
13926,P112,Clothing,1671,5,2024-10-03
13927,P107,Grocery,386,5,2025-10-05
13928,P109,Grocery,1112,3,2026-02-28
13929,P110,Grocery,662,1,2025-07-14
13930,P113,Electronics,1111,2,2024-05-02
13931,P107,Grocery,1072,4,2024-08-16
13932,P104,Grocery,1495,1,2025-06-18
13933,P110,Grocery,907,5,2025-04-08
13934,P103,Home,1736,5,2026-03-29
13935,P103,Home,1460,2,2025-06-28
13936,P104,Grocery,962,2,2024-10-18
13937,P106,Electronics,1356,3,2024-06-01
13938,P114,Clothing,526,3,2025-08-14
13939,P113,Electronics,1099,2,2026-02-17
13940,P108,Sports,755,2,2025-03-28
13941,P100,Clothing,1676,3,2026-02-16
13942,P107,Grocery,1259,1,2025-08-11
13943,P102,Home,518,1,2025-02-05
13944,P100,Clothing,167,1,2026-01-17
13945,P111,Home,1671,2,2024-12-22
13946,P112,Clothing,1810,5,2025-01-26
13947,P104,Grocery,489,1,2025-09-05
13948,P100,Clothing,489,4,2024-07-02
13949,P100,Clothing,1258,5,2025-11-04
13950,P102,Home,1049,5,2026-01-31
13951,P105,Grocery,714,2,2024-09-08
13952,P103,Home,1938,1,2025-06-01
13953,P114,Clothing,724,5,2025-07-01
13954,P105,Grocery,1480,1,2025-08-14
13955,P111,Home,280,1,2024-06-04
13956,P104,Grocery,1717,2,2024-07-22
13957,P111,Home,1003,1,2024-12-12
13958,P103,Home,1652,4,2026-01-21
13959,P101,Electronics,135,2,2024-08-22
13960,P111,Home,575,5,2024-12-23
13961,P110,Grocery,595,1,2024-07-13
13962,P109,Grocery,223,2,2026-01-30
13963,P108,Sports,1230,5,2025-04-15
13964,P105,Grocery,1122,3,2024-04-26
13965,P114,Clothing,1398,3,2025-05-19
13966,P108,Sports,1831,2,2024-08-08
13967,P114,Clothing,986,3,2025-09-26
13968,P110,Grocery,940,1,2024-04-28
13969,P106,Electronics,705,4,2025-02-13
13970,P111,Home,868,5,2026-02-20
13971,P102,Home,398,4,2024-04-22
13972,P114,Clothing,1915,4,2025-03-14
13973,P114,Clothing,1154,2,2025-10-07
13974,P102,Home,1704,3,2026-01-07
13975,P113,Electronics,1771,2,2025-08-24
13976,P106,Electronics,218,4,2024-04-21
13977,P107,Grocery,1035,3,2024-11-23
13978,P106,Electronics,1680,5,2024-11-17
13979,P112,Clothing,1656,2,2025-12-06
13980,P109,Grocery,1942,5,2025-10-11
13981,P103,Home,694,2,2026-03-02
13982,P100,Clothing,1123,4,2025-03-18
13983,P100,Clothing,1705,3,2025-03-18
13984,P106,Electronics,819,2,2024-10-30
13985,P102,Home,1879,2,2026-03-12
13986,P105,Grocery,1460,2,2025-05-19
13987,P107,Grocery,1070,3,2024-06-21
13988,P109,Grocery,686,3,2024-05-17
13989,P102,Home,899,5,2025-05-29
13990,P104,Grocery,229,4,2024-09-23
13991,P112,Clothing,1457,4,2024-05-24
13992,P112,Clothing,1022,3,2025-09-09
13993,P111,Home,1555,3,2025-07-14
13994,P107,Grocery,207,3,2026-03-12
13995,P112,Clothing,1289,1,2024-05-29
13996,P107,Grocery,1965,4,2025-02-10
13997,P103,Home,1059,4,2025-05-08
13998,P110,Grocery,1539,5,2025-07-13
13999,P102,Home,835,2,2025-05-26
14000,P104,Grocery,1310,5,2025-08-01
14001,P103,Home,899,3,2025-03-08
14002,P107,Grocery,1599,5,2024-05-10
14003,P108,Sports,1854,3,2024-06-24
14004,P111,Home,439,3,2026-01-14
14005,P107,Grocery,733,3,2024-11-12
14006,P101,Electronics,663,4,2025-04-15
14007,P112,Clothing,1186,2,2025-02-08
14008,P111,Home,145,5,2025-07-16
14009,P100,Clothing,1837,3,2024-06-18
14010,P113,Electronics,1235,5,2024-08-03
14011,P111,Home,1680,4,2024-06-11
14012,P113,Electronics,1599,1,2025-04-05
14013,P107,Grocery,316,2,2025-03-18
14014,P100,Clothing,543,1,2026-03-27
14015,P108,Sports,141,4,2025-03-14
14016,P103,Home,1830,3,2024-09-18
14017,P100,Clothing,854,2,2026-03-02
14018,P107,Grocery,1661,5,2024-10-22
14019,P102,Home,541,3,2025-11-26
14020,P113,Electronics,1375,4,2024-12-26
14021,P102,Home,1462,3,2025-04-22
14022,P104,Grocery,1529,2,2025-11-14
14023,P100,Clothing,1899,3,2024-11-27
14024,P101,Electronics,510,4,2025-01-05
14025,P106,Electronics,1012,4,2025-04-04
14026,P107,Grocery,1773,4,2025-04-30
14027,P108,Sports,565,5,2024-09-25
14028,P104,Grocery,1740,2,2026-02-20
14029,P114,Clothing,556,5,2025-11-01
14030,P108,Sports,1464,1,2025-07-14
14031,P104,Grocery,329,3,2025-11-25
14032,P108,Sports,1924,2,2024-09-29
14033,P108,Sports,645,3,2024-11-25
14034,P114,Clothing,1822,3,2025-02-19
14035,P100,Clothing,109,3,2026-03-24
14036,P103,Home,552,2,2024-10-17
14037,P112,Clothing,597,5,2024-05-27
14038,P107,Grocery,198,1,2025-10-09
14039,P100,Clothing,1944,4,2024-08-18
14040,P113,Electronics,1136,2,2025-04-30
14041,P111,Home,1472,1,2025-06-19
14042,P102,Home,1740,4,2024-11-27
14043,P106,Electronics,594,1,2024-04-28
14044,P112,Clothing,1790,5,2026-02-19
14045,P110,Grocery,458,2,2025-04-01
14046,P107,Grocery,762,3,2024-10-06
14047,P114,Clothing,1900,2,2025-06-09
14048,P103,Home,1176,1,2024-09-09
14049,P103,Home,1600,1,2025-02-27
14050,P111,Home,333,3,2024-06-30
14051,P109,Grocery,1170,4,2025-02-16
14052,P108,Sports,1112,4,2026-03-23
14053,P107,Grocery,907,1,2025-09-04
14054,P100,Clothing,1928,1,2025-09-18
14055,P112,Clothing,1382,2,2025-05-26
14056,P106,Electronics,832,2,2024-12-29
14057,P104,Grocery,1428,2,2024-04-24
14058,P103,Home,134,3,2024-08-04
14059,P112,Clothing,234,2,2025-12-10
14060,P102,Home,1368,3,2025-01-13
14061,P111,Home,1685,4,2024-05-01
14062,P107,Grocery,550,4,2025-02-12
14063,P105,Grocery,1463,5,2024-04-18
14064,P114,Clothing,939,5,2024-12-19
14065,P113,Electronics,153,4,2026-01-24
14066,P101,Electronics,1904,5,2025-09-08
14067,P109,Grocery,1287,1,2025-11-08
14068,P109,Grocery,1623,4,2024-06-16
14069,P113,Electronics,212,2,2024-11-23
14070,P103,Home,691,2,2025-05-12
14071,P105,Grocery,1891,5,2026-03-26
14072,P103,Home,795,4,2024-10-13
14073,P104,Grocery,846,5,2025-07-26
14074,P112,Clothing,145,1,2025-08-27
14075,P106,Electronics,1423,2,2026-02-24
14076,P104,Grocery,1083,1,2024-06-04
14077,P114,Clothing,187,3,2025-04-30
14078,P105,Grocery,1533,2,2024-10-29
14079,P111,Home,975,5,2025-11-20
14080,P113,Electronics,552,2,2024-10-04
14081,P113,Electronics,663,5,2024-09-21
14082,P105,Grocery,1195,1,2024-08-31
14083,P109,Grocery,1852,3,2025-04-03
14084,P108,Sports,676,5,2024-09-16
14085,P106,Electronics,1421,1,2026-03-22
14086,P107,Grocery,1668,3,2025-01-20
14087,P107,Grocery,1558,1,2025-05-20
14088,P100,Clothing,1381,2,2024-12-09
14089,P109,Grocery,1504,1,2025-07-26
14090,P100,Clothing,569,1,2025-09-19
14091,P113,Electronics,1479,4,2024-07-23
14092,P100,Clothing,574,4,2024-12-09
14093,P107,Grocery,892,2,2025-03-28
14094,P102,Home,1886,3,2024-05-21
14095,P111,Home,798,1,2026-01-05
14096,P103,Home,1330,5,2026-01-22
14097,P107,Grocery,264,1,2025-01-31
14098,P104,Grocery,1270,4,2024-07-08
14099,P112,Clothing,505,4,2025-01-20
14100,P106,Electronics,608,1,2025-09-20
14101,P105,Grocery,112,5,2024-12-10
14102,P110,Grocery,1057,2,2025-10-29
14103,P110,Grocery,231,1,2025-10-26
14104,P105,Grocery,146,1,2025-04-30
14105,P103,Home,1891,2,2024-12-18
14106,P112,Clothing,242,4,2025-06-10
14107,P112,Clothing,1800,5,2024-10-22
14108,P104,Grocery,1759,4,2025-11-24
14109,P101,Electronics,713,4,2025-02-20
14110,P101,Electronics,1585,1,2025-12-23
14111,P109,Grocery,792,1,2025-10-17
14112,P110,Grocery,1609,4,2025-06-17
14113,P108,Sports,1262,1,2026-03-31
14114,P111,Home,1106,3,2025-12-31
14115,P100,Clothing,302,4,2024-07-28
14116,P100,Clothing,558,1,2024-06-28
14117,P100,Clothing,1314,2,2024-07-17
14118,P109,Grocery,1664,3,2025-12-31
14119,P110,Grocery,885,2,2024-12-31
14120,P113,Electronics,1012,2,2025-08-05
14121,P112,Clothing,710,2,2025-11-13
14122,P111,Home,846,2,2025-10-25
14123,P113,Electronics,537,2,2026-01-26
14124,P106,Electronics,1659,2,2025-11-06
14125,P101,Electronics,726,4,2025-01-16
14126,P100,Clothing,1709,5,2024-04-18
14127,P112,Clothing,1769,2,2025-07-21
14128,P104,Grocery,156,1,2025-04-17
14129,P112,Clothing,1929,1,2025-10-11
14130,P111,Home,344,1,2024-11-14
14131,P108,Sports,1808,5,2024-12-13
14132,P104,Grocery,1784,4,2025-11-22
14133,P106,Electronics,1132,5,2025-12-08
14134,P111,Home,1681,2,2024-10-31
14135,P100,Clothing,960,5,2025-07-01
14136,P109,Grocery,1167,3,2025-10-07
14137,P104,Grocery,386,1,2024-08-17
14138,P106,Electronics,1755,5,2025-09-25
14139,P114,Clothing,1030,2,2026-01-15
14140,P100,Clothing,110,5,2025-04-07
14141,P102,Home,1400,4,2025-02-26
14142,P101,Electronics,1871,3,2026-03-01
14143,P107,Grocery,1777,3,2025-11-09
14144,P104,Grocery,717,4,2024-11-08
14145,P110,Grocery,1653,5,2025-10-28
14146,P103,Home,1252,2,2025-02-08
14147,P106,Electronics,131,2,2026-04-07
14148,P110,Grocery,472,4,2025-09-06
14149,P101,Electronics,197,2,2025-09-26
14150,P106,Electronics,120,4,2025-10-11
14151,P100,Clothing,174,5,2026-01-18
14152,P112,Clothing,1387,3,2025-07-24
14153,P111,Home,1593,5,2024-07-15
14154,P107,Grocery,304,3,2025-02-02
14155,P112,Clothing,173,3,2025-01-22
14156,P106,Electronics,1799,5,2024-06-15
14157,P103,Home,502,4,2025-09-30
14158,P107,Grocery,1005,3,2026-01-09
14159,P114,Clothing,144,5,2025-10-28
14160,P108,Sports,570,5,2024-10-14
14161,P109,Grocery,899,2,2025-09-11
14162,P106,Electronics,103,4,2024-06-30
14163,P103,Home,409,4,2024-11-07
14164,P105,Grocery,914,3,2025-12-21
14165,P107,Grocery,485,5,2025-07-26
14166,P109,Grocery,295,3,2026-02-02
14167,P106,Electronics,845,5,2025-07-03
14168,P106,Electronics,1879,5,2026-03-02
14169,P101,Electronics,1221,2,2025-03-30
14170,P100,Clothing,1173,2,2024-12-13
14171,P100,Clothing,538,5,2026-01-15
14172,P104,Grocery,1426,2,2025-06-03
14173,P106,Electronics,490,2,2024-11-05
14174,P112,Clothing,1718,3,2025-03-17
14175,P114,Clothing,1218,2,2025-08-21
14176,P106,Electronics,1816,3,2024-08-22
14177,P109,Grocery,283,2,2025-09-27
14178,P102,Home,872,4,2024-11-17
14179,P104,Grocery,247,4,2025-12-06
14180,P112,Clothing,376,5,2025-08-06
14181,P110,Grocery,1958,2,2025-02-21
14182,P113,Electronics,1658,5,2025-11-24
14183,P111,Home,1384,2,2024-11-29
14184,P113,Electronics,1331,3,2025-11-29
14185,P104,Grocery,897,4,2025-10-27
14186,P107,Grocery,513,2,2025-05-24
14187,P106,Electronics,532,2,2025-09-29
14188,P109,Grocery,1703,5,2025-09-22
14189,P103,Home,835,4,2026-02-11
14190,P112,Clothing,1804,4,2025-11-28
14191,P101,Electronics,639,2,2024-10-14
14192,P110,Grocery,200,5,2025-10-05
14193,P103,Home,1777,1,2025-10-13
14194,P101,Electronics,554,3,2025-05-03
14195,P102,Home,1444,1,2025-06-22
14196,P112,Clothing,1721,3,2025-02-17
14197,P105,Grocery,497,3,2026-03-26
14198,P100,Clothing,1242,3,2024-12-30
14199,P114,Clothing,1894,5,2026-01-29
14200,P104,Grocery,1105,3,2025-12-11
14201,P108,Sports,754,3,2025-04-08
14202,P110,Grocery,663,2,2025-08-21
14203,P101,Electronics,957,1,2025-02-12
14204,P101,Electronics,1311,3,2024-10-12
14205,P110,Grocery,1784,1,2025-11-08
14206,P114,Clothing,749,5,2026-03-28
14207,P102,Home,403,3,2025-04-15
14208,P104,Grocery,1766,3,2024-04-19
14209,P111,Home,1443,4,2024-11-03
14210,P111,Home,1251,5,2025-03-04
14211,P108,Sports,529,2,2024-09-09
14212,P100,Clothing,274,3,2025-02-04
14213,P105,Grocery,850,1,2025-09-22
14214,P111,Home,310,5,2024-12-27
14215,P107,Grocery,984,4,2024-07-03
14216,P103,Home,710,5,2025-10-22
14217,P111,Home,1757,4,2025-09-26
14218,P114,Clothing,1695,5,2025-01-03
14219,P105,Grocery,1867,2,2026-03-15
14220,P106,Electronics,1512,1,2024-12-20
14221,P111,Home,247,3,2025-01-11
14222,P103,Home,1337,4,2025-12-21
14223,P111,Home,912,5,2024-10-23
14224,P110,Grocery,1736,4,2026-02-24
14225,P111,Home,807,2,2026-02-06
14226,P111,Home,1848,4,2025-09-30
14227,P105,Grocery,571,3,2024-07-04
14228,P100,Clothing,1484,5,2025-05-31
14229,P106,Electronics,390,3,2025-05-21
14230,P110,Grocery,969,5,2024-06-24
14231,P114,Clothing,968,5,2024-12-15
14232,P108,Sports,1196,2,2026-01-21
14233,P100,Clothing,1355,3,2025-02-24
14234,P100,Clothing,1134,1,2024-06-19
14235,P109,Grocery,1019,1,2025-01-08
14236,P108,Sports,929,5,2026-01-07
14237,P113,Electronics,339,4,2024-06-26
14238,P114,Clothing,1409,5,2025-05-24
14239,P100,Clothing,561,2,2024-10-10
14240,P113,Electronics,1675,4,2024-10-20
14241,P105,Grocery,1318,3,2024-08-29
14242,P111,Home,1465,2,2025-11-19
14243,P105,Grocery,313,5,2024-07-04
14244,P113,Electronics,1038,1,2026-01-18
14245,P112,Clothing,628,4,2024-04-18
14246,P103,Home,249,4,2025-02-07
14247,P113,Electronics,1667,4,2024-09-17
14248,P107,Grocery,1501,3,2026-03-12
14249,P104,Grocery,1924,1,2025-03-31
14250,P104,Grocery,1936,4,2025-06-05
14251,P109,Grocery,247,5,2024-07-30
14252,P100,Clothing,558,3,2025-03-22
14253,P110,Grocery,392,4,2025-03-31
14254,P105,Grocery,1130,5,2024-12-01
14255,P102,Home,1495,4,2025-07-01
14256,P113,Electronics,463,2,2025-04-15
14257,P110,Grocery,1498,4,2024-11-12
14258,P114,Clothing,981,3,2024-11-15
14259,P101,Electronics,1807,4,2024-05-20
14260,P105,Grocery,1814,4,2026-03-17
14261,P113,Electronics,1820,1,2024-05-15
14262,P104,Grocery,1453,4,2026-04-08
14263,P106,Electronics,1820,5,2026-02-14
14264,P112,Clothing,1695,4,2025-03-10
14265,P111,Home,1638,1,2024-11-18
14266,P103,Home,766,4,2026-03-27
14267,P108,Sports,1147,4,2024-04-27
14268,P106,Electronics,1510,1,2025-06-10
14269,P106,Electronics,1204,5,2025-10-30
14270,P112,Clothing,1577,4,2026-03-01
14271,P110,Grocery,1619,2,2024-08-24
14272,P103,Home,1720,1,2025-08-28
14273,P114,Clothing,812,4,2025-11-30
14274,P109,Grocery,1049,2,2024-08-18
14275,P108,Sports,1051,1,2025-02-14
14276,P110,Grocery,145,1,2024-09-27
14277,P105,Grocery,1440,3,2024-12-08
14278,P112,Clothing,921,5,2025-04-04
14279,P107,Grocery,319,2,2026-01-21
14280,P105,Grocery,1886,2,2025-09-01
14281,P112,Clothing,803,5,2025-03-07
14282,P106,Electronics,769,2,2025-10-18
14283,P103,Home,1773,1,2024-07-01
14284,P114,Clothing,1332,1,2024-11-05
14285,P108,Sports,471,5,2024-09-05
14286,P110,Grocery,547,5,2025-07-29
14287,P113,Electronics,1771,1,2024-06-02
14288,P101,Electronics,494,3,2024-08-16
14289,P106,Electronics,1997,1,2024-10-05
14290,P105,Grocery,696,4,2025-09-29
14291,P106,Electronics,1071,4,2025-08-24
14292,P103,Home,583,4,2024-07-10
14293,P114,Clothing,1930,4,2025-06-04
14294,P109,Grocery,1766,5,2026-03-26
14295,P114,Clothing,1448,3,2025-04-16
14296,P110,Grocery,1285,3,2024-09-27
14297,P107,Grocery,1740,2,2024-12-05
14298,P107,Grocery,1915,5,2025-02-13
14299,P101,Electronics,1187,3,2025-10-12
14300,P109,Grocery,1664,4,2025-08-17
14301,P112,Clothing,1783,2,2026-01-11
14302,P103,Home,1455,2,2025-08-02
14303,P114,Clothing,1086,1,2024-10-14
14304,P112,Clothing,112,3,2025-02-02
14305,P111,Home,443,3,2025-02-07
14306,P113,Electronics,2000,5,2025-12-13
14307,P107,Grocery,433,3,2025-09-02
14308,P112,Clothing,146,4,2024-07-11
14309,P102,Home,396,5,2025-11-01
14310,P103,Home,1575,5,2025-05-03
14311,P100,Clothing,413,4,2025-08-29
14312,P110,Grocery,138,2,2024-10-10
14313,P107,Grocery,1873,2,2025-05-23
14314,P102,Home,297,5,2025-06-01
14315,P105,Grocery,1795,2,2025-05-22
14316,P105,Grocery,437,2,2024-12-02
14317,P103,Home,1508,1,2025-03-06
14318,P114,Clothing,435,4,2024-08-30
14319,P105,Grocery,1671,4,2025-03-13
14320,P109,Grocery,1566,2,2025-01-06
14321,P100,Clothing,666,2,2025-03-13
14322,P100,Clothing,518,2,2026-01-23
14323,P110,Grocery,1171,3,2024-06-22
14324,P106,Electronics,1038,5,2025-08-05
14325,P106,Electronics,353,4,2025-06-07
14326,P100,Clothing,1916,4,2024-05-31
14327,P110,Grocery,394,5,2025-01-12
14328,P111,Home,1300,2,2026-01-16
14329,P102,Home,206,4,2024-10-07
14330,P105,Grocery,1805,1,2025-09-21
14331,P101,Electronics,1262,4,2025-01-29
14332,P112,Clothing,1877,5,2026-02-17
14333,P109,Grocery,738,3,2025-05-16
14334,P102,Home,1426,1,2025-09-22
14335,P102,Home,922,2,2025-05-01
14336,P109,Grocery,1842,3,2025-02-28
14337,P102,Home,425,2,2024-08-14
14338,P107,Grocery,782,4,2026-03-20
14339,P104,Grocery,1750,5,2025-08-29
14340,P110,Grocery,1839,3,2025-03-12
14341,P104,Grocery,445,2,2025-01-10
14342,P101,Electronics,232,1,2026-01-02
14343,P114,Clothing,1719,5,2025-03-11
14344,P100,Clothing,1182,2,2025-06-04
14345,P114,Clothing,133,4,2024-11-03
14346,P112,Clothing,731,4,2024-09-15
14347,P108,Sports,728,1,2025-10-20
14348,P101,Electronics,329,2,2026-04-06
14349,P103,Home,1198,3,2025-07-06
14350,P113,Electronics,241,2,2024-05-12
14351,P107,Grocery,1465,3,2024-06-22
14352,P105,Grocery,1755,2,2026-01-20
14353,P112,Clothing,1105,2,2024-05-01
14354,P107,Grocery,1488,4,2024-10-19
14355,P100,Clothing,230,3,2025-09-10
14356,P109,Grocery,308,5,2025-07-29
14357,P111,Home,1202,4,2024-04-25
14358,P101,Electronics,195,5,2025-07-09
14359,P101,Electronics,763,4,2026-03-08
14360,P112,Clothing,1383,4,2025-05-16
14361,P114,Clothing,142,1,2024-05-13
14362,P114,Clothing,1008,4,2026-03-24
14363,P109,Grocery,615,2,2026-03-12
14364,P101,Electronics,1199,4,2024-07-14
14365,P111,Home,1804,5,2025-04-12
14366,P104,Grocery,1454,4,2025-01-02
14367,P113,Electronics,378,2,2026-03-28
14368,P109,Grocery,1839,2,2026-02-18
14369,P110,Grocery,692,1,2026-01-18
14370,P114,Clothing,243,4,2024-09-09
14371,P114,Clothing,279,4,2024-11-15
14372,P102,Home,1488,5,2025-09-14
14373,P111,Home,1212,2,2025-01-29
14374,P105,Grocery,1081,1,2025-06-24
14375,P100,Clothing,1941,2,2024-12-22
14376,P105,Grocery,1705,1,2026-04-18
14377,P114,Clothing,1103,5,2025-11-24
14378,P103,Home,414,5,2025-08-18
14379,P108,Sports,249,4,2024-10-06
14380,P112,Clothing,1388,1,2025-05-13
14381,P103,Home,1343,5,2025-03-05
14382,P105,Grocery,142,5,2024-05-10
14383,P109,Grocery,1131,4,2026-02-23
14384,P100,Clothing,1678,2,2025-12-03
14385,P105,Grocery,1525,2,2025-01-24
14386,P114,Clothing,654,5,2025-03-10
14387,P108,Sports,683,4,2026-02-28
14388,P108,Sports,206,4,2024-07-30
14389,P108,Sports,1100,4,2026-01-19
14390,P100,Clothing,1605,1,2024-11-12
14391,P112,Clothing,916,5,2024-06-22
14392,P109,Grocery,328,3,2024-08-17
14393,P102,Home,1113,3,2025-01-09
14394,P107,Grocery,1181,2,2024-12-19
14395,P114,Clothing,1339,1,2025-07-11
14396,P105,Grocery,1034,5,2024-12-04
14397,P100,Clothing,1003,5,2024-08-04
14398,P112,Clothing,697,2,2025-05-20
14399,P106,Electronics,504,4,2025-02-22
14400,P101,Electronics,579,1,2025-09-27
14401,P107,Grocery,1241,3,2025-01-13
14402,P113,Electronics,129,1,2025-05-14
14403,P114,Clothing,125,1,2025-01-09
14404,P107,Grocery,1408,1,2025-07-18
14405,P106,Electronics,1259,1,2026-01-18
14406,P102,Home,552,4,2025-10-10
14407,P102,Home,227,2,2025-06-04
14408,P106,Electronics,1149,1,2025-01-12
14409,P106,Electronics,182,5,2025-03-25
14410,P114,Clothing,667,4,2024-07-02
14411,P113,Electronics,119,5,2026-02-14
14412,P107,Grocery,1341,1,2024-09-28
14413,P108,Sports,1364,5,2025-01-27
14414,P108,Sports,303,5,2024-12-11
14415,P100,Clothing,203,2,2024-09-30
14416,P107,Grocery,562,1,2026-02-25
14417,P110,Grocery,1138,2,2024-10-06
14418,P109,Grocery,1364,4,2026-03-04
14419,P107,Grocery,616,5,2024-06-20
14420,P113,Electronics,1880,5,2026-03-11
14421,P113,Electronics,522,4,2024-06-14
14422,P113,Electronics,594,2,2024-09-23
14423,P105,Grocery,1887,5,2025-02-05
14424,P114,Clothing,717,3,2024-04-18
14425,P105,Grocery,1432,1,2025-08-04
14426,P101,Electronics,1369,2,2024-06-11
14427,P106,Electronics,1233,5,2025-07-16
14428,P102,Home,1955,4,2024-08-03
14429,P100,Clothing,698,3,2026-02-20
14430,P110,Grocery,604,4,2025-11-06
14431,P114,Clothing,245,3,2024-12-08
14432,P101,Electronics,292,4,2024-05-24
14433,P107,Grocery,1282,2,2024-10-02
14434,P106,Electronics,1752,5,2025-05-27
14435,P105,Grocery,1058,1,2024-07-02
14436,P103,Home,735,2,2025-07-27
14437,P106,Electronics,1008,4,2025-08-25
14438,P102,Home,1496,4,2025-04-03
14439,P101,Electronics,1404,3,2025-12-08
14440,P111,Home,1835,3,2024-08-18
14441,P106,Electronics,785,5,2025-10-17
14442,P106,Electronics,1054,4,2024-05-11
14443,P103,Home,1042,1,2025-11-16
14444,P100,Clothing,1502,3,2024-06-07
14445,P106,Electronics,1968,4,2024-07-08
14446,P111,Home,1625,3,2025-09-14
14447,P114,Clothing,1234,1,2025-02-17
14448,P100,Clothing,1513,3,2025-12-26
14449,P110,Grocery,1925,1,2024-05-15
14450,P109,Grocery,160,5,2025-11-25
14451,P112,Clothing,1741,4,2025-01-29
14452,P114,Clothing,565,3,2025-06-22
14453,P101,Electronics,1426,1,2024-07-03
14454,P109,Grocery,1648,2,2026-01-09
14455,P104,Grocery,1097,4,2024-12-03
14456,P101,Electronics,1292,3,2026-04-04
14457,P110,Grocery,1204,1,2025-03-30
14458,P105,Grocery,903,5,2024-07-22
14459,P103,Home,1400,2,2024-07-03
14460,P111,Home,247,5,2024-06-21
14461,P108,Sports,541,2,2024-12-01
14462,P110,Grocery,1784,2,2024-04-26
14463,P105,Grocery,977,3,2025-01-15
14464,P100,Clothing,2000,1,2025-01-07
14465,P104,Grocery,661,2,2025-12-23
14466,P111,Home,134,4,2024-07-18
14467,P105,Grocery,1122,5,2024-12-24
14468,P103,Home,231,3,2024-08-27
14469,P112,Clothing,689,1,2024-05-07
14470,P102,Home,1176,2,2024-09-13
14471,P107,Grocery,1260,3,2025-05-19
14472,P101,Electronics,423,2,2024-12-10
14473,P108,Sports,603,5,2025-03-25
14474,P109,Grocery,645,4,2024-10-28
14475,P112,Clothing,1334,2,2025-12-09
14476,P105,Grocery,715,3,2025-11-30
14477,P111,Home,917,3,2024-04-23
14478,P106,Electronics,771,3,2026-02-22
14479,P104,Grocery,482,5,2024-10-12
14480,P113,Electronics,1504,1,2025-06-22
14481,P101,Electronics,814,3,2024-05-26
14482,P105,Grocery,869,3,2026-01-16
14483,P106,Electronics,1784,3,2026-03-12
14484,P103,Home,1437,5,2025-03-14
14485,P111,Home,1573,1,2025-05-09
14486,P105,Grocery,864,4,2024-06-05
14487,P109,Grocery,248,5,2024-09-26
14488,P106,Electronics,529,4,2026-01-28
14489,P103,Home,1997,3,2025-07-08
14490,P110,Grocery,914,4,2025-10-02
14491,P109,Grocery,334,2,2024-09-17
14492,P114,Clothing,1555,3,2025-10-14
14493,P105,Grocery,1844,1,2025-03-25
14494,P101,Electronics,130,5,2025-07-14
14495,P103,Home,1950,5,2024-10-29
14496,P104,Grocery,1115,4,2026-02-09
14497,P109,Grocery,362,1,2024-08-03
14498,P109,Grocery,1359,1,2025-04-20
14499,P105,Grocery,1007,3,2024-05-29
14500,P102,Home,458,4,2026-04-06
14501,P112,Clothing,770,5,2026-01-25
14502,P104,Grocery,892,5,2025-08-17
14503,P111,Home,1408,1,2024-09-18
14504,P114,Clothing,1394,5,2025-02-18
14505,P105,Grocery,802,2,2025-04-25
14506,P107,Grocery,507,1,2025-01-14
14507,P104,Grocery,976,5,2026-01-04
14508,P113,Electronics,1680,1,2024-10-31
14509,P102,Home,462,3,2024-07-26
14510,P113,Electronics,945,2,2025-07-21
14511,P109,Grocery,1445,4,2024-12-30
14512,P104,Grocery,1198,2,2025-09-10
14513,P112,Clothing,1037,1,2025-05-23
14514,P103,Home,1844,5,2024-05-12
14515,P108,Sports,468,2,2024-11-03
14516,P113,Electronics,372,4,2024-09-03
14517,P106,Electronics,780,1,2025-09-25
14518,P101,Electronics,118,4,2025-06-28
14519,P112,Clothing,497,4,2024-10-10
14520,P100,Clothing,1343,1,2025-10-16
14521,P103,Home,1222,2,2025-09-23
14522,P101,Electronics,1547,3,2024-05-06
14523,P110,Grocery,1189,5,2026-03-29
14524,P108,Sports,1049,5,2025-03-19
14525,P100,Clothing,152,1,2025-03-13
14526,P111,Home,1719,5,2025-11-01
14527,P108,Sports,1044,5,2025-06-09
14528,P100,Clothing,1769,3,2024-05-02
14529,P102,Home,1847,2,2026-02-04
14530,P114,Clothing,1333,2,2025-10-18
14531,P113,Electronics,414,5,2025-03-06
14532,P114,Clothing,1458,1,2025-02-25
14533,P108,Sports,178,2,2025-11-11
14534,P114,Clothing,911,4,2025-10-09
14535,P105,Grocery,439,3,2025-09-02
14536,P114,Clothing,305,1,2024-08-13
14537,P114,Clothing,1976,3,2024-08-13
14538,P113,Electronics,676,1,2024-05-07
14539,P111,Home,1462,3,2025-03-28
14540,P114,Clothing,500,4,2025-07-01
14541,P110,Grocery,224,5,2025-09-02
14542,P105,Grocery,110,3,2025-06-06
14543,P112,Clothing,1867,5,2024-11-19
14544,P104,Grocery,736,3,2024-11-16
14545,P103,Home,1293,5,2026-03-17
14546,P107,Grocery,272,3,2024-09-24
14547,P113,Electronics,1844,5,2026-04-08
14548,P105,Grocery,979,1,2025-09-04
14549,P106,Electronics,1581,4,2024-05-04
14550,P103,Home,1371,4,2024-09-12
14551,P114,Clothing,812,4,2025-11-06
14552,P105,Grocery,1548,4,2025-02-10
14553,P104,Grocery,907,3,2024-08-02
14554,P111,Home,840,3,2024-07-17
14555,P100,Clothing,175,3,2025-10-30
14556,P107,Grocery,503,5,2025-07-30
14557,P103,Home,1262,2,2025-06-13
14558,P104,Grocery,1218,2,2025-03-02
14559,P109,Grocery,1387,1,2025-07-03
14560,P108,Sports,1422,5,2026-01-11
14561,P108,Sports,894,1,2026-01-10
14562,P108,Sports,1325,5,2025-01-06
14563,P104,Grocery,1341,1,2025-11-13
14564,P110,Grocery,1224,2,2025-08-06
14565,P111,Home,773,4,2026-02-17
14566,P111,Home,1762,1,2025-08-12
14567,P112,Clothing,1538,3,2026-01-27
14568,P111,Home,1056,4,2025-04-01
14569,P102,Home,1021,3,2024-08-22
14570,P102,Home,638,2,2025-09-04
14571,P104,Grocery,421,4,2025-07-28
14572,P114,Clothing,988,2,2025-10-13
14573,P101,Electronics,1365,3,2024-10-22
14574,P114,Clothing,827,4,2024-07-25
14575,P111,Home,1244,4,2025-08-17
14576,P112,Clothing,1286,5,2024-10-14
14577,P103,Home,1887,2,2025-04-17
14578,P101,Electronics,818,1,2025-05-27
14579,P103,Home,1029,1,2026-03-26
14580,P110,Grocery,993,4,2024-08-08
14581,P103,Home,954,4,2025-07-13
14582,P108,Sports,810,1,2024-06-29
14583,P100,Clothing,1605,5,2025-02-12
14584,P101,Electronics,215,1,2025-10-05
14585,P105,Grocery,751,4,2025-08-05
14586,P104,Grocery,609,3,2025-12-02
14587,P103,Home,1193,2,2024-11-24
14588,P109,Grocery,1553,1,2026-02-09
14589,P109,Grocery,750,1,2024-08-06
14590,P106,Electronics,1735,4,2025-09-21
14591,P109,Grocery,1849,2,2026-02-22
14592,P107,Grocery,1490,4,2024-11-07
14593,P107,Grocery,1292,1,2024-10-19
14594,P101,Electronics,1536,1,2024-11-08
14595,P107,Grocery,855,5,2025-10-12
14596,P102,Home,1443,3,2025-04-07
14597,P107,Grocery,270,3,2026-02-08
14598,P112,Clothing,1722,1,2024-12-21
14599,P103,Home,839,5,2024-06-24
14600,P104,Grocery,1335,4,2025-11-23
14601,P103,Home,168,2,2025-05-12
14602,P106,Electronics,961,1,2025-09-17
14603,P108,Sports,477,3,2026-01-05
14604,P111,Home,1863,2,2024-07-11
14605,P103,Home,649,5,2024-10-19
14606,P111,Home,797,5,2025-07-16
14607,P108,Sports,1495,4,2025-05-05
14608,P108,Sports,918,3,2024-11-18
14609,P106,Electronics,1073,2,2024-11-12
14610,P100,Clothing,1024,3,2025-04-06
14611,P102,Home,608,1,2025-06-27
14612,P113,Electronics,1090,2,2025-11-01
14613,P113,Electronics,803,1,2025-02-27
14614,P114,Clothing,123,4,2024-12-29
14615,P114,Clothing,1277,2,2025-06-19
14616,P107,Grocery,651,2,2025-03-26
14617,P107,Grocery,509,2,2024-12-03
14618,P112,Clothing,1959,3,2025-11-03
14619,P110,Grocery,977,2,2025-01-11
14620,P114,Clothing,565,3,2025-10-23
14621,P110,Grocery,657,2,2024-12-11
14622,P101,Electronics,868,4,2024-06-21
14623,P110,Grocery,1842,2,2024-10-02
14624,P109,Grocery,1896,2,2024-06-27
14625,P111,Home,1320,4,2025-03-11
14626,P110,Grocery,810,5,2024-04-29
14627,P114,Clothing,1558,5,2024-08-06
14628,P112,Clothing,1474,3,2025-11-15
14629,P113,Electronics,118,1,2026-01-15
14630,P102,Home,1661,4,2025-03-18
14631,P110,Grocery,316,3,2026-04-01
14632,P103,Home,789,2,2025-03-23
14633,P110,Grocery,1551,4,2025-06-08
14634,P108,Sports,1062,1,2024-09-18
14635,P103,Home,1808,2,2024-09-03
14636,P104,Grocery,465,1,2026-02-15
14637,P113,Electronics,1802,2,2026-02-09
14638,P112,Clothing,1347,1,2025-11-28
14639,P114,Clothing,984,4,2025-07-12
14640,P103,Home,1836,1,2024-06-26
14641,P102,Home,1632,4,2025-01-08
14642,P105,Grocery,269,4,2024-10-29
14643,P105,Grocery,481,2,2025-11-30
14644,P106,Electronics,670,3,2024-05-05
14645,P100,Clothing,1782,3,2025-08-11
14646,P110,Grocery,1148,5,2025-04-02
14647,P112,Clothing,1139,3,2024-11-11
14648,P106,Electronics,196,2,2026-01-03
14649,P110,Grocery,743,1,2025-05-28
14650,P102,Home,1195,3,2024-05-01
14651,P106,Electronics,1990,3,2024-10-19
14652,P101,Electronics,677,5,2025-03-23
14653,P110,Grocery,1697,5,2025-02-20
14654,P106,Electronics,1284,1,2025-02-20
14655,P100,Clothing,1889,4,2025-09-13
14656,P101,Electronics,886,1,2025-03-02
14657,P114,Clothing,1522,1,2025-06-02
14658,P100,Clothing,1892,1,2025-01-10
14659,P104,Grocery,1738,1,2025-03-12
14660,P106,Electronics,653,5,2025-01-02
14661,P113,Electronics,1608,4,2025-11-06
14662,P108,Sports,522,2,2026-01-24
14663,P103,Home,1074,1,2025-04-23
14664,P112,Clothing,703,2,2024-08-27
14665,P107,Grocery,396,5,2025-10-22
14666,P105,Grocery,753,3,2025-07-21
14667,P111,Home,1826,5,2025-11-05
14668,P110,Grocery,1460,5,2025-03-24
14669,P114,Clothing,620,1,2025-09-22
14670,P107,Grocery,1499,5,2024-09-10
14671,P103,Home,1650,2,2025-07-16
14672,P105,Grocery,1014,1,2025-08-20
14673,P112,Clothing,774,3,2024-09-18
14674,P113,Electronics,566,3,2025-08-07
14675,P113,Electronics,487,2,2025-07-12
14676,P107,Grocery,1401,1,2025-12-05
14677,P101,Electronics,687,5,2025-12-30
14678,P109,Grocery,691,3,2025-01-23
14679,P100,Clothing,251,3,2024-12-26
14680,P102,Home,1149,3,2026-01-29
14681,P106,Electronics,1781,4,2025-02-01
14682,P107,Grocery,1215,3,2026-03-21
14683,P107,Grocery,214,2,2024-10-21
14684,P114,Clothing,1760,2,2024-05-25
14685,P110,Grocery,868,2,2025-11-21
14686,P100,Clothing,961,2,2025-12-23
14687,P107,Grocery,1450,4,2024-12-04
14688,P110,Grocery,969,5,2024-11-29
14689,P106,Electronics,159,1,2025-02-07
14690,P104,Grocery,667,5,2024-06-01
14691,P107,Grocery,1257,2,2026-02-14
14692,P100,Clothing,524,5,2026-04-04
14693,P101,Electronics,690,4,2025-05-02
14694,P110,Grocery,1785,1,2024-08-10
14695,P108,Sports,468,3,2024-12-16
14696,P103,Home,1370,5,2025-01-02
14697,P110,Grocery,1565,4,2026-01-01
14698,P100,Clothing,1583,2,2025-04-27
14699,P102,Home,891,5,2025-01-22
14700,P101,Electronics,1541,4,2025-03-28
14701,P112,Clothing,1950,3,2024-10-24
14702,P103,Home,1440,3,2026-01-02
14703,P110,Grocery,643,3,2024-08-05
14704,P104,Grocery,497,3,2025-08-05
14705,P114,Clothing,361,1,2025-05-04
14706,P105,Grocery,349,5,2024-11-23
14707,P100,Clothing,455,3,2024-08-11
14708,P100,Clothing,1191,5,2024-05-01
14709,P108,Sports,945,3,2026-01-12
14710,P112,Clothing,1256,3,2025-12-16
14711,P100,Clothing,137,4,2025-08-26
14712,P106,Electronics,535,1,2025-12-09
14713,P109,Grocery,1978,1,2025-10-10
14714,P114,Clothing,417,2,2025-03-23
14715,P106,Electronics,1649,4,2025-07-20
14716,P103,Home,255,5,2026-03-22
14717,P107,Grocery,1405,3,2024-05-24
14718,P113,Electronics,666,3,2026-01-30
14719,P103,Home,798,2,2025-08-05
14720,P112,Clothing,924,4,2024-12-01
14721,P110,Grocery,896,1,2025-07-29
14722,P101,Electronics,1867,4,2026-01-01
14723,P112,Clothing,479,2,2024-12-02
14724,P109,Grocery,1791,2,2025-03-13
14725,P113,Electronics,966,4,2026-03-09
14726,P112,Clothing,612,2,2024-10-07
14727,P105,Grocery,701,1,2026-02-25
14728,P113,Electronics,693,2,2025-09-05
14729,P100,Clothing,557,5,2025-08-18
14730,P112,Clothing,1039,3,2025-09-15
14731,P112,Clothing,851,5,2026-02-19
14732,P109,Grocery,287,4,2025-08-17
14733,P111,Home,1371,2,2026-03-17
14734,P101,Electronics,782,3,2024-07-05
14735,P103,Home,1305,4,2025-03-11
14736,P108,Sports,954,5,2024-09-02
14737,P103,Home,1926,1,2025-10-31
14738,P109,Grocery,1239,5,2025-02-07
14739,P100,Clothing,409,4,2026-01-28
14740,P112,Clothing,1695,5,2026-02-21
14741,P101,Electronics,1412,2,2024-06-19
14742,P112,Clothing,814,2,2025-09-01
14743,P103,Home,1347,4,2025-07-06
14744,P100,Clothing,1833,4,2024-05-03
14745,P112,Clothing,1695,1,2025-04-08
14746,P108,Sports,1147,2,2025-03-30
14747,P108,Sports,1869,3,2024-08-15
14748,P107,Grocery,108,4,2025-05-09
14749,P102,Home,1826,3,2024-09-04
14750,P102,Home,1662,5,2024-12-16
14751,P100,Clothing,1836,2,2024-06-21
14752,P106,Electronics,1618,4,2025-08-24
14753,P101,Electronics,1784,3,2025-08-12
14754,P105,Grocery,708,1,2024-12-27
14755,P100,Clothing,708,1,2024-11-29
14756,P104,Grocery,1756,5,2025-10-20
14757,P100,Clothing,1178,1,2025-03-05
14758,P102,Home,1607,3,2025-01-05
14759,P100,Clothing,1904,1,2025-05-30
14760,P100,Clothing,486,1,2025-05-19
14761,P104,Grocery,1809,5,2024-04-22
14762,P107,Grocery,970,4,2025-06-28
14763,P111,Home,1425,1,2025-12-08
14764,P107,Grocery,1105,5,2026-02-28
14765,P105,Grocery,1684,3,2024-12-13
14766,P108,Sports,1458,2,2025-07-16
14767,P105,Grocery,463,5,2025-01-07
14768,P112,Clothing,350,5,2024-11-19
14769,P105,Grocery,784,1,2024-05-23
14770,P102,Home,492,2,2025-09-13
14771,P111,Home,1723,4,2025-03-22
14772,P109,Grocery,880,3,2024-06-26
14773,P109,Grocery,220,3,2025-09-20
14774,P101,Electronics,576,1,2024-07-28
14775,P113,Electronics,362,1,2025-03-12
14776,P106,Electronics,320,1,2025-06-04
14777,P106,Electronics,1519,3,2026-03-28
14778,P110,Grocery,921,5,2026-01-31
14779,P101,Electronics,1636,3,2024-12-06
14780,P105,Grocery,1615,4,2025-08-21
14781,P101,Electronics,1042,4,2025-06-10
14782,P101,Electronics,1479,3,2024-07-26
14783,P104,Grocery,614,5,2024-11-28
14784,P100,Clothing,1438,3,2026-03-07
14785,P105,Grocery,1243,5,2025-07-23
14786,P112,Clothing,271,5,2026-03-05
14787,P110,Grocery,1378,1,2025-05-23
14788,P105,Grocery,623,2,2025-06-17
14789,P113,Electronics,1600,2,2024-08-11
14790,P112,Clothing,1919,2,2024-12-22
14791,P101,Electronics,661,2,2025-10-25
14792,P100,Clothing,1159,1,2025-08-09
14793,P109,Grocery,798,4,2024-09-30
14794,P105,Grocery,820,2,2024-04-20
14795,P100,Clothing,1246,5,2025-04-01
14796,P102,Home,571,5,2025-02-23
14797,P112,Clothing,167,1,2025-09-03
14798,P111,Home,437,2,2025-04-29
14799,P114,Clothing,462,3,2026-02-12
14800,P113,Electronics,1996,1,2025-05-20
14801,P114,Clothing,1298,1,2026-02-08
14802,P102,Home,793,3,2024-05-08
14803,P108,Sports,685,2,2024-12-16
14804,P102,Home,1571,3,2025-05-03
14805,P112,Clothing,507,2,2025-09-03
14806,P102,Home,776,5,2025-12-19
14807,P114,Clothing,1129,5,2025-09-28
14808,P102,Home,1672,4,2025-04-14
14809,P107,Grocery,810,4,2024-12-09
14810,P108,Sports,996,4,2025-04-09
14811,P111,Home,845,2,2025-09-15
14812,P111,Home,1630,4,2024-07-28
14813,P103,Home,1016,5,2024-06-30
14814,P101,Electronics,1900,5,2025-04-16
14815,P108,Sports,883,2,2024-05-29
14816,P104,Grocery,724,2,2024-04-21
14817,P102,Home,610,4,2024-12-07
14818,P112,Clothing,1519,2,2024-09-01
14819,P114,Clothing,1288,2,2024-04-29
14820,P114,Clothing,1487,1,2024-09-28
14821,P100,Clothing,1143,4,2025-04-03
14822,P105,Grocery,1956,5,2024-11-10
14823,P104,Grocery,1561,5,2024-10-08
14824,P102,Home,965,4,2025-04-29
14825,P104,Grocery,1834,3,2026-04-14
14826,P114,Clothing,1326,4,2025-10-06
14827,P107,Grocery,538,2,2026-01-20
14828,P110,Grocery,824,5,2025-01-19
14829,P111,Home,304,1,2025-08-04
14830,P112,Clothing,1242,3,2025-05-10
14831,P107,Grocery,855,3,2024-08-05
14832,P103,Home,770,4,2025-12-07
14833,P107,Grocery,390,3,2024-11-09
14834,P109,Grocery,1426,1,2024-09-30
14835,P101,Electronics,1267,1,2025-07-16
14836,P103,Home,162,1,2025-12-30
14837,P111,Home,780,2,2025-01-19
14838,P110,Grocery,1238,4,2025-11-08
14839,P114,Clothing,325,3,2025-09-28
14840,P111,Home,1700,5,2026-02-26
14841,P103,Home,125,4,2025-02-24
14842,P101,Electronics,1044,2,2025-01-12
14843,P100,Clothing,292,2,2025-11-10
14844,P105,Grocery,1470,5,2026-01-27
14845,P102,Home,1255,1,2024-08-07
14846,P111,Home,222,3,2026-04-05
14847,P113,Electronics,196,3,2025-03-17
14848,P107,Grocery,732,5,2025-01-09
14849,P112,Clothing,1971,5,2025-12-14
14850,P100,Clothing,1280,2,2024-07-25
14851,P110,Grocery,914,3,2025-06-22
14852,P101,Electronics,1139,1,2026-01-11
14853,P105,Grocery,1349,3,2024-12-11
14854,P106,Electronics,1286,2,2024-09-13
14855,P100,Clothing,220,3,2025-12-15
14856,P102,Home,934,1,2024-07-29
14857,P101,Electronics,942,5,2025-05-13
14858,P101,Electronics,1870,5,2024-08-06
14859,P109,Grocery,862,5,2025-01-02
14860,P112,Clothing,1212,1,2024-06-28
14861,P114,Clothing,1505,1,2025-09-04
14862,P114,Clothing,1040,1,2025-11-17
14863,P111,Home,1849,2,2024-07-01
14864,P107,Grocery,722,3,2025-09-15
14865,P114,Clothing,1314,4,2025-10-12
14866,P109,Grocery,1604,1,2024-08-09
14867,P105,Grocery,331,1,2024-07-15
14868,P114,Clothing,1456,4,2024-08-21
14869,P112,Clothing,664,1,2026-01-27
14870,P114,Clothing,1561,4,2024-11-21
14871,P112,Clothing,1951,2,2025-06-14
14872,P113,Electronics,944,3,2025-03-05
14873,P111,Home,739,5,2025-09-19
14874,P106,Electronics,1147,2,2025-08-31
14875,P102,Home,1395,1,2025-08-17
14876,P103,Home,946,5,2026-02-25
14877,P110,Grocery,124,4,2024-08-02
14878,P106,Electronics,1537,4,2025-06-13
14879,P105,Grocery,674,3,2026-03-08
14880,P105,Grocery,247,2,2025-06-02
14881,P104,Grocery,853,4,2024-07-11
14882,P113,Electronics,297,1,2025-02-14
14883,P100,Clothing,1139,3,2024-06-21
14884,P112,Clothing,703,1,2026-01-15
14885,P106,Electronics,667,1,2025-02-18
14886,P100,Clothing,183,5,2024-08-18
14887,P103,Home,755,4,2024-08-19
14888,P103,Home,128,3,2026-01-25
14889,P110,Grocery,850,4,2024-09-25
14890,P109,Grocery,1992,2,2025-01-14
14891,P108,Sports,1049,4,2025-09-06
14892,P102,Home,1252,5,2025-11-23
14893,P101,Electronics,1335,5,2024-06-21
14894,P110,Grocery,936,3,2025-12-26
14895,P106,Electronics,1491,2,2025-04-19
14896,P101,Electronics,1764,1,2024-05-16
14897,P114,Clothing,1412,1,2024-09-15
14898,P113,Electronics,780,4,2025-11-24
14899,P108,Sports,966,1,2026-01-18
14900,P104,Grocery,164,5,2025-03-24
14901,P102,Home,507,1,2026-04-16
14902,P105,Grocery,1561,5,2024-10-30
14903,P104,Grocery,794,5,2026-03-03
14904,P108,Sports,1001,4,2025-09-14
14905,P113,Electronics,1657,5,2024-11-28
14906,P103,Home,1647,4,2024-11-30
14907,P101,Electronics,1489,3,2025-02-18
14908,P107,Grocery,1044,2,2025-12-16
14909,P103,Home,361,4,2026-01-13
14910,P102,Home,1853,5,2025-09-01
14911,P109,Grocery,1298,5,2025-05-07
14912,P102,Home,339,2,2025-07-31
14913,P106,Electronics,499,4,2025-01-08
14914,P113,Electronics,664,5,2025-10-08
14915,P100,Clothing,650,1,2025-05-23
14916,P114,Clothing,298,1,2024-08-06
14917,P109,Grocery,205,5,2026-03-09
14918,P108,Sports,617,4,2025-03-30
14919,P113,Electronics,1117,3,2024-06-14
14920,P106,Electronics,635,5,2025-10-04
14921,P112,Clothing,1845,4,2025-06-05
14922,P114,Clothing,438,1,2025-12-25
14923,P111,Home,1111,2,2026-03-17
14924,P112,Clothing,1781,5,2025-03-08
14925,P110,Grocery,549,5,2024-12-01
14926,P100,Clothing,682,2,2025-03-19
14927,P102,Home,1117,3,2024-07-25
14928,P103,Home,1634,5,2026-02-10
14929,P100,Clothing,1900,3,2025-09-10
14930,P102,Home,652,2,2024-04-25
14931,P103,Home,183,3,2025-06-27
14932,P108,Sports,126,5,2025-04-02
14933,P107,Grocery,296,5,2025-04-14
14934,P103,Home,714,4,2024-10-10
14935,P108,Sports,1380,4,2025-06-02
14936,P106,Electronics,838,4,2025-01-11
14937,P111,Home,191,3,2025-03-09
14938,P101,Electronics,546,1,2025-09-22
14939,P110,Grocery,914,3,2026-02-07
14940,P108,Sports,931,4,2025-04-07
14941,P109,Grocery,793,2,2026-01-10
14942,P114,Clothing,426,2,2024-07-14
14943,P100,Clothing,1110,3,2025-07-13
14944,P104,Grocery,1301,1,2024-04-28
14945,P109,Grocery,1826,3,2024-08-15
14946,P106,Electronics,1735,1,2025-11-13
14947,P110,Grocery,405,5,2026-04-09
14948,P107,Grocery,1163,4,2024-05-23
14949,P114,Clothing,127,1,2024-09-14
14950,P112,Clothing,615,3,2024-12-22
14951,P102,Home,492,4,2024-11-05
14952,P109,Grocery,1297,1,2024-10-25
14953,P104,Grocery,962,1,2024-06-10
14954,P100,Clothing,1266,3,2025-10-02
14955,P114,Clothing,1859,5,2025-02-19
14956,P110,Grocery,1464,5,2025-06-13
14957,P107,Grocery,1375,5,2025-01-07
14958,P114,Clothing,916,2,2025-09-09
14959,P107,Grocery,928,1,2024-06-26
14960,P101,Electronics,847,4,2025-06-25
14961,P114,Clothing,1259,1,2025-01-22
14962,P106,Electronics,1574,3,2026-01-21
14963,P102,Home,1468,3,2025-07-17
14964,P101,Electronics,1238,3,2024-08-31
14965,P109,Grocery,216,1,2024-10-01
14966,P107,Grocery,221,2,2026-02-27
14967,P112,Clothing,1618,3,2026-02-12
14968,P105,Grocery,663,1,2025-01-05
14969,P110,Grocery,361,2,2024-08-12
14970,P109,Grocery,1817,3,2026-03-27
14971,P104,Grocery,453,3,2025-05-06
14972,P100,Clothing,1802,4,2025-12-07
14973,P108,Sports,302,4,2025-03-27
14974,P107,Grocery,331,3,2024-12-03
14975,P102,Home,234,1,2025-06-02
14976,P111,Home,1804,1,2025-02-25
14977,P101,Electronics,1259,3,2025-11-08
14978,P103,Home,133,3,2026-02-18
14979,P100,Clothing,1042,1,2024-07-25
14980,P114,Clothing,532,3,2025-06-18
14981,P113,Electronics,1159,1,2026-03-08
14982,P112,Clothing,1850,5,2024-11-12
14983,P113,Electronics,1194,2,2024-10-23
14984,P104,Grocery,1859,4,2026-01-13
14985,P107,Grocery,325,3,2025-04-14
14986,P105,Grocery,1840,2,2025-11-08
14987,P109,Grocery,1157,4,2024-10-21
14988,P107,Grocery,1153,1,2024-09-12
14989,P103,Home,880,2,2024-11-02
14990,P101,Electronics,663,3,2026-02-21
14991,P107,Grocery,1926,3,2025-06-02
14992,P105,Grocery,463,4,2024-09-28
14993,P105,Grocery,327,4,2024-09-06
14994,P103,Home,1589,4,2026-02-28
14995,P105,Grocery,1361,1,2024-07-19
14996,P107,Grocery,1252,3,2025-06-19
14997,P109,Grocery,613,2,2025-07-26
14998,P106,Electronics,1575,3,2025-07-25
14999,P107,Grocery,630,2,2025-04-14
15000,P113,Electronics,1342,2,2025-02-27
